# Blender 5.1.1
# www.blender.org
mtllib office_west.mtl
o BAKE_west
v 0.250000 6.250000 0.000000
v 0.250000 6.250000 0.400000
v 0.250000 6.650000 0.000000
v 0.250000 6.650000 0.400000
v 0.850000 6.250000 0.000000
v 0.850000 6.250000 0.400000
v 0.850000 6.650000 0.000000
v 0.850000 6.650000 0.400000
v 0.250000 6.250000 0.400000
v 0.250000 6.250000 0.800000
v 0.250000 6.650000 0.400000
v 0.250000 6.650000 0.800000
v 0.850000 6.250000 0.400000
v 0.850000 6.250000 0.800000
v 0.850000 6.650000 0.400000
v 0.850000 6.650000 0.800000
v 0.615000 1.787500 0.000000
v 0.615000 1.787500 0.700000
v 0.575000 1.787500 0.000000
v 0.575000 1.787500 0.700000
v 0.615000 1.827500 0.000000
v 0.615000 1.827500 0.700000
v 0.575000 1.827500 0.000000
v 0.575000 1.827500 0.700000
v 0.065000 1.787500 0.000000
v 0.065000 1.787500 0.700000
v 0.025000 1.787500 0.000000
v 0.025000 1.787500 0.700000
v 0.065000 1.827500 0.000000
v 0.065000 1.827500 0.700000
v 0.025000 1.827500 0.000000
v 0.025000 1.827500 0.700000
v 0.615000 3.172500 0.000000
v 0.615000 3.172500 0.700000
v 0.575000 3.172500 0.000000
v 0.575000 3.172500 0.700000
v 0.615000 3.212500 0.000000
v 0.615000 3.212500 0.700000
v 0.575000 3.212500 0.000000
v 0.575000 3.212500 0.700000
v 0.065000 3.172500 0.000000
v 0.065000 3.172500 0.700000
v 0.025000 3.172500 0.000000
v 0.025000 3.172500 0.700000
v 0.065000 3.212500 0.000000
v 0.065000 3.212500 0.700000
v 0.025000 3.212500 0.000000
v 0.025000 3.212500 0.700000
v 0.033000 1.777500 0.700000
v 0.033000 1.777500 1.210000
v 0.015000 1.777500 0.700000
v 0.015000 1.777500 1.210000
v 0.033000 3.222500 0.700000
v 0.033000 3.222500 1.210000
v 0.015000 3.222500 0.700000
v 0.015000 3.222500 1.210000
v 0.070000 1.777500 0.700000
v 0.070000 1.777500 1.210000
v 0.040000 1.777500 0.700000
v 0.040000 1.777500 1.210000
v 0.070000 1.807500 0.700000
v 0.070000 1.807500 1.210000
v 0.040000 1.807500 0.700000
v 0.040000 1.807500 1.210000
v 0.070000 3.192500 0.700000
v 0.070000 3.192500 1.210000
v 0.040000 3.192500 0.700000
v 0.040000 3.192500 1.210000
v 0.070000 3.222500 0.700000
v 0.070000 3.222500 1.210000
v 0.040000 3.222500 0.700000
v 0.040000 3.222500 1.210000
v 0.595000 1.817500 0.130000
v 0.595000 1.817500 0.180000
v 0.565000 1.817500 0.130000
v 0.565000 1.817500 0.180000
v 0.595000 3.182500 0.130000
v 0.595000 3.182500 0.180000
v 0.565000 3.182500 0.130000
v 0.565000 3.182500 0.180000
v 0.075000 1.817500 0.130000
v 0.075000 1.817500 0.180000
v 0.045000 1.817500 0.130000
v 0.045000 1.817500 0.180000
v 0.075000 3.182500 0.130000
v 0.075000 3.182500 0.180000
v 0.045000 3.182500 0.130000
v 0.045000 3.182500 0.180000
v 0.585000 1.827500 0.170000
v 0.585000 1.827500 0.190000
v 0.055000 1.827500 0.170000
v 0.055000 1.827500 0.190000
v 0.585000 3.172500 0.170000
v 0.585000 3.172500 0.190000
v 0.055000 3.172500 0.170000
v 0.055000 3.172500 0.190000
v 0.625000 1.777500 0.670000
v 0.625000 1.777500 0.700000
v 0.015000 1.777500 0.670000
v 0.015000 1.777500 0.700000
v 0.625000 3.222500 0.670000
v 0.625000 3.222500 0.700000
v 0.015000 3.222500 0.670000
v 0.015000 3.222500 0.700000
v 0.625000 3.267500 0.000000
v 0.625000 3.267500 0.700000
v 0.585000 3.267500 0.000000
v 0.585000 3.267500 0.700000
v 0.625000 3.307500 0.000000
v 0.625000 3.307500 0.700000
v 0.585000 3.307500 0.000000
v 0.585000 3.307500 0.700000
v 0.075000 3.267500 0.000000
v 0.075000 3.267500 0.700000
v 0.035000 3.267500 0.000000
v 0.035000 3.267500 0.700000
v 0.075000 3.307500 0.000000
v 0.075000 3.307500 0.700000
v 0.035000 3.307500 0.000000
v 0.035000 3.307500 0.700000
v 0.625000 4.652500 0.000000
v 0.625000 4.652500 0.700000
v 0.585000 4.652500 0.000000
v 0.585000 4.652500 0.700000
v 0.625000 4.692500 0.000000
v 0.625000 4.692500 0.700000
v 0.585000 4.692500 0.000000
v 0.585000 4.692500 0.700000
v 0.075000 4.652500 0.000000
v 0.075000 4.652500 0.700000
v 0.035000 4.652500 0.000000
v 0.035000 4.652500 0.700000
v 0.075000 4.692500 0.000000
v 0.075000 4.692500 0.700000
v 0.035000 4.692500 0.000000
v 0.035000 4.692500 0.700000
v 0.043000 3.257500 0.700000
v 0.043000 3.257500 1.210000
v 0.025000 3.257500 0.700000
v 0.025000 3.257500 1.210000
v 0.043000 4.702500 0.700000
v 0.043000 4.702500 1.210000
v 0.025000 4.702500 0.700000
v 0.025000 4.702500 1.210000
v 0.080000 3.257500 0.700000
v 0.080000 3.257500 1.210000
v 0.050000 3.257500 0.700000
v 0.050000 3.257500 1.210000
v 0.080000 3.287500 0.700000
v 0.080000 3.287500 1.210000
v 0.050000 3.287500 0.700000
v 0.050000 3.287500 1.210000
v 0.080000 4.672500 0.700000
v 0.080000 4.672500 1.210000
v 0.050000 4.672500 0.700000
v 0.050000 4.672500 1.210000
v 0.080000 4.702500 0.700000
v 0.080000 4.702500 1.210000
v 0.050000 4.702500 0.700000
v 0.050000 4.702500 1.210000
v 0.605000 3.297500 0.130000
v 0.605000 3.297500 0.180000
v 0.575000 3.297500 0.130000
v 0.575000 3.297500 0.180000
v 0.605000 4.662500 0.130000
v 0.605000 4.662500 0.180000
v 0.575000 4.662500 0.130000
v 0.575000 4.662500 0.180000
v 0.085000 3.297500 0.130000
v 0.085000 3.297500 0.180000
v 0.055000 3.297500 0.130000
v 0.055000 3.297500 0.180000
v 0.085000 4.662500 0.130000
v 0.085000 4.662500 0.180000
v 0.055000 4.662500 0.130000
v 0.055000 4.662500 0.180000
v 0.595000 3.307500 0.170000
v 0.595000 3.307500 0.190000
v 0.065000 3.307500 0.170000
v 0.065000 3.307500 0.190000
v 0.595000 4.652500 0.170000
v 0.595000 4.652500 0.190000
v 0.065000 4.652500 0.170000
v 0.065000 4.652500 0.190000
v 0.635000 3.257500 0.670000
v 0.635000 3.257500 0.700000
v 0.025000 3.257500 0.670000
v 0.025000 3.257500 0.700000
v 0.635000 4.702500 0.670000
v 0.635000 4.702500 0.700000
v 0.025000 4.702500 0.670000
v 0.025000 4.702500 0.700000
v 0.554500 4.740000 0.095000
v 0.554500 4.740000 0.715000
v 0.114500 4.740000 0.095000
v 0.114500 4.740000 0.715000
v 0.554500 5.420000 0.095000
v 0.554500 5.420000 0.715000
v 0.114500 5.420000 0.095000
v 0.114500 5.420000 0.715000
v 0.524500 4.780000 0.100000
v 0.524500 4.780000 0.240000
v 0.124500 4.780000 0.100000
v 0.124500 4.780000 0.240000
v 0.524500 5.380000 0.100000
v 0.524500 5.380000 0.240000
v 0.124500 5.380000 0.100000
v 0.124500 5.380000 0.240000
v 0.449500 4.795000 0.045000
v 0.449500 4.825000 0.045000
v 0.452925 4.795000 0.027779
v 0.452925 4.825000 0.027779
v 0.462680 4.795000 0.013180
v 0.462680 4.825000 0.013180
v 0.477279 4.795000 0.003426
v 0.477279 4.825000 0.003425
v 0.494500 4.795000 0.000000
v 0.494500 4.825000 0.000000
v 0.511721 4.795000 0.003426
v 0.511721 4.825000 0.003425
v 0.526320 4.795000 0.013180
v 0.526320 4.825000 0.013180
v 0.536075 4.795000 0.027779
v 0.536075 4.825000 0.027779
v 0.539500 4.795000 0.045000
v 0.539500 4.825000 0.045000
v 0.536075 4.795000 0.062221
v 0.536075 4.825000 0.062221
v 0.526320 4.795000 0.076820
v 0.526320 4.825000 0.076820
v 0.511721 4.795000 0.086575
v 0.511721 4.825000 0.086575
v 0.494500 4.795000 0.090000
v 0.494500 4.825000 0.090000
v 0.477279 4.795000 0.086575
v 0.477279 4.825000 0.086575
v 0.462680 4.795000 0.076820
v 0.462680 4.825000 0.076820
v 0.452925 4.795000 0.062221
v 0.452925 4.825000 0.062221
v 0.129500 4.795000 0.045000
v 0.129500 4.825000 0.045000
v 0.132925 4.795000 0.027779
v 0.132925 4.825000 0.027779
v 0.142680 4.795000 0.013180
v 0.142680 4.825000 0.013180
v 0.157279 4.795000 0.003426
v 0.157279 4.825000 0.003425
v 0.174500 4.795000 0.000000
v 0.174500 4.825000 0.000000
v 0.191721 4.795000 0.003426
v 0.191721 4.825000 0.003425
v 0.206320 4.795000 0.013180
v 0.206320 4.825000 0.013180
v 0.216075 4.795000 0.027779
v 0.216075 4.825000 0.027779
v 0.219500 4.795000 0.045000
v 0.219500 4.825000 0.045000
v 0.216075 4.795000 0.062221
v 0.216075 4.825000 0.062221
v 0.206320 4.795000 0.076820
v 0.206320 4.825000 0.076820
v 0.191721 4.795000 0.086575
v 0.191721 4.825000 0.086575
v 0.174500 4.795000 0.090000
v 0.174500 4.825000 0.090000
v 0.157279 4.795000 0.086575
v 0.157279 4.825000 0.086575
v 0.142680 4.795000 0.076820
v 0.142680 4.825000 0.076820
v 0.132925 4.795000 0.062221
v 0.132925 4.825000 0.062221
v 0.449500 5.335000 0.045000
v 0.449500 5.365000 0.045000
v 0.452925 5.335000 0.027779
v 0.452925 5.365000 0.027779
v 0.462680 5.335000 0.013180
v 0.462680 5.365000 0.013180
v 0.477279 5.335000 0.003426
v 0.477279 5.365000 0.003425
v 0.494500 5.335000 0.000000
v 0.494500 5.365000 0.000000
v 0.511721 5.335000 0.003426
v 0.511721 5.365000 0.003425
v 0.526320 5.335000 0.013180
v 0.526320 5.365000 0.013180
v 0.536075 5.335000 0.027779
v 0.536075 5.365000 0.027779
v 0.539500 5.335000 0.045000
v 0.539500 5.365000 0.045000
v 0.536075 5.335000 0.062221
v 0.536075 5.365000 0.062221
v 0.526320 5.335000 0.076820
v 0.526320 5.365000 0.076820
v 0.511721 5.335000 0.086575
v 0.511721 5.365000 0.086575
v 0.494500 5.335000 0.090000
v 0.494500 5.365000 0.090000
v 0.477279 5.335000 0.086575
v 0.477279 5.365000 0.086575
v 0.462680 5.335000 0.076820
v 0.462680 5.365000 0.076820
v 0.452925 5.335000 0.062221
v 0.452925 5.365000 0.062221
v 0.129500 5.335000 0.045000
v 0.129500 5.365000 0.045000
v 0.132925 5.335000 0.027779
v 0.132925 5.365000 0.027779
v 0.142680 5.335000 0.013180
v 0.142680 5.365000 0.013180
v 0.157279 5.335000 0.003426
v 0.157279 5.365000 0.003425
v 0.174500 5.335000 0.000000
v 0.174500 5.365000 0.000000
v 0.191721 5.335000 0.003426
v 0.191721 5.365000 0.003425
v 0.206320 5.335000 0.013180
v 0.206320 5.365000 0.013180
v 0.216075 5.335000 0.027779
v 0.216075 5.365000 0.027779
v 0.219500 5.335000 0.045000
v 0.219500 5.365000 0.045000
v 0.216075 5.335000 0.062221
v 0.216075 5.365000 0.062221
v 0.206320 5.335000 0.076820
v 0.206320 5.365000 0.076820
v 0.191721 5.335000 0.086575
v 0.191721 5.365000 0.086575
v 0.174500 5.335000 0.090000
v 0.174500 5.365000 0.090000
v 0.157279 5.335000 0.086575
v 0.157279 5.365000 0.086575
v 0.142680 5.335000 0.076820
v 0.142680 5.365000 0.076820
v 0.132925 5.335000 0.062221
v 0.132925 5.365000 0.062221
v 0.566500 4.780000 0.590000
v 0.566500 4.780000 0.700000
v 0.554500 4.780000 0.590000
v 0.554500 4.780000 0.700000
v 0.566500 5.380000 0.590000
v 0.566500 5.380000 0.700000
v 0.554500 5.380000 0.590000
v 0.554500 5.380000 0.700000
v 0.566500 4.780000 0.460000
v 0.566500 4.780000 0.570000
v 0.554500 4.780000 0.460000
v 0.554500 4.780000 0.570000
v 0.566500 5.380000 0.460000
v 0.566500 5.380000 0.570000
v 0.554500 5.380000 0.460000
v 0.554500 5.380000 0.570000
v 0.566500 4.780000 0.330000
v 0.566500 4.780000 0.440000
v 0.554500 4.780000 0.330000
v 0.554500 4.780000 0.440000
v 0.566500 5.380000 0.330000
v 0.566500 5.380000 0.440000
v 0.554500 5.380000 0.330000
v 0.554500 5.380000 0.440000
v 0.566500 4.780000 0.200000
v 0.566500 4.780000 0.310000
v 0.554500 4.780000 0.200000
v 0.554500 4.780000 0.310000
v 0.566500 5.380000 0.200000
v 0.566500 5.380000 0.310000
v 0.554500 5.380000 0.200000
v 0.554500 5.380000 0.310000
v 0.575500 4.830000 0.667000
v 0.575500 4.830000 0.687000
v 0.563500 4.830000 0.667000
v 0.563500 4.830000 0.687000
v 0.575500 5.330000 0.667000
v 0.575500 5.330000 0.687000
v 0.563500 5.330000 0.667000
v 0.563500 5.330000 0.687000
v 0.575500 4.830000 0.537000
v 0.575500 4.830000 0.557000
v 0.563500 4.830000 0.537000
v 0.563500 4.830000 0.557000
v 0.575500 5.330000 0.537000
v 0.575500 5.330000 0.557000
v 0.563500 5.330000 0.537000
v 0.563500 5.330000 0.557000
v 0.575500 4.830000 0.407000
v 0.575500 4.830000 0.427000
v 0.563500 4.830000 0.407000
v 0.563500 4.830000 0.427000
v 0.575500 5.330000 0.407000
v 0.575500 5.330000 0.427000
v 0.563500 5.330000 0.407000
v 0.563500 5.330000 0.427000
v 0.575500 4.830000 0.277000
v 0.575500 4.830000 0.297000
v 0.563500 4.830000 0.277000
v 0.563500 4.830000 0.297000
v 0.575500 5.330000 0.277000
v 0.575500 5.330000 0.297000
v 0.563500 5.330000 0.277000
v 0.563500 5.330000 0.297000
v 0.564500 4.730000 0.715000
v 0.564500 4.730000 0.765000
v 0.104500 4.730000 0.715000
v 0.104500 4.730000 0.765000
v 0.564500 5.430000 0.715000
v 0.564500 5.430000 0.765000
v 0.104500 5.430000 0.715000
v 0.104500 5.430000 0.765000
v 1.255000 6.050000 0.605000
v 1.255000 6.050000 0.635000
v 1.255000 6.350000 0.605000
v 1.255000 6.350000 0.635000
v 1.285000 6.050000 0.605000
v 1.285000 6.050000 0.635000
v 1.285000 6.350000 0.605000
v 1.285000 6.350000 0.635000
v 0.595000 5.961000 0.581000
v 0.595000 5.961000 0.589000
v 0.595000 5.969000 0.581000
v 0.595000 5.969000 0.589000
v 1.205000 5.961000 0.581000
v 1.205000 5.961000 0.589000
v 1.205000 5.969000 0.581000
v 1.205000 5.969000 0.589000
v 0.595000 5.961000 0.451000
v 0.595000 5.961000 0.459000
v 0.595000 5.969000 0.451000
v 0.595000 5.969000 0.459000
v 1.205000 5.961000 0.451000
v 1.205000 5.961000 0.459000
v 1.205000 5.969000 0.451000
v 1.205000 5.969000 0.459000
v 0.595000 5.961000 0.321000
v 0.595000 5.961000 0.329000
v 0.595000 5.969000 0.321000
v 0.595000 5.969000 0.329000
v 1.205000 5.961000 0.321000
v 1.205000 5.961000 0.329000
v 1.205000 5.969000 0.321000
v 1.205000 5.969000 0.329000
v 0.023000 0.700000 0.000000
v 0.023000 0.700000 2.020000
v 0.015000 0.700000 0.000000
v 0.015000 0.700000 2.020000
v 0.023000 1.500000 0.000000
v 0.023000 1.500000 2.020000
v 0.015000 1.500000 0.000000
v 0.015000 1.500000 2.020000
v 0.255000 0.732500 1.440000
v 0.255000 0.732500 1.510000
v 0.095000 0.732500 1.440000
v 0.095000 0.732500 1.510000
v 0.255000 0.837500 1.440000
v 0.255000 0.837500 1.510000
v 0.095000 0.837500 1.440000
v 0.095000 0.837500 1.510000
v 0.255000 0.857500 1.440000
v 0.255000 0.857500 1.510000
v 0.095000 0.857500 1.440000
v 0.095000 0.857500 1.510000
v 0.255000 0.962500 1.440000
v 0.255000 0.962500 1.510000
v 0.095000 0.962500 1.440000
v 0.095000 0.962500 1.510000
v 0.255000 0.982500 1.440000
v 0.255000 0.982500 1.510000
v 0.095000 0.982500 1.440000
v 0.095000 0.982500 1.510000
v 0.255000 1.087500 1.440000
v 0.255000 1.087500 1.510000
v 0.095000 1.087500 1.440000
v 0.095000 1.087500 1.510000
v 0.255000 1.107500 1.440000
v 0.255000 1.107500 1.510000
v 0.095000 1.107500 1.440000
v 0.095000 1.107500 1.510000
v 0.255000 1.212500 1.440000
v 0.255000 1.212500 1.510000
v 0.095000 1.212500 1.440000
v 0.095000 1.212500 1.510000
v 0.255000 1.232500 1.440000
v 0.255000 1.232500 1.510000
v 0.095000 1.232500 1.440000
v 0.095000 1.232500 1.510000
v 0.255000 1.337500 1.440000
v 0.255000 1.337500 1.510000
v 0.095000 1.337500 1.440000
v 0.095000 1.337500 1.510000
v 0.255000 1.357500 1.440000
v 0.255000 1.357500 1.510000
v 0.095000 1.357500 1.440000
v 0.095000 1.357500 1.510000
v 0.255000 1.462500 1.440000
v 0.255000 1.462500 1.510000
v 0.095000 1.462500 1.440000
v 0.095000 1.462500 1.510000
v 0.255000 0.732500 1.525000
v 0.255000 0.732500 1.595000
v 0.095000 0.732500 1.525000
v 0.095000 0.732500 1.595000
v 0.255000 0.837500 1.525000
v 0.255000 0.837500 1.595000
v 0.095000 0.837500 1.525000
v 0.095000 0.837500 1.595000
v 0.255000 0.857500 1.525000
v 0.255000 0.857500 1.595000
v 0.095000 0.857500 1.525000
v 0.095000 0.857500 1.595000
v 0.255000 0.962500 1.525000
v 0.255000 0.962500 1.595000
v 0.095000 0.962500 1.525000
v 0.095000 0.962500 1.595000
v 0.255000 0.982500 1.525000
v 0.255000 0.982500 1.595000
v 0.095000 0.982500 1.525000
v 0.095000 0.982500 1.595000
v 0.255000 1.087500 1.525000
v 0.255000 1.087500 1.595000
v 0.095000 1.087500 1.525000
v 0.095000 1.087500 1.595000
v 0.255000 1.107500 1.525000
v 0.255000 1.107500 1.595000
v 0.095000 1.107500 1.525000
v 0.095000 1.107500 1.595000
v 0.255000 1.212500 1.525000
v 0.255000 1.212500 1.595000
v 0.095000 1.212500 1.525000
v 0.095000 1.212500 1.595000
v 0.255000 1.232500 1.525000
v 0.255000 1.232500 1.595000
v 0.095000 1.232500 1.525000
v 0.095000 1.232500 1.595000
v 0.255000 1.337500 1.525000
v 0.255000 1.337500 1.595000
v 0.095000 1.337500 1.525000
v 0.095000 1.337500 1.595000
v 0.255000 1.357500 1.525000
v 0.255000 1.357500 1.595000
v 0.095000 1.357500 1.525000
v 0.095000 1.357500 1.595000
v 0.255000 1.462500 1.525000
v 0.255000 1.462500 1.595000
v 0.095000 1.462500 1.525000
v 0.095000 1.462500 1.595000
v 0.295000 0.700000 0.040000
v 0.295000 0.700000 0.060000
v 0.015000 0.700000 0.040000
v 0.015000 0.700000 0.060000
v 0.295000 1.500000 0.040000
v 0.295000 1.500000 0.060000
v 0.015000 1.500000 0.040000
v 0.015000 1.500000 0.060000
v 0.245000 0.825000 2.020000
v 0.245000 0.825000 2.110000
v 0.045000 0.825000 2.020000
v 0.045000 0.825000 2.110000
v 0.245000 1.375000 2.020000
v 0.245000 1.375000 2.110000
v 0.045000 1.375000 2.020000
v 0.045000 1.375000 2.110000
v 0.195000 1.130000 0.640000
v 0.195000 1.130000 0.710000
v 0.075000 1.130000 0.640000
v 0.075000 1.130000 0.710000
v 0.195000 1.270000 0.640000
v 0.195000 1.270000 0.710000
v 0.075000 1.270000 0.640000
v 0.075000 1.270000 0.710000
v 0.225000 0.820000 0.640000
v 0.225000 0.820000 0.720000
v 0.085000 0.820000 0.640000
v 0.085000 0.820000 0.720000
v 0.225000 1.020000 0.640000
v 0.225000 1.020000 0.720000
v 0.085000 1.020000 0.640000
v 0.085000 1.020000 0.720000
v 0.235000 0.740000 1.040000
v 0.235000 0.740000 1.400000
v 0.035000 0.740000 1.040000
v 0.035000 0.740000 1.400000
v 0.235000 1.080000 1.040000
v 0.235000 1.080000 1.400000
v 0.035000 1.080000 1.040000
v 0.035000 1.080000 1.400000
v 0.235000 1.120000 1.040000
v 0.235000 1.120000 1.400000
v 0.035000 1.120000 1.040000
v 0.035000 1.120000 1.400000
v 0.235000 1.460000 1.040000
v 0.235000 1.460000 1.400000
v 0.035000 1.460000 1.040000
v 0.035000 1.460000 1.400000
v 0.255000 0.750000 1.037500
v 0.255000 0.750000 1.112500
v 0.225000 0.750000 1.037500
v 0.225000 0.750000 1.112500
v 0.255000 0.850000 1.037500
v 0.255000 0.850000 1.112500
v 0.225000 0.850000 1.037500
v 0.225000 0.850000 1.112500
v 0.255000 0.860000 1.037500
v 0.255000 0.860000 1.112500
v 0.225000 0.860000 1.037500
v 0.225000 0.860000 1.112500
v 0.255000 0.960000 1.037500
v 0.255000 0.960000 1.112500
v 0.225000 0.960000 1.037500
v 0.225000 0.960000 1.112500
v 0.255000 0.970000 1.037500
v 0.255000 0.970000 1.112500
v 0.225000 0.970000 1.037500
v 0.225000 0.970000 1.112500
v 0.255000 1.070000 1.037500
v 0.255000 1.070000 1.112500
v 0.225000 1.070000 1.037500
v 0.225000 1.070000 1.112500
v 0.255000 0.750000 1.120500
v 0.255000 0.750000 1.195500
v 0.225000 0.750000 1.120500
v 0.225000 0.750000 1.195500
v 0.255000 0.850000 1.120500
v 0.255000 0.850000 1.195500
v 0.225000 0.850000 1.120500
v 0.225000 0.850000 1.195500
v 0.255000 0.860000 1.120500
v 0.255000 0.860000 1.195500
v 0.225000 0.860000 1.120500
v 0.225000 0.860000 1.195500
v 0.255000 0.960000 1.120500
v 0.255000 0.960000 1.195500
v 0.225000 0.960000 1.120500
v 0.225000 0.960000 1.195500
v 0.255000 0.970000 1.120500
v 0.255000 0.970000 1.195500
v 0.225000 0.970000 1.120500
v 0.225000 0.970000 1.195500
v 0.255000 1.070000 1.120500
v 0.255000 1.070000 1.195500
v 0.225000 1.070000 1.120500
v 0.225000 1.070000 1.195500
v 0.255000 0.750000 1.203500
v 0.255000 0.750000 1.278500
v 0.225000 0.750000 1.203500
v 0.225000 0.750000 1.278500
v 0.255000 0.850000 1.203500
v 0.255000 0.850000 1.278500
v 0.225000 0.850000 1.203500
v 0.225000 0.850000 1.278500
v 0.255000 0.860000 1.203500
v 0.255000 0.860000 1.278500
v 0.225000 0.860000 1.203500
v 0.225000 0.860000 1.278500
v 0.255000 0.960000 1.203500
v 0.255000 0.960000 1.278500
v 0.225000 0.960000 1.203500
v 0.225000 0.960000 1.278500
v 0.255000 0.970000 1.203500
v 0.255000 0.970000 1.278500
v 0.225000 0.970000 1.203500
v 0.225000 0.970000 1.278500
v 0.255000 1.070000 1.203500
v 0.255000 1.070000 1.278500
v 0.225000 1.070000 1.203500
v 0.225000 1.070000 1.278500
v 0.255000 0.750000 1.286500
v 0.255000 0.750000 1.361500
v 0.225000 0.750000 1.286500
v 0.225000 0.750000 1.361500
v 0.255000 0.850000 1.286500
v 0.255000 0.850000 1.361500
v 0.225000 0.850000 1.286500
v 0.225000 0.850000 1.361500
v 0.255000 0.860000 1.286500
v 0.255000 0.860000 1.361500
v 0.225000 0.860000 1.286500
v 0.225000 0.860000 1.361500
v 0.255000 0.960000 1.286500
v 0.255000 0.960000 1.361500
v 0.225000 0.960000 1.286500
v 0.225000 0.960000 1.361500
v 0.255000 0.970000 1.286500
v 0.255000 0.970000 1.361500
v 0.225000 0.970000 1.286500
v 0.225000 0.970000 1.361500
v 0.255000 1.070000 1.286500
v 0.255000 1.070000 1.361500
v 0.225000 1.070000 1.286500
v 0.225000 1.070000 1.361500
v 0.255000 1.130000 1.037500
v 0.255000 1.130000 1.112500
v 0.225000 1.130000 1.037500
v 0.225000 1.130000 1.112500
v 0.255000 1.230000 1.037500
v 0.255000 1.230000 1.112500
v 0.225000 1.230000 1.037500
v 0.225000 1.230000 1.112500
v 0.255000 1.240000 1.037500
v 0.255000 1.240000 1.112500
v 0.225000 1.240000 1.037500
v 0.225000 1.240000 1.112500
v 0.255000 1.340000 1.037500
v 0.255000 1.340000 1.112500
v 0.225000 1.340000 1.037500
v 0.225000 1.340000 1.112500
v 0.255000 1.350000 1.037500
v 0.255000 1.350000 1.112500
v 0.225000 1.350000 1.037500
v 0.225000 1.350000 1.112500
v 0.255000 1.450000 1.037500
v 0.255000 1.450000 1.112500
v 0.225000 1.450000 1.037500
v 0.225000 1.450000 1.112500
v 0.255000 1.130000 1.120500
v 0.255000 1.130000 1.195500
v 0.225000 1.130000 1.120500
v 0.225000 1.130000 1.195500
v 0.255000 1.230000 1.120500
v 0.255000 1.230000 1.195500
v 0.225000 1.230000 1.120500
v 0.225000 1.230000 1.195500
v 0.255000 1.240000 1.120500
v 0.255000 1.240000 1.195500
v 0.225000 1.240000 1.120500
v 0.225000 1.240000 1.195500
v 0.255000 1.340000 1.120500
v 0.255000 1.340000 1.195500
v 0.225000 1.340000 1.120500
v 0.225000 1.340000 1.195500
v 0.255000 1.350000 1.120500
v 0.255000 1.350000 1.195500
v 0.225000 1.350000 1.120500
v 0.225000 1.350000 1.195500
v 0.255000 1.450000 1.120500
v 0.255000 1.450000 1.195500
v 0.225000 1.450000 1.120500
v 0.225000 1.450000 1.195500
v 0.255000 1.130000 1.203500
v 0.255000 1.130000 1.278500
v 0.225000 1.130000 1.203500
v 0.225000 1.130000 1.278500
v 0.255000 1.230000 1.203500
v 0.255000 1.230000 1.278500
v 0.225000 1.230000 1.203500
v 0.225000 1.230000 1.278500
v 0.255000 1.240000 1.203500
v 0.255000 1.240000 1.278500
v 0.225000 1.240000 1.203500
v 0.225000 1.240000 1.278500
v 0.255000 1.340000 1.203500
v 0.255000 1.340000 1.278500
v 0.225000 1.340000 1.203500
v 0.225000 1.340000 1.278500
v 0.255000 1.350000 1.203500
v 0.255000 1.350000 1.278500
v 0.225000 1.350000 1.203500
v 0.225000 1.350000 1.278500
v 0.255000 1.450000 1.203500
v 0.255000 1.450000 1.278500
v 0.225000 1.450000 1.203500
v 0.225000 1.450000 1.278500
v 0.255000 1.130000 1.286500
v 0.255000 1.130000 1.361500
v 0.225000 1.130000 1.286500
v 0.225000 1.130000 1.361500
v 0.255000 1.230000 1.286500
v 0.255000 1.230000 1.361500
v 0.225000 1.230000 1.286500
v 0.225000 1.230000 1.361500
v 0.255000 1.240000 1.286500
v 0.255000 1.240000 1.361500
v 0.225000 1.240000 1.286500
v 0.225000 1.240000 1.361500
v 0.255000 1.340000 1.286500
v 0.255000 1.340000 1.361500
v 0.225000 1.340000 1.286500
v 0.225000 1.340000 1.361500
v 0.255000 1.350000 1.286500
v 0.255000 1.350000 1.361500
v 0.225000 1.350000 1.286500
v 0.225000 1.350000 1.361500
v 0.255000 1.450000 1.286500
v 0.255000 1.450000 1.361500
v 0.225000 1.450000 1.286500
v 0.225000 1.450000 1.361500
v 0.285000 0.720000 0.611000
v 0.285000 0.720000 0.629000
v 0.025000 0.720000 0.611000
v 0.025000 0.720000 0.629000
v 0.285000 1.480000 0.611000
v 0.285000 1.480000 0.629000
v 0.025000 1.480000 0.611000
v 0.025000 1.480000 0.629000
v 0.285000 0.720000 1.011000
v 0.285000 0.720000 1.029000
v 0.025000 0.720000 1.011000
v 0.025000 0.720000 1.029000
v 0.285000 1.480000 1.011000
v 0.285000 1.480000 1.029000
v 0.025000 1.480000 1.011000
v 0.025000 1.480000 1.029000
v 0.285000 0.720000 1.411000
v 0.285000 0.720000 1.429000
v 0.025000 0.720000 1.411000
v 0.025000 0.720000 1.429000
v 0.285000 1.480000 1.411000
v 0.285000 1.480000 1.429000
v 0.025000 1.480000 1.411000
v 0.025000 1.480000 1.429000
v 0.285000 0.720000 1.711000
v 0.285000 0.720000 1.729000
v 0.025000 0.720000 1.711000
v 0.025000 0.720000 1.729000
v 0.285000 1.480000 1.711000
v 0.285000 1.480000 1.729000
v 0.025000 1.480000 1.711000
v 0.025000 1.480000 1.729000
v 0.295000 0.700000 0.000000
v 0.295000 0.700000 2.020000
v 0.015000 0.700000 0.000000
v 0.015000 0.700000 2.020000
v 0.295000 0.720000 0.000000
v 0.295000 0.720000 2.020000
v 0.015000 0.720000 0.000000
v 0.015000 0.720000 2.020000
v 0.295000 1.480000 0.000000
v 0.295000 1.480000 2.020000
v 0.015000 1.480000 0.000000
v 0.015000 1.480000 2.020000
v 0.295000 1.500000 0.000000
v 0.295000 1.500000 2.020000
v 0.015000 1.500000 0.000000
v 0.015000 1.500000 2.020000
v 0.295000 0.700000 2.000000
v 0.295000 0.700000 2.020000
v 0.015000 0.700000 2.000000
v 0.015000 0.700000 2.020000
v 0.295000 1.500000 2.000000
v 0.295000 1.500000 2.020000
v 0.015000 1.500000 2.000000
v 0.015000 1.500000 2.020000
v 0.285000 0.750000 0.070000
v 0.285000 0.750000 0.370000
v 0.045000 0.750000 0.070000
v 0.045000 0.750000 0.370000
v 0.285000 1.080000 0.070000
v 0.285000 1.080000 0.370000
v 0.045000 1.080000 0.070000
v 0.045000 1.080000 0.370000
v 0.285000 1.120000 0.070000
v 0.285000 1.120000 0.370000
v 0.045000 1.120000 0.070000
v 0.045000 1.120000 0.370000
v 0.285000 1.450000 0.070000
v 0.285000 1.450000 0.370000
v 0.045000 1.450000 0.070000
v 0.045000 1.450000 0.370000
v 1.280000 0.023000 0.000000
v 1.280000 0.023000 2.020000
v 1.280000 0.015000 0.000000
v 1.280000 0.015000 2.020000
v 0.480000 0.023000 0.000000
v 0.480000 0.023000 2.020000
v 0.480000 0.015000 0.000000
v 0.480000 0.015000 2.020000
v 1.147500 0.235000 2.020000
v 1.147500 0.235000 2.260000
v 1.147500 0.075000 2.020000
v 1.147500 0.075000 2.260000
v 1.112500 0.235000 2.020000
v 1.112500 0.235000 2.260000
v 1.112500 0.075000 2.020000
v 1.112500 0.075000 2.260000
v 1.102500 0.235000 2.020000
v 1.102500 0.235000 2.260000
v 1.102500 0.075000 2.020000
v 1.102500 0.075000 2.260000
v 1.067500 0.235000 2.020000
v 1.067500 0.235000 2.260000
v 1.067500 0.075000 2.020000
v 1.067500 0.075000 2.260000
v 1.057500 0.235000 2.020000
v 1.057500 0.235000 2.260000
v 1.057500 0.075000 2.020000
v 1.057500 0.075000 2.260000
v 1.022500 0.235000 2.020000
v 1.022500 0.235000 2.260000
v 1.022500 0.075000 2.020000
v 1.022500 0.075000 2.260000
v 1.280000 0.295000 0.040000
v 1.280000 0.295000 0.060000
v 1.280000 0.015000 0.040000
v 1.280000 0.015000 0.060000
v 0.480000 0.295000 0.040000
v 0.480000 0.295000 0.060000
v 0.480000 0.015000 0.040000
v 0.480000 0.015000 0.060000
v 1.253294 0.205748 0.079000
v 1.253294 0.205748 0.283149
v 1.253294 0.090663 0.079000
v 1.253294 0.090663 0.283149
v 1.100911 0.205748 0.079000
v 1.100911 0.205748 0.283149
v 1.100911 0.090663 0.079000
v 1.100911 0.090663 0.283149
v 0.996785 0.206218 0.079000
v 0.996785 0.206218 0.260190
v 0.996785 0.100418 0.079000
v 0.996785 0.100418 0.260190
v 0.840216 0.206218 0.079000
v 0.840216 0.206218 0.260190
v 0.840216 0.100418 0.079000
v 0.840216 0.100418 0.260190
v 0.690419 0.223346 0.079000
v 0.690419 0.223346 0.246923
v 0.690419 0.114274 0.079000
v 0.690419 0.114274 0.246923
v 0.563433 0.223346 0.079000
v 0.563433 0.223346 0.246923
v 0.563433 0.114274 0.079000
v 0.563433 0.114274 0.246923
v 1.228078 0.236538 0.449000
v 1.228078 0.236538 0.700633
v 1.228078 0.073794 0.449000
v 1.228078 0.073794 0.700633
v 1.085754 0.236538 0.449000
v 1.085754 0.236538 0.700633
v 1.085754 0.073794 0.449000
v 1.085754 0.073794 0.700633
v 1.017228 0.220116 0.449000
v 1.017228 0.220116 0.686355
v 1.017228 0.115458 0.449000
v 1.017228 0.115458 0.686355
v 0.799603 0.220116 0.449000
v 0.799603 0.220116 0.686355
v 0.799603 0.115458 0.449000
v 0.799603 0.115458 0.686355
v 0.718661 0.211344 0.449000
v 0.718661 0.211344 0.679580
v 0.718661 0.080496 0.449000
v 0.718661 0.080496 0.679580
v 0.586881 0.211344 0.449000
v 0.586881 0.211344 0.679580
v 0.586881 0.080496 0.449000
v 0.586881 0.080496 0.679580
v 1.269434 0.240640 0.809000
v 1.269434 0.240640 0.996639
v 1.269434 0.103400 0.809000
v 1.269434 0.103400 0.996639
v 1.085543 0.240640 0.809000
v 1.085543 0.240640 0.996639
v 1.085543 0.103400 0.809000
v 1.085543 0.103400 0.996639
v 0.977732 0.229742 0.809000
v 0.977732 0.229742 0.977415
v 0.977732 0.061702 0.809000
v 0.977732 0.061702 0.977415
v 0.837136 0.229742 0.809000
v 0.837136 0.229742 0.977415
v 0.837136 0.061702 0.809000
v 0.837136 0.061702 0.977415
v 1.234699 0.227784 1.169000
v 1.234699 0.227784 1.396101
v 1.234699 0.097807 1.169000
v 1.234699 0.097807 1.396101
v 1.069381 0.227784 1.169000
v 1.069381 0.227784 1.396101
v 1.069381 0.097807 1.169000
v 1.069381 0.097807 1.396101
v 0.979543 0.236863 1.169000
v 0.979543 0.236863 1.409022
v 0.979543 0.084343 1.169000
v 0.979543 0.084343 1.409022
v 0.802101 0.236863 1.169000
v 0.802101 0.236863 1.409022
v 0.802101 0.084343 1.169000
v 0.802101 0.084343 1.409022
v 0.738723 0.223304 1.169000
v 0.738723 0.223304 1.335900
v 0.738723 0.111497 1.169000
v 0.738723 0.111497 1.335900
v 0.520706 0.223304 1.169000
v 0.520706 0.223304 1.335900
v 0.520706 0.111497 1.169000
v 0.520706 0.111497 1.335900
v 1.233865 0.198309 1.529000
v 1.233865 0.198309 1.735914
v 1.233865 0.094388 1.529000
v 1.233865 0.094388 1.735914
v 1.064969 0.198309 1.529000
v 1.064969 0.198309 1.735914
v 1.064969 0.094388 1.529000
v 1.064969 0.094388 1.735914
v 0.999999 0.211693 1.529000
v 0.999999 0.211693 1.740247
v 0.999999 0.080318 1.529000
v 0.999999 0.080318 1.740247
v 0.792451 0.211693 1.529000
v 0.792451 0.211693 1.740247
v 0.792451 0.080318 1.529000
v 0.792451 0.080318 1.740247
v 1.280000 0.285000 0.000000
v 1.280000 0.285000 0.050000
v 1.280000 0.265000 0.000000
v 1.280000 0.265000 0.050000
v 0.480000 0.285000 0.000000
v 0.480000 0.285000 0.050000
v 0.480000 0.265000 0.000000
v 0.480000 0.265000 0.050000
v 1.260000 0.285000 0.411000
v 1.260000 0.285000 0.429000
v 1.260000 0.025000 0.411000
v 1.260000 0.025000 0.429000
v 0.500000 0.285000 0.411000
v 0.500000 0.285000 0.429000
v 0.500000 0.025000 0.411000
v 0.500000 0.025000 0.429000
v 1.260000 0.285000 0.771000
v 1.260000 0.285000 0.789000
v 1.260000 0.025000 0.771000
v 1.260000 0.025000 0.789000
v 0.500000 0.285000 0.771000
v 0.500000 0.285000 0.789000
v 0.500000 0.025000 0.771000
v 0.500000 0.025000 0.789000
v 1.260000 0.285000 1.131000
v 1.260000 0.285000 1.149000
v 1.260000 0.025000 1.131000
v 1.260000 0.025000 1.149000
v 0.500000 0.285000 1.131000
v 0.500000 0.285000 1.149000
v 0.500000 0.025000 1.131000
v 0.500000 0.025000 1.149000
v 1.260000 0.285000 1.491000
v 1.260000 0.285000 1.509000
v 1.260000 0.025000 1.491000
v 1.260000 0.025000 1.509000
v 0.500000 0.285000 1.491000
v 0.500000 0.285000 1.509000
v 0.500000 0.025000 1.491000
v 0.500000 0.025000 1.509000
v 1.260000 0.285000 1.791000
v 1.260000 0.285000 1.809000
v 1.260000 0.025000 1.791000
v 1.260000 0.025000 1.809000
v 0.500000 0.285000 1.791000
v 0.500000 0.285000 1.809000
v 0.500000 0.025000 1.791000
v 0.500000 0.025000 1.809000
v 1.280000 0.295000 0.000000
v 1.280000 0.295000 2.020000
v 1.280000 0.015000 0.000000
v 1.280000 0.015000 2.020000
v 1.260000 0.295000 0.000000
v 1.260000 0.295000 2.020000
v 1.260000 0.015000 0.000000
v 1.260000 0.015000 2.020000
v 0.500000 0.295000 0.000000
v 0.500000 0.295000 2.020000
v 0.500000 0.015000 0.000000
v 0.500000 0.015000 2.020000
v 0.480000 0.295000 0.000000
v 0.480000 0.295000 2.020000
v 0.480000 0.015000 0.000000
v 0.480000 0.015000 2.020000
v 1.280000 0.295000 2.000000
v 1.280000 0.295000 2.020000
v 1.280000 0.015000 2.000000
v 1.280000 0.015000 2.020000
v 0.480000 0.295000 2.000000
v 0.480000 0.295000 2.020000
v 0.480000 0.015000 2.000000
v 0.480000 0.015000 2.020000
v 0.150000 1.755000 0.000000
v 0.150000 1.755000 0.300000
v 0.188627 1.748882 0.000000
v 0.188627 1.748882 0.300000
v 0.223473 1.731127 0.000000
v 0.223473 1.731127 0.300000
v 0.251127 1.703473 0.000000
v 0.251127 1.703473 0.300000
v 0.268882 1.668627 0.000000
v 0.268882 1.668627 0.300000
v 0.275000 1.630000 0.000000
v 0.275000 1.630000 0.300000
v 0.268882 1.591373 0.000000
v 0.268882 1.591373 0.300000
v 0.251127 1.556527 0.000000
v 0.251127 1.556527 0.300000
v 0.223473 1.528873 0.000000
v 0.223473 1.528873 0.300000
v 0.188627 1.511118 0.000000
v 0.188627 1.511118 0.300000
v 0.150000 1.505000 0.000000
v 0.150000 1.505000 0.300000
v 0.111373 1.511118 0.000000
v 0.111373 1.511118 0.300000
v 0.076527 1.528873 0.000000
v 0.076527 1.528873 0.300000
v 0.048873 1.556527 0.000000
v 0.048873 1.556527 0.300000
v 0.031118 1.591373 0.000000
v 0.031118 1.591373 0.300000
v 0.025000 1.630000 0.000000
v 0.025000 1.630000 0.300000
v 0.031118 1.668627 0.000000
v 0.031118 1.668627 0.300000
v 0.048873 1.703473 0.000000
v 0.048873 1.703473 0.300000
v 0.076527 1.731127 0.000000
v 0.076527 1.731127 0.300000
v 0.111373 1.748882 0.000000
v 0.111373 1.748882 0.300000
v 2.915000 0.574500 0.050000
v 2.915000 0.579500 0.055000
v 2.920000 0.574500 0.055000
v 2.915000 0.578036 0.051465
v 2.917887 0.577387 0.052113
v 2.918536 0.578036 0.055000
v 2.918536 0.574500 0.051465
v 2.915000 0.579500 1.965000
v 2.915000 0.574500 1.970000
v 2.920000 0.574500 1.965000
v 2.915000 0.578036 1.968535
v 2.917887 0.577387 1.967887
v 2.918536 0.574500 1.968535
v 2.918536 0.578036 1.965000
v 2.915000 0.004500 0.050000
v 2.920000 0.004500 0.055000
v 2.915000 -0.000500 0.055000
v 2.918536 0.004500 0.051465
v 2.917887 0.001613 0.052113
v 2.918536 0.000964 0.055000
v 2.915000 0.000964 0.051465
v 2.915000 0.004500 1.970000
v 2.915000 -0.000500 1.965000
v 2.920000 0.004500 1.965000
v 2.915000 0.000964 1.968535
v 2.917887 0.001613 1.967887
v 2.918536 0.000964 1.965000
v 2.918536 0.004500 1.968535
v 1.925000 0.574500 0.050000
v 1.920000 0.574500 0.055000
v 1.925000 0.579500 0.055000
v 1.921464 0.574500 0.051465
v 1.922113 0.577387 0.052113
v 1.921464 0.578036 0.055000
v 1.925000 0.578036 0.051465
v 1.925000 0.574500 1.970000
v 1.925000 0.579500 1.965000
v 1.920000 0.574500 1.965000
v 1.925000 0.578036 1.968535
v 1.922113 0.577387 1.967887
v 1.921464 0.578036 1.965000
v 1.921464 0.574500 1.968535
v 1.925000 0.004500 0.050000
v 1.925000 -0.000500 0.055000
v 1.920000 0.004500 0.055000
v 1.925000 0.000964 0.051465
v 1.922113 0.001613 0.052113
v 1.921465 0.000964 0.055000
v 1.921465 0.004500 0.051465
v 1.925000 0.004500 1.970000
v 1.920000 0.004500 1.965000
v 1.925000 -0.000500 1.965000
v 1.921465 0.004500 1.968535
v 1.922113 0.001613 1.967887
v 1.921465 0.000964 1.965000
v 1.925000 0.000964 1.968535
v 2.900000 0.591500 0.090000
v 2.900000 0.595500 0.094000
v 2.904000 0.591500 0.094000
v 2.900000 0.594328 0.091172
v 2.902309 0.593809 0.091691
v 2.902828 0.594328 0.094000
v 2.902828 0.591500 0.091172
v 2.900000 0.595500 1.926000
v 2.900000 0.591500 1.930000
v 2.904000 0.591500 1.926000
v 2.900000 0.594328 1.928828
v 2.902309 0.593809 1.928309
v 2.902828 0.591500 1.928828
v 2.902828 0.594328 1.926000
v 2.900000 0.583500 0.090000
v 2.904000 0.583500 0.094000
v 2.900000 0.579500 0.094000
v 2.902828 0.583500 0.091172
v 2.902309 0.581191 0.091691
v 2.902828 0.580672 0.094000
v 2.900000 0.580672 0.091172
v 2.900000 0.583500 1.930000
v 2.900000 0.579500 1.926000
v 2.904000 0.583500 1.926000
v 2.900000 0.580672 1.928828
v 2.902309 0.581191 1.928309
v 2.902828 0.580672 1.926000
v 2.902828 0.583500 1.928828
v 2.433000 0.591500 0.090000
v 2.429000 0.591500 0.094000
v 2.433000 0.595500 0.094000
v 2.430172 0.591500 0.091172
v 2.430691 0.593809 0.091691
v 2.430172 0.594328 0.094000
v 2.433000 0.594328 0.091172
v 2.433000 0.591500 1.930000
v 2.433000 0.595500 1.926000
v 2.429000 0.591500 1.926000
v 2.433000 0.594328 1.928828
v 2.430691 0.593809 1.928309
v 2.430172 0.594328 1.926000
v 2.430172 0.591500 1.928828
v 2.433000 0.583500 0.090000
v 2.433000 0.579500 0.094000
v 2.429000 0.583500 0.094000
v 2.433000 0.580672 0.091172
v 2.430691 0.581191 0.091691
v 2.430172 0.580672 0.094000
v 2.430172 0.583500 0.091172
v 2.433000 0.583500 1.930000
v 2.429000 0.583500 1.926000
v 2.433000 0.579500 1.926000
v 2.430172 0.583500 1.928828
v 2.430691 0.581191 1.928309
v 2.430172 0.580672 1.926000
v 2.433000 0.580672 1.928828
v 2.407000 0.591500 0.090000
v 2.407000 0.595500 0.094000
v 2.411000 0.591500 0.094000
v 2.407000 0.594328 0.091172
v 2.409309 0.593809 0.091691
v 2.409828 0.594328 0.094000
v 2.409828 0.591500 0.091172
v 2.407000 0.595500 1.926000
v 2.407000 0.591500 1.930000
v 2.411000 0.591500 1.926000
v 2.407000 0.594328 1.928828
v 2.409309 0.593809 1.928309
v 2.409828 0.591500 1.928828
v 2.409828 0.594328 1.926000
v 2.407000 0.583500 0.090000
v 2.411000 0.583500 0.094000
v 2.407000 0.579500 0.094000
v 2.409828 0.583500 0.091172
v 2.409309 0.581191 0.091691
v 2.409828 0.580672 0.094000
v 2.407000 0.580672 0.091172
v 2.407000 0.583500 1.930000
v 2.407000 0.579500 1.926000
v 2.411000 0.583500 1.926000
v 2.407000 0.580672 1.928828
v 2.409309 0.581191 1.928309
v 2.409828 0.580672 1.926000
v 2.409828 0.583500 1.928828
v 1.940000 0.591500 0.090000
v 1.936000 0.591500 0.094000
v 1.940000 0.595500 0.094000
v 1.937172 0.591500 0.091172
v 1.937691 0.593809 0.091691
v 1.937172 0.594328 0.094000
v 1.940000 0.594328 0.091172
v 1.940000 0.591500 1.930000
v 1.940000 0.595500 1.926000
v 1.936000 0.591500 1.926000
v 1.940000 0.594328 1.928828
v 1.937691 0.593809 1.928309
v 1.937172 0.594328 1.926000
v 1.937172 0.591500 1.928828
v 1.940000 0.583500 0.090000
v 1.940000 0.579500 0.094000
v 1.936000 0.583500 0.094000
v 1.940000 0.580672 0.091172
v 1.937691 0.581191 0.091691
v 1.937172 0.580672 0.094000
v 1.937172 0.583500 0.091172
v 1.940000 0.583500 1.930000
v 1.936000 0.583500 1.926000
v 1.940000 0.579500 1.926000
v 1.937172 0.583500 1.928828
v 1.937691 0.581191 1.928309
v 1.937172 0.580672 1.926000
v 1.940000 0.580672 1.928828
v 2.480000 0.604500 1.036000
v 2.480000 0.600359 1.035455
v 2.480000 0.596500 1.033856
v 2.480000 0.590644 1.028000
v 2.480000 0.589045 1.024141
v 2.480000 0.588500 1.020000
v 2.480000 0.589045 1.015859
v 2.480000 0.590644 1.012000
v 2.480000 0.596500 1.006144
v 2.480000 0.600359 1.004545
v 2.480000 0.604500 1.004000
v 2.478415 0.600674 1.035455
v 2.476938 0.597109 1.033856
v 2.475670 0.594047 1.031314
v 2.474697 0.591698 1.028000
v 2.474086 0.590222 1.024141
v 2.473877 0.589718 1.020000
v 2.474086 0.590222 1.015859
v 2.474697 0.591698 1.012000
v 2.475670 0.594047 1.008686
v 2.476938 0.597109 1.006144
v 2.478415 0.600674 1.004545
v 2.477072 0.601572 1.035455
v 2.474343 0.598843 1.033856
v 2.472000 0.596500 1.031314
v 2.470202 0.594702 1.028000
v 2.469072 0.593572 1.024141
v 2.468686 0.593186 1.020000
v 2.469072 0.593572 1.015859
v 2.470202 0.594702 1.012000
v 2.472000 0.596500 1.008686
v 2.474343 0.598843 1.006144
v 2.477072 0.601572 1.004545
v 2.476174 0.602915 1.035455
v 2.472609 0.601439 1.033856
v 2.469548 0.600170 1.031314
v 2.467198 0.599197 1.028000
v 2.465722 0.598586 1.024141
v 2.465218 0.598377 1.020000
v 2.465722 0.598586 1.015859
v 2.467198 0.599197 1.012000
v 2.469548 0.600170 1.008686
v 2.472609 0.601439 1.006144
v 2.476174 0.602915 1.004545
v 2.475859 0.604500 1.035455
v 2.472000 0.604500 1.033856
v 2.468686 0.604500 1.031314
v 2.466144 0.604500 1.028000
v 2.464545 0.604500 1.024141
v 2.464000 0.604500 1.020000
v 2.464545 0.604500 1.015859
v 2.466144 0.604500 1.012000
v 2.468686 0.604500 1.008686
v 2.472000 0.604500 1.006144
v 2.475859 0.604500 1.004545
v 2.476174 0.606085 1.035455
v 2.472609 0.607561 1.033856
v 2.469548 0.608830 1.031314
v 2.467198 0.609803 1.028000
v 2.465722 0.610414 1.024141
v 2.465218 0.610623 1.020000
v 2.465722 0.610414 1.015859
v 2.467198 0.609803 1.012000
v 2.469548 0.608830 1.008686
v 2.472609 0.607561 1.006144
v 2.476174 0.606085 1.004545
v 2.477072 0.607428 1.035455
v 2.474343 0.610157 1.033856
v 2.472000 0.612500 1.031314
v 2.470202 0.614298 1.028000
v 2.469072 0.615428 1.024141
v 2.468686 0.615814 1.020000
v 2.469072 0.615428 1.015859
v 2.470202 0.614298 1.012000
v 2.472000 0.612500 1.008686
v 2.474343 0.610157 1.006144
v 2.477072 0.607428 1.004545
v 2.478415 0.608326 1.035455
v 2.476938 0.611891 1.033856
v 2.475670 0.614953 1.031314
v 2.474697 0.617302 1.028000
v 2.474086 0.618778 1.024141
v 2.473877 0.619282 1.020000
v 2.474086 0.618778 1.015859
v 2.474697 0.617302 1.012000
v 2.475670 0.614953 1.008686
v 2.476938 0.611891 1.006144
v 2.478415 0.608326 1.004545
v 2.480000 0.608641 1.035455
v 2.480000 0.612500 1.033856
v 2.480000 0.615814 1.031314
v 2.480000 0.618356 1.028000
v 2.480000 0.619955 1.024141
v 2.480000 0.620500 1.020000
v 2.480000 0.619955 1.015859
v 2.480000 0.618356 1.012000
v 2.480000 0.615814 1.008686
v 2.480000 0.612500 1.006144
v 2.480000 0.608641 1.004545
v 2.481585 0.608326 1.035455
v 2.483062 0.611891 1.033856
v 2.484329 0.614953 1.031314
v 2.485303 0.617302 1.028000
v 2.485914 0.618778 1.024141
v 2.486123 0.619282 1.020000
v 2.485914 0.618778 1.015859
v 2.485303 0.617302 1.012000
v 2.484329 0.614953 1.008686
v 2.483062 0.611891 1.006144
v 2.481585 0.608326 1.004545
v 2.482928 0.607428 1.035455
v 2.485657 0.610157 1.033856
v 2.488000 0.612500 1.031314
v 2.489798 0.614298 1.028000
v 2.490928 0.615428 1.024141
v 2.491314 0.615814 1.020000
v 2.490928 0.615428 1.015859
v 2.489798 0.614298 1.012000
v 2.488000 0.612500 1.008686
v 2.485657 0.610157 1.006144
v 2.482928 0.607428 1.004545
v 2.483826 0.606085 1.035455
v 2.487391 0.607561 1.033856
v 2.490453 0.608830 1.031314
v 2.492802 0.609803 1.028000
v 2.494278 0.610414 1.024141
v 2.494782 0.610623 1.020000
v 2.494278 0.610414 1.015859
v 2.492802 0.609803 1.012000
v 2.490453 0.608830 1.008686
v 2.487391 0.607561 1.006144
v 2.483826 0.606085 1.004545
v 2.484141 0.604500 1.035455
v 2.488000 0.604500 1.033856
v 2.491314 0.604500 1.031314
v 2.493856 0.604500 1.028000
v 2.495455 0.604500 1.024141
v 2.496000 0.604500 1.020000
v 2.495455 0.604500 1.015859
v 2.493856 0.604500 1.012000
v 2.491314 0.604500 1.008686
v 2.488000 0.604500 1.006144
v 2.484141 0.604500 1.004545
v 2.483826 0.602915 1.035455
v 2.487391 0.601439 1.033856
v 2.490453 0.600170 1.031314
v 2.492802 0.599197 1.028000
v 2.494278 0.598586 1.024141
v 2.494782 0.598377 1.020000
v 2.494278 0.598586 1.015859
v 2.492802 0.599197 1.012000
v 2.490453 0.600170 1.008686
v 2.487391 0.601439 1.006144
v 2.483826 0.602915 1.004545
v 2.482928 0.601572 1.035455
v 2.485657 0.598843 1.033856
v 2.488000 0.596500 1.031314
v 2.489798 0.594702 1.028000
v 2.490928 0.593572 1.024141
v 2.491314 0.593186 1.020000
v 2.490928 0.593572 1.015859
v 2.489798 0.594702 1.012000
v 2.488000 0.596500 1.008686
v 2.485657 0.598843 1.006144
v 2.482928 0.601572 1.004545
v 2.481585 0.600674 1.035455
v 2.483062 0.597109 1.033856
v 2.484329 0.594047 1.031314
v 2.485303 0.591698 1.028000
v 2.485914 0.590222 1.024141
v 2.486123 0.589718 1.020000
v 2.485914 0.590222 1.015859
v 2.485303 0.591698 1.012000
v 2.484329 0.594047 1.008686
v 2.483062 0.597109 1.006144
v 2.481585 0.600674 1.004545
v 2.480000 0.593186 1.031314
v 2.480000 0.593186 1.008686
v 2.360000 0.604500 1.036000
v 2.360000 0.600359 1.035455
v 2.360000 0.596500 1.033856
v 2.360000 0.590644 1.028000
v 2.360000 0.589045 1.024141
v 2.360000 0.588500 1.020000
v 2.360000 0.589045 1.015859
v 2.360000 0.590644 1.012000
v 2.360000 0.596500 1.006144
v 2.360000 0.600359 1.004545
v 2.360000 0.604500 1.004000
v 2.358415 0.600674 1.035455
v 2.356938 0.597109 1.033856
v 2.355670 0.594047 1.031314
v 2.354697 0.591698 1.028000
v 2.354085 0.590222 1.024141
v 2.353877 0.589718 1.020000
v 2.354085 0.590222 1.015859
v 2.354697 0.591698 1.012000
v 2.355670 0.594047 1.008686
v 2.356938 0.597109 1.006144
v 2.358415 0.600674 1.004545
v 2.357072 0.601572 1.035455
v 2.354343 0.598843 1.033856
v 2.352000 0.596500 1.031314
v 2.350202 0.594702 1.028000
v 2.349072 0.593572 1.024141
v 2.348686 0.593186 1.020000
v 2.349072 0.593572 1.015859
v 2.350202 0.594702 1.012000
v 2.352000 0.596500 1.008686
v 2.354343 0.598843 1.006144
v 2.357072 0.601572 1.004545
v 2.356174 0.602915 1.035455
v 2.352609 0.601439 1.033856
v 2.349547 0.600170 1.031314
v 2.347198 0.599197 1.028000
v 2.345721 0.598586 1.024141
v 2.345218 0.598377 1.020000
v 2.345721 0.598586 1.015859
v 2.347198 0.599197 1.012000
v 2.349547 0.600170 1.008686
v 2.352609 0.601439 1.006144
v 2.356174 0.602915 1.004545
v 2.355859 0.604500 1.035455
v 2.352000 0.604500 1.033856
v 2.348686 0.604500 1.031314
v 2.346143 0.604500 1.028000
v 2.344545 0.604500 1.024141
v 2.344000 0.604500 1.020000
v 2.344545 0.604500 1.015859
v 2.346143 0.604500 1.012000
v 2.348686 0.604500 1.008686
v 2.352000 0.604500 1.006144
v 2.355859 0.604500 1.004545
v 2.356174 0.606085 1.035455
v 2.352609 0.607561 1.033856
v 2.349547 0.608830 1.031314
v 2.347198 0.609803 1.028000
v 2.345721 0.610414 1.024141
v 2.345218 0.610623 1.020000
v 2.345721 0.610414 1.015859
v 2.347198 0.609803 1.012000
v 2.349547 0.608830 1.008686
v 2.352609 0.607561 1.006144
v 2.356174 0.606085 1.004545
v 2.357072 0.607428 1.035455
v 2.354343 0.610157 1.033856
v 2.352000 0.612500 1.031314
v 2.350202 0.614298 1.028000
v 2.349072 0.615428 1.024141
v 2.348686 0.615814 1.020000
v 2.349072 0.615428 1.015859
v 2.350202 0.614298 1.012000
v 2.352000 0.612500 1.008686
v 2.354343 0.610157 1.006144
v 2.357072 0.607428 1.004545
v 2.358415 0.608326 1.035455
v 2.356938 0.611891 1.033856
v 2.355670 0.614953 1.031314
v 2.354697 0.617302 1.028000
v 2.354085 0.618778 1.024141
v 2.353877 0.619282 1.020000
v 2.354085 0.618778 1.015859
v 2.354697 0.617302 1.012000
v 2.355670 0.614953 1.008686
v 2.356938 0.611891 1.006144
v 2.358415 0.608326 1.004545
v 2.360000 0.608641 1.035455
v 2.360000 0.612500 1.033856
v 2.360000 0.615814 1.031314
v 2.360000 0.618356 1.028000
v 2.360000 0.619955 1.024141
v 2.360000 0.620500 1.020000
v 2.360000 0.619955 1.015859
v 2.360000 0.618356 1.012000
v 2.360000 0.615814 1.008686
v 2.360000 0.612500 1.006144
v 2.360000 0.608641 1.004545
v 2.361585 0.608326 1.035455
v 2.363061 0.611891 1.033856
v 2.364329 0.614953 1.031314
v 2.365303 0.617302 1.028000
v 2.365914 0.618778 1.024141
v 2.366123 0.619282 1.020000
v 2.365914 0.618778 1.015859
v 2.365303 0.617302 1.012000
v 2.364329 0.614953 1.008686
v 2.363061 0.611891 1.006144
v 2.361585 0.608326 1.004545
v 2.362928 0.607428 1.035455
v 2.365657 0.610157 1.033856
v 2.368000 0.612500 1.031314
v 2.369798 0.614298 1.028000
v 2.370928 0.615428 1.024141
v 2.371314 0.615814 1.020000
v 2.370928 0.615428 1.015859
v 2.369798 0.614298 1.012000
v 2.368000 0.612500 1.008686
v 2.365657 0.610157 1.006144
v 2.362928 0.607428 1.004545
v 2.363826 0.606085 1.035455
v 2.367391 0.607561 1.033856
v 2.370452 0.608830 1.031314
v 2.372802 0.609803 1.028000
v 2.374278 0.610414 1.024141
v 2.374782 0.610623 1.020000
v 2.374278 0.610414 1.015859
v 2.372802 0.609803 1.012000
v 2.370452 0.608830 1.008686
v 2.367391 0.607561 1.006144
v 2.363826 0.606085 1.004545
v 2.364141 0.604500 1.035455
v 2.368000 0.604500 1.033856
v 2.371314 0.604500 1.031314
v 2.373856 0.604500 1.028000
v 2.375455 0.604500 1.024141
v 2.376000 0.604500 1.020000
v 2.375455 0.604500 1.015859
v 2.373856 0.604500 1.012000
v 2.371314 0.604500 1.008686
v 2.368000 0.604500 1.006144
v 2.364141 0.604500 1.004545
v 2.363826 0.602915 1.035455
v 2.367391 0.601439 1.033856
v 2.370452 0.600170 1.031314
v 2.372802 0.599197 1.028000
v 2.374278 0.598586 1.024141
v 2.374782 0.598377 1.020000
v 2.374278 0.598586 1.015859
v 2.372802 0.599197 1.012000
v 2.370452 0.600170 1.008686
v 2.367391 0.601439 1.006144
v 2.363826 0.602915 1.004545
v 2.362928 0.601572 1.035455
v 2.365657 0.598843 1.033856
v 2.368000 0.596500 1.031314
v 2.369798 0.594702 1.028000
v 2.370928 0.593572 1.024141
v 2.371314 0.593186 1.020000
v 2.370928 0.593572 1.015859
v 2.369798 0.594702 1.012000
v 2.368000 0.596500 1.008686
v 2.365657 0.598843 1.006144
v 2.362928 0.601572 1.004545
v 2.361585 0.600674 1.035455
v 2.363061 0.597109 1.033856
v 2.364329 0.594047 1.031314
v 2.365303 0.591698 1.028000
v 2.365914 0.590222 1.024141
v 2.366123 0.589718 1.020000
v 2.365914 0.590222 1.015859
v 2.365303 0.591698 1.012000
v 2.364329 0.594047 1.008686
v 2.363061 0.597109 1.006144
v 2.361585 0.600674 1.004545
v 2.360000 0.593186 1.031314
v 2.360000 0.593186 1.008686
v 2.890000 0.539500 0.000000
v 2.890000 0.539500 0.050000
v 2.890000 0.019500 0.000000
v 2.890000 0.019500 0.050000
v 1.950000 0.539500 0.000000
v 1.950000 0.539500 0.050000
v 1.950000 0.019500 0.000000
v 1.950000 0.019500 0.050000
v 8.720000 5.050114 1.528591
v 8.720000 5.190114 1.408591
v 8.715298 5.049119 1.527431
v 8.715298 5.189119 1.407431
v 8.712392 5.046516 1.524394
v 8.712392 5.186516 1.404394
v 8.712392 5.043299 1.520640
v 8.712392 5.183299 1.400640
v 8.715298 5.040696 1.517603
v 8.715298 5.180696 1.397603
v 8.720000 5.039701 1.516443
v 8.720000 5.179701 1.396443
v 8.724702 5.040696 1.517603
v 8.724702 5.180696 1.397603
v 8.727609 5.043299 1.520640
v 8.727609 5.183299 1.400640
v 8.727609 5.046516 1.524394
v 8.727609 5.186516 1.404394
v 8.724702 5.049119 1.527431
v 8.724702 5.189119 1.407431
v 8.715491 5.042305 1.528591
v 8.594248 4.972304 1.408591
v 8.718703 5.038729 1.527431
v 8.597460 4.968729 1.407431
v 8.722411 5.037514 1.524394
v 8.601168 4.967514 1.404394
v 8.725198 5.039123 1.520640
v 8.603954 4.969123 1.400640
v 8.725999 5.042941 1.517603
v 8.604755 4.972941 1.397603
v 8.724509 5.047511 1.516443
v 8.603266 4.977511 1.396443
v 8.721296 5.051086 1.517603
v 8.600053 4.981086 1.397603
v 8.717589 5.052301 1.520640
v 8.596346 4.982301 1.400640
v 8.714803 5.050692 1.524394
v 8.593559 4.980692 1.404394
v 8.714001 5.046874 1.527431
v 8.592757 4.976874 1.407431
v 8.724509 5.042305 1.528591
v 8.845753 4.972304 1.408591
v 8.725999 5.046874 1.527431
v 8.847242 4.976874 1.407431
v 8.725198 5.050692 1.524394
v 8.846441 4.980692 1.404394
v 8.722411 5.052301 1.520640
v 8.843655 4.982301 1.400640
v 8.718703 5.051086 1.517603
v 8.839947 4.981086 1.397603
v 8.715491 5.047511 1.516443
v 8.836735 4.977511 1.396443
v 8.714001 5.042941 1.517603
v 8.835244 4.972941 1.397603
v 8.714803 5.039123 1.520640
v 8.836046 4.969123 1.400640
v 8.717589 5.037514 1.524394
v 8.838833 4.967514 1.404394
v 8.721296 5.038729 1.527431
v 8.842540 4.968729 1.407431
v 8.990853 5.201284 0.005034
v 8.694153 5.029985 1.740871
v 8.992623 5.194801 0.004697
v 8.695924 5.023501 1.740533
v 8.990959 5.188346 0.003776
v 8.694260 5.017046 1.739612
v 8.986307 5.183649 0.002517
v 8.689608 5.012350 1.738353
v 8.979914 5.181969 0.001259
v 8.683214 5.010670 1.737095
v 8.973492 5.183756 0.000337
v 8.676792 5.012456 1.736174
v 8.968762 5.188530 0.000000
v 8.672063 5.017231 1.735836
v 8.966992 5.195014 0.000337
v 8.670293 5.023715 1.736174
v 8.968656 5.201469 0.001259
v 8.671956 5.030169 1.737095
v 8.973308 5.206166 0.002517
v 8.676608 5.034866 1.738354
v 8.979701 5.207846 0.003776
v 8.683002 5.036547 1.739612
v 8.986123 5.206059 0.004697
v 8.689424 5.034760 1.740533
v 8.449147 5.201284 0.005035
v 8.745847 5.029985 1.740871
v 8.453876 5.206059 0.004697
v 8.750576 5.034760 1.740533
v 8.460299 5.207846 0.003776
v 8.756998 5.036547 1.739612
v 8.466692 5.206166 0.002517
v 8.763391 5.034866 1.738354
v 8.471344 5.201469 0.001259
v 8.768044 5.030169 1.737095
v 8.473008 5.195014 0.000337
v 8.769708 5.023715 1.736174
v 8.471237 5.188530 0.000000
v 8.767938 5.017231 1.735836
v 8.466508 5.183756 0.000337
v 8.763207 5.012456 1.736174
v 8.460086 5.181969 0.001259
v 8.756785 5.010670 1.737095
v 8.453692 5.183649 0.002517
v 8.750392 5.012350 1.738354
v 8.449040 5.188346 0.003776
v 8.745740 5.017046 1.739612
v 8.447377 5.194801 0.004697
v 8.744077 5.023501 1.740533
v 8.720000 4.732153 0.005035
v 8.720000 5.074753 1.740871
v 8.713500 4.733862 0.004697
v 8.713500 5.076462 1.740534
v 8.708741 4.738531 0.003776
v 8.708741 5.081130 1.739612
v 8.707000 4.744907 0.002517
v 8.707000 5.087507 1.738354
v 8.708741 4.751285 0.001259
v 8.708741 5.093884 1.737095
v 8.713500 4.755953 0.000337
v 8.713500 5.098552 1.736174
v 8.720000 4.757661 0.000000
v 8.720000 5.100261 1.735836
v 8.726500 4.755953 0.000337
v 8.726500 5.098552 1.736174
v 8.731258 4.751285 0.001259
v 8.731258 5.093884 1.737095
v 8.733000 4.744907 0.002517
v 8.733000 5.087507 1.738354
v 8.731258 4.738531 0.003776
v 8.731258 5.081130 1.739612
v 8.726500 4.733862 0.004697
v 8.726500 5.076462 1.740534
v 2.140000 4.889000 0.064000
v 2.140000 4.865000 0.064000
v 2.152246 4.889000 0.061564
v 2.152246 4.865000 0.061564
v 2.162628 4.889000 0.054627
v 2.162628 4.865000 0.054627
v 2.169564 4.889000 0.044246
v 2.169564 4.865000 0.044246
v 2.172000 4.889000 0.032000
v 2.172000 4.865000 0.032000
v 2.169564 4.889000 0.019754
v 2.169564 4.865000 0.019754
v 2.162628 4.889000 0.009373
v 2.162628 4.865000 0.009373
v 2.152246 4.889000 0.002436
v 2.152246 4.865000 0.002436
v 2.140000 4.889000 0.000000
v 2.140000 4.865000 0.000000
v 2.127754 4.889000 0.002436
v 2.127754 4.865000 0.002436
v 2.117373 4.889000 0.009373
v 2.117373 4.865000 0.009373
v 2.110436 4.889000 0.019754
v 2.110436 4.865000 0.019754
v 2.108000 4.889000 0.032000
v 2.108000 4.865000 0.032000
v 2.110436 4.889000 0.044246
v 2.110436 4.865000 0.044246
v 2.117373 4.889000 0.054627
v 2.117373 4.865000 0.054627
v 2.127754 4.889000 0.061564
v 2.127754 4.865000 0.061564
v 2.140000 5.149000 0.064000
v 2.140000 5.125000 0.064000
v 2.152246 5.149000 0.061564
v 2.152246 5.125000 0.061564
v 2.162628 5.149000 0.054627
v 2.162628 5.125000 0.054627
v 2.169564 5.149000 0.044246
v 2.169564 5.125000 0.044246
v 2.172000 5.149000 0.032000
v 2.172000 5.125000 0.032000
v 2.169564 5.149000 0.019754
v 2.169564 5.125000 0.019754
v 2.162628 5.149000 0.009373
v 2.162628 5.125000 0.009373
v 2.152246 5.149000 0.002436
v 2.152246 5.125000 0.002436
v 2.140000 5.149000 0.000000
v 2.140000 5.125000 0.000000
v 2.127754 5.149000 0.002436
v 2.127754 5.125000 0.002436
v 2.117373 5.149000 0.009373
v 2.117373 5.125000 0.009373
v 2.110436 5.149000 0.019754
v 2.110436 5.125000 0.019754
v 2.108000 5.149000 0.032000
v 2.108000 5.125000 0.032000
v 2.110436 5.149000 0.044246
v 2.110436 5.125000 0.044246
v 2.117373 5.149000 0.054627
v 2.117373 5.125000 0.054627
v 2.127754 5.149000 0.061564
v 2.127754 5.125000 0.061564
v 2.460000 4.889000 0.064000
v 2.460000 4.865000 0.064000
v 2.472246 4.889000 0.061564
v 2.472246 4.865000 0.061564
v 2.482627 4.889000 0.054627
v 2.482627 4.865000 0.054627
v 2.489564 4.889000 0.044246
v 2.489564 4.865000 0.044246
v 2.492000 4.889000 0.032000
v 2.492000 4.865000 0.032000
v 2.489564 4.889000 0.019754
v 2.489564 4.865000 0.019754
v 2.482627 4.889000 0.009373
v 2.482627 4.865000 0.009373
v 2.472246 4.889000 0.002436
v 2.472246 4.865000 0.002436
v 2.460000 4.889000 0.000000
v 2.460000 4.865000 0.000000
v 2.447754 4.889000 0.002436
v 2.447754 4.865000 0.002436
v 2.437373 4.889000 0.009373
v 2.437373 4.865000 0.009373
v 2.430436 4.889000 0.019754
v 2.430436 4.865000 0.019754
v 2.428000 4.889000 0.032000
v 2.428000 4.865000 0.032000
v 2.430436 4.889000 0.044246
v 2.430436 4.865000 0.044246
v 2.437373 4.889000 0.054627
v 2.437373 4.865000 0.054627
v 2.447754 4.889000 0.061564
v 2.447754 4.865000 0.061564
v 2.460000 5.149000 0.064000
v 2.460000 5.125000 0.064000
v 2.472246 5.149000 0.061564
v 2.472246 5.125000 0.061564
v 2.482627 5.149000 0.054627
v 2.482627 5.125000 0.054627
v 2.489564 5.149000 0.044246
v 2.489564 5.125000 0.044246
v 2.492000 5.149000 0.032000
v 2.492000 5.125000 0.032000
v 2.489564 5.149000 0.019754
v 2.489564 5.125000 0.019754
v 2.482627 5.149000 0.009373
v 2.482627 5.125000 0.009373
v 2.472246 5.149000 0.002436
v 2.472246 5.125000 0.002436
v 2.460000 5.149000 0.000000
v 2.460000 5.125000 0.000000
v 2.447754 5.149000 0.002436
v 2.447754 5.125000 0.002436
v 2.437373 5.149000 0.009373
v 2.437373 5.125000 0.009373
v 2.430436 5.149000 0.019754
v 2.430436 5.125000 0.019754
v 2.428000 5.149000 0.032000
v 2.428000 5.125000 0.032000
v 2.430436 5.149000 0.044246
v 2.430436 5.125000 0.044246
v 2.437373 5.149000 0.054627
v 2.437373 5.125000 0.054627
v 2.447754 5.149000 0.061564
v 2.447754 5.125000 0.061564
v 2.183500 4.813000 0.497000
v 2.183500 4.807000 0.503000
v 2.177500 4.813000 0.503000
v 2.183500 4.810004 0.497802
v 2.180504 4.813000 0.497802
v 2.180631 4.810131 0.498580
v 2.180504 4.807802 0.503000
v 2.183500 4.807802 0.500004
v 2.180631 4.808580 0.500131
v 2.178302 4.813000 0.500004
v 2.178302 4.810004 0.503000
v 2.179080 4.810131 0.500131
v 2.183500 4.807000 0.601000
v 2.183500 4.813000 0.607000
v 2.177500 4.813000 0.601000
v 2.183500 4.807802 0.603996
v 2.180504 4.807802 0.601000
v 2.180631 4.808580 0.603869
v 2.180504 4.813000 0.606198
v 2.183500 4.810004 0.606198
v 2.180631 4.810131 0.605420
v 2.178302 4.810004 0.601000
v 2.178302 4.813000 0.603996
v 2.179080 4.810131 0.603869
v 2.183500 4.821000 0.497000
v 2.177500 4.821000 0.503000
v 2.183500 4.827000 0.503000
v 2.180504 4.821000 0.497802
v 2.183500 4.823996 0.497802
v 2.180631 4.823869 0.498580
v 2.178302 4.823996 0.503000
v 2.178302 4.821000 0.500004
v 2.179080 4.823869 0.500131
v 2.183500 4.826199 0.500004
v 2.180504 4.826199 0.503000
v 2.180631 4.825420 0.500131
v 2.183500 4.821000 0.607000
v 2.183500 4.827000 0.601000
v 2.177500 4.821000 0.601000
v 2.183500 4.823996 0.606198
v 2.180504 4.821000 0.606198
v 2.180631 4.823869 0.605420
v 2.180504 4.826199 0.601000
v 2.183500 4.826199 0.603996
v 2.180631 4.825420 0.603869
v 2.178302 4.821000 0.603996
v 2.178302 4.823996 0.601000
v 2.179080 4.823869 0.603869
v 2.216500 4.813000 0.497000
v 2.222500 4.813000 0.503000
v 2.216500 4.807000 0.503000
v 2.219496 4.813000 0.497802
v 2.216500 4.810004 0.497802
v 2.219369 4.810131 0.498580
v 2.221699 4.810004 0.503000
v 2.221699 4.813000 0.500004
v 2.220920 4.810131 0.500131
v 2.216500 4.807802 0.500004
v 2.219496 4.807802 0.503000
v 2.219369 4.808580 0.500131
v 2.216500 4.813000 0.607000
v 2.216500 4.807000 0.601000
v 2.222500 4.813000 0.601000
v 2.216500 4.810004 0.606198
v 2.219496 4.813000 0.606198
v 2.219369 4.810131 0.605420
v 2.219496 4.807802 0.601000
v 2.216500 4.807802 0.603996
v 2.219369 4.808580 0.603869
v 2.221699 4.813000 0.603996
v 2.221699 4.810004 0.601000
v 2.220920 4.810131 0.603869
v 2.216500 4.821000 0.497000
v 2.216500 4.827000 0.503000
v 2.222500 4.821000 0.503000
v 2.216500 4.823996 0.497802
v 2.219496 4.821000 0.497802
v 2.219369 4.823869 0.498580
v 2.219496 4.826199 0.503000
v 2.216500 4.826199 0.500004
v 2.219369 4.825420 0.500131
v 2.221699 4.821000 0.500004
v 2.221699 4.823996 0.503000
v 2.220920 4.823869 0.500131
v 2.216500 4.821000 0.607000
v 2.222500 4.821000 0.601000
v 2.216500 4.827000 0.601000
v 2.219496 4.821000 0.606198
v 2.216500 4.823996 0.606198
v 2.219369 4.823869 0.605420
v 2.221699 4.823996 0.601000
v 2.221699 4.821000 0.603996
v 2.220920 4.823869 0.603869
v 2.216500 4.826199 0.603996
v 2.219496 4.826199 0.601000
v 2.219369 4.825420 0.603869
v 2.283500 4.813000 0.357000
v 2.283500 4.807000 0.363000
v 2.277500 4.813000 0.363000
v 2.283500 4.810004 0.357802
v 2.280504 4.813000 0.357802
v 2.280631 4.810131 0.358580
v 2.280504 4.807802 0.363000
v 2.283500 4.807802 0.360004
v 2.280631 4.808580 0.360131
v 2.278302 4.813000 0.360004
v 2.278302 4.810004 0.363000
v 2.279080 4.810131 0.360131
v 2.283500 4.807000 0.461000
v 2.283500 4.813000 0.467000
v 2.277500 4.813000 0.461000
v 2.283500 4.807802 0.463996
v 2.280504 4.807802 0.461000
v 2.280631 4.808580 0.463869
v 2.280504 4.813000 0.466198
v 2.283500 4.810004 0.466198
v 2.280631 4.810131 0.465420
v 2.278302 4.810004 0.461000
v 2.278302 4.813000 0.463996
v 2.279080 4.810131 0.463869
v 2.283500 4.821000 0.357000
v 2.277500 4.821000 0.363000
v 2.283500 4.827000 0.363000
v 2.280504 4.821000 0.357802
v 2.283500 4.823996 0.357802
v 2.280631 4.823869 0.358580
v 2.278302 4.823996 0.363000
v 2.278302 4.821000 0.360004
v 2.279080 4.823869 0.360131
v 2.283500 4.826199 0.360004
v 2.280504 4.826199 0.363000
v 2.280631 4.825420 0.360131
v 2.283500 4.821000 0.467000
v 2.283500 4.827000 0.461000
v 2.277500 4.821000 0.461000
v 2.283500 4.823996 0.466198
v 2.280504 4.821000 0.466198
v 2.280631 4.823869 0.465420
v 2.280504 4.826199 0.461000
v 2.283500 4.826199 0.463996
v 2.280631 4.825420 0.463869
v 2.278302 4.821000 0.463996
v 2.278302 4.823996 0.461000
v 2.279080 4.823869 0.463869
v 2.316500 4.813000 0.357000
v 2.322500 4.813000 0.363000
v 2.316500 4.807000 0.363000
v 2.319496 4.813000 0.357802
v 2.316500 4.810004 0.357802
v 2.319369 4.810131 0.358580
v 2.321698 4.810004 0.363000
v 2.321698 4.813000 0.360004
v 2.320920 4.810131 0.360131
v 2.316500 4.807802 0.360004
v 2.319496 4.807802 0.363000
v 2.319369 4.808580 0.360131
v 2.316500 4.813000 0.467000
v 2.316500 4.807000 0.461000
v 2.322500 4.813000 0.461000
v 2.316500 4.810004 0.466198
v 2.319496 4.813000 0.466198
v 2.319369 4.810131 0.465420
v 2.319496 4.807802 0.461000
v 2.316500 4.807802 0.463996
v 2.319369 4.808580 0.463869
v 2.321698 4.813000 0.463996
v 2.321698 4.810004 0.461000
v 2.320920 4.810131 0.463869
v 2.316500 4.821000 0.357000
v 2.316500 4.827000 0.363000
v 2.322500 4.821000 0.363000
v 2.316500 4.823996 0.357802
v 2.319496 4.821000 0.357802
v 2.319369 4.823869 0.358580
v 2.319496 4.826199 0.363000
v 2.316500 4.826199 0.360004
v 2.319369 4.825420 0.360131
v 2.321698 4.821000 0.360004
v 2.321698 4.823996 0.363000
v 2.320920 4.823869 0.360131
v 2.316500 4.821000 0.467000
v 2.322500 4.821000 0.461000
v 2.316500 4.827000 0.461000
v 2.319496 4.821000 0.466198
v 2.316500 4.823996 0.466198
v 2.319369 4.823869 0.465420
v 2.321698 4.823996 0.461000
v 2.321698 4.821000 0.463996
v 2.320920 4.823869 0.463869
v 2.316500 4.826199 0.463996
v 2.319496 4.826199 0.461000
v 2.319369 4.825420 0.463869
v 2.383500 4.813000 0.497000
v 2.383500 4.807000 0.503000
v 2.377500 4.813000 0.503000
v 2.383500 4.810004 0.497802
v 2.380504 4.813000 0.497802
v 2.380631 4.810131 0.498580
v 2.380504 4.807802 0.503000
v 2.383500 4.807802 0.500004
v 2.380631 4.808580 0.500131
v 2.378302 4.813000 0.500004
v 2.378302 4.810004 0.503000
v 2.379080 4.810131 0.500131
v 2.383500 4.807000 0.601000
v 2.383500 4.813000 0.607000
v 2.377500 4.813000 0.601000
v 2.383500 4.807802 0.603996
v 2.380504 4.807802 0.601000
v 2.380631 4.808580 0.603869
v 2.380504 4.813000 0.606198
v 2.383500 4.810004 0.606198
v 2.380631 4.810131 0.605420
v 2.378302 4.810004 0.601000
v 2.378302 4.813000 0.603996
v 2.379080 4.810131 0.603869
v 2.383500 4.821000 0.497000
v 2.377500 4.821000 0.503000
v 2.383500 4.827000 0.503000
v 2.380504 4.821000 0.497802
v 2.383500 4.823996 0.497802
v 2.380631 4.823869 0.498580
v 2.378302 4.823996 0.503000
v 2.378302 4.821000 0.500004
v 2.379080 4.823869 0.500131
v 2.383500 4.826199 0.500004
v 2.380504 4.826199 0.503000
v 2.380631 4.825420 0.500131
v 2.383500 4.821000 0.607000
v 2.383500 4.827000 0.601000
v 2.377500 4.821000 0.601000
v 2.383500 4.823996 0.606198
v 2.380504 4.821000 0.606198
v 2.380631 4.823869 0.605420
v 2.380504 4.826199 0.601000
v 2.383500 4.826199 0.603996
v 2.380631 4.825420 0.603869
v 2.378302 4.821000 0.603996
v 2.378302 4.823996 0.601000
v 2.379080 4.823869 0.603869
v 2.416500 4.813000 0.497000
v 2.422500 4.813000 0.503000
v 2.416500 4.807000 0.503000
v 2.419496 4.813000 0.497802
v 2.416500 4.810004 0.497802
v 2.419369 4.810131 0.498580
v 2.421699 4.810004 0.503000
v 2.421699 4.813000 0.500004
v 2.420920 4.810131 0.500131
v 2.416500 4.807802 0.500004
v 2.419496 4.807802 0.503000
v 2.419369 4.808580 0.500131
v 2.416500 4.813000 0.607000
v 2.416500 4.807000 0.601000
v 2.422500 4.813000 0.601000
v 2.416500 4.810004 0.606198
v 2.419496 4.813000 0.606198
v 2.419369 4.810131 0.605420
v 2.419496 4.807802 0.601000
v 2.416500 4.807802 0.603996
v 2.419369 4.808580 0.603869
v 2.421699 4.813000 0.603996
v 2.421699 4.810004 0.601000
v 2.420920 4.810131 0.603869
v 2.416500 4.821000 0.497000
v 2.416500 4.827000 0.503000
v 2.422500 4.821000 0.503000
v 2.416500 4.823996 0.497802
v 2.419496 4.821000 0.497802
v 2.419369 4.823869 0.498580
v 2.419496 4.826199 0.503000
v 2.416500 4.826199 0.500004
v 2.419369 4.825420 0.500131
v 2.421699 4.821000 0.500004
v 2.421699 4.823996 0.503000
v 2.420920 4.823869 0.500131
v 2.416500 4.821000 0.607000
v 2.422500 4.821000 0.601000
v 2.416500 4.827000 0.601000
v 2.419496 4.821000 0.606198
v 2.416500 4.823996 0.606198
v 2.419369 4.823869 0.605420
v 2.421699 4.823996 0.601000
v 2.421699 4.821000 0.603996
v 2.420920 4.823869 0.603869
v 2.416500 4.826199 0.603996
v 2.419496 4.826199 0.601000
v 2.419369 4.825420 0.603869
v 2.100000 5.171000 0.846500
v 2.100000 5.171000 0.967500
v 2.095791 5.171837 0.846500
v 2.095791 5.171837 0.967500
v 2.092222 5.174222 0.846500
v 2.092222 5.174222 0.967500
v 2.089837 5.177791 0.846500
v 2.089837 5.177791 0.967500
v 2.089000 5.182000 0.846500
v 2.089000 5.182000 0.967500
v 2.089837 5.186210 0.846500
v 2.089837 5.186210 0.967500
v 2.092222 5.189778 0.846500
v 2.092222 5.189778 0.967500
v 2.095791 5.192163 0.846500
v 2.095791 5.192163 0.967500
v 2.100000 5.193000 0.846500
v 2.100000 5.193000 0.967500
v 2.104210 5.192163 0.846500
v 2.104210 5.192163 0.967500
v 2.107778 5.189778 0.846500
v 2.107778 5.189778 0.967500
v 2.110163 5.186210 0.846500
v 2.110163 5.186210 0.967500
v 2.111000 5.182000 0.846500
v 2.111000 5.182000 0.967500
v 2.110163 5.177791 0.846500
v 2.110163 5.177791 0.967500
v 2.107778 5.174222 0.846500
v 2.107778 5.174222 0.967500
v 2.104210 5.171837 0.846500
v 2.104210 5.171837 0.967500
v 2.500000 5.171000 0.846500
v 2.500000 5.171000 0.967500
v 2.495790 5.171837 0.846500
v 2.495790 5.171837 0.967500
v 2.492222 5.174222 0.846500
v 2.492222 5.174222 0.967500
v 2.489837 5.177791 0.846500
v 2.489837 5.177791 0.967500
v 2.489000 5.182000 0.846500
v 2.489000 5.182000 0.967500
v 2.489837 5.186210 0.846500
v 2.489837 5.186210 0.967500
v 2.492222 5.189778 0.846500
v 2.492222 5.189778 0.967500
v 2.495790 5.192163 0.846500
v 2.495790 5.192163 0.967500
v 2.500000 5.193000 0.846500
v 2.500000 5.193000 0.967500
v 2.504210 5.192163 0.846500
v 2.504210 5.192163 0.967500
v 2.507778 5.189778 0.846500
v 2.507778 5.189778 0.967500
v 2.510163 5.186210 0.846500
v 2.510163 5.186210 0.967500
v 2.511000 5.182000 0.846500
v 2.511000 5.182000 0.967500
v 2.510163 5.177791 0.846500
v 2.510163 5.177791 0.967500
v 2.507778 5.174222 0.846500
v 2.507778 5.174222 0.967500
v 2.504210 5.171837 0.846500
v 2.504210 5.171837 0.967500
v 2.084500 5.182000 0.973000
v 2.515500 5.182000 0.973000
v 2.084500 5.186210 0.972163
v 2.515500 5.186210 0.972163
v 2.084500 5.189778 0.969778
v 2.515500 5.189778 0.969778
v 2.084500 5.192163 0.966210
v 2.515500 5.192163 0.966210
v 2.084500 5.193000 0.962000
v 2.515500 5.193000 0.962000
v 2.084500 5.192163 0.957790
v 2.515500 5.192163 0.957790
v 2.084500 5.189778 0.954222
v 2.515500 5.189778 0.954222
v 2.084500 5.186210 0.951837
v 2.515500 5.186210 0.951837
v 2.084500 5.182000 0.951000
v 2.515500 5.182000 0.951000
v 2.084500 5.177791 0.951837
v 2.515500 5.177791 0.951837
v 2.084500 5.174222 0.954222
v 2.515500 5.174222 0.954222
v 2.084500 5.171837 0.957790
v 2.515500 5.171837 0.957790
v 2.084500 5.171000 0.962000
v 2.515500 5.171000 0.962000
v 2.084500 5.171837 0.966210
v 2.515500 5.171837 0.966210
v 2.084500 5.174222 0.969778
v 2.515500 5.174222 0.969778
v 2.084500 5.177791 0.972163
v 2.515500 5.177791 0.972163
v 2.160000 4.823000 0.178000
v 2.160000 4.817000 0.178000
v 2.164243 4.823000 0.176243
v 2.164243 4.817000 0.176243
v 2.166000 4.823000 0.172000
v 2.166000 4.817000 0.172000
v 2.164243 4.823000 0.167757
v 2.164243 4.817000 0.167757
v 2.160000 4.823000 0.166000
v 2.160000 4.817000 0.166000
v 2.155757 4.823000 0.167757
v 2.155757 4.817000 0.167757
v 2.154000 4.823000 0.172000
v 2.154000 4.817000 0.172000
v 2.155757 4.823000 0.176243
v 2.155757 4.817000 0.176243
v 2.160000 4.823000 0.246000
v 2.160000 4.817000 0.246000
v 2.164243 4.823000 0.244243
v 2.164243 4.817000 0.244243
v 2.166000 4.823000 0.240000
v 2.166000 4.817000 0.240000
v 2.164243 4.823000 0.235757
v 2.164243 4.817000 0.235757
v 2.160000 4.823000 0.234000
v 2.160000 4.817000 0.234000
v 2.155757 4.823000 0.235757
v 2.155757 4.817000 0.235757
v 2.154000 4.823000 0.240000
v 2.154000 4.817000 0.240000
v 2.155757 4.823000 0.244243
v 2.155757 4.817000 0.244243
v 2.160000 4.823000 0.314000
v 2.160000 4.817000 0.314000
v 2.164243 4.823000 0.312243
v 2.164243 4.817000 0.312243
v 2.166000 4.823000 0.308000
v 2.166000 4.817000 0.308000
v 2.164243 4.823000 0.303757
v 2.164243 4.817000 0.303757
v 2.160000 4.823000 0.302000
v 2.160000 4.817000 0.302000
v 2.155757 4.823000 0.303757
v 2.155757 4.817000 0.303757
v 2.154000 4.823000 0.308000
v 2.154000 4.817000 0.308000
v 2.155757 4.823000 0.312243
v 2.155757 4.817000 0.312243
v 2.160000 4.823000 0.382000
v 2.160000 4.817000 0.382000
v 2.164243 4.823000 0.380243
v 2.164243 4.817000 0.380243
v 2.166000 4.823000 0.376000
v 2.166000 4.817000 0.376000
v 2.164243 4.823000 0.371757
v 2.164243 4.817000 0.371757
v 2.160000 4.823000 0.370000
v 2.160000 4.817000 0.370000
v 2.155757 4.823000 0.371757
v 2.155757 4.817000 0.371757
v 2.154000 4.823000 0.376000
v 2.154000 4.817000 0.376000
v 2.155757 4.823000 0.380243
v 2.155757 4.817000 0.380243
v 2.160000 4.823000 0.450000
v 2.160000 4.817000 0.450000
v 2.164243 4.823000 0.448243
v 2.164243 4.817000 0.448243
v 2.166000 4.823000 0.444000
v 2.166000 4.817000 0.444000
v 2.164243 4.823000 0.439757
v 2.164243 4.817000 0.439757
v 2.160000 4.823000 0.438000
v 2.160000 4.817000 0.438000
v 2.155757 4.823000 0.439757
v 2.155757 4.817000 0.439757
v 2.154000 4.823000 0.444000
v 2.154000 4.817000 0.444000
v 2.155757 4.823000 0.448243
v 2.155757 4.817000 0.448243
v 2.160000 4.823000 0.518000
v 2.160000 4.817000 0.518000
v 2.164243 4.823000 0.516243
v 2.164243 4.817000 0.516243
v 2.166000 4.823000 0.512000
v 2.166000 4.817000 0.512000
v 2.164243 4.823000 0.507757
v 2.164243 4.817000 0.507757
v 2.160000 4.823000 0.506000
v 2.160000 4.817000 0.506000
v 2.155757 4.823000 0.507757
v 2.155757 4.817000 0.507757
v 2.154000 4.823000 0.512000
v 2.154000 4.817000 0.512000
v 2.155757 4.823000 0.516243
v 2.155757 4.817000 0.516243
v 2.160000 4.823000 0.586000
v 2.160000 4.817000 0.586000
v 2.164243 4.823000 0.584243
v 2.164243 4.817000 0.584243
v 2.166000 4.823000 0.580000
v 2.166000 4.817000 0.580000
v 2.164243 4.823000 0.575757
v 2.164243 4.817000 0.575757
v 2.160000 4.823000 0.574000
v 2.160000 4.817000 0.574000
v 2.155757 4.823000 0.575757
v 2.155757 4.817000 0.575757
v 2.154000 4.823000 0.580000
v 2.154000 4.817000 0.580000
v 2.155757 4.823000 0.584243
v 2.155757 4.817000 0.584243
v 2.160000 4.823000 0.654000
v 2.160000 4.817000 0.654000
v 2.164243 4.823000 0.652243
v 2.164243 4.817000 0.652243
v 2.166000 4.823000 0.648000
v 2.166000 4.817000 0.648000
v 2.164243 4.823000 0.643757
v 2.164243 4.817000 0.643757
v 2.160000 4.823000 0.642000
v 2.160000 4.817000 0.642000
v 2.155757 4.823000 0.643757
v 2.155757 4.817000 0.643757
v 2.154000 4.823000 0.648000
v 2.154000 4.817000 0.648000
v 2.155757 4.823000 0.652243
v 2.155757 4.817000 0.652243
v 2.160000 4.823000 0.722000
v 2.160000 4.817000 0.722000
v 2.164243 4.823000 0.720243
v 2.164243 4.817000 0.720243
v 2.166000 4.823000 0.716000
v 2.166000 4.817000 0.716000
v 2.164243 4.823000 0.711757
v 2.164243 4.817000 0.711757
v 2.160000 4.823000 0.710000
v 2.160000 4.817000 0.710000
v 2.155757 4.823000 0.711757
v 2.155757 4.817000 0.711757
v 2.154000 4.823000 0.716000
v 2.154000 4.817000 0.716000
v 2.155757 4.823000 0.720243
v 2.155757 4.817000 0.720243
v 2.230000 4.823000 0.178000
v 2.230000 4.817000 0.178000
v 2.234243 4.823000 0.176243
v 2.234243 4.817000 0.176243
v 2.236000 4.823000 0.172000
v 2.236000 4.817000 0.172000
v 2.234243 4.823000 0.167757
v 2.234243 4.817000 0.167757
v 2.230000 4.823000 0.166000
v 2.230000 4.817000 0.166000
v 2.225757 4.823000 0.167757
v 2.225757 4.817000 0.167757
v 2.224000 4.823000 0.172000
v 2.224000 4.817000 0.172000
v 2.225757 4.823000 0.176243
v 2.225757 4.817000 0.176243
v 2.230000 4.823000 0.246000
v 2.230000 4.817000 0.246000
v 2.234243 4.823000 0.244243
v 2.234243 4.817000 0.244243
v 2.236000 4.823000 0.240000
v 2.236000 4.817000 0.240000
v 2.234243 4.823000 0.235757
v 2.234243 4.817000 0.235757
v 2.230000 4.823000 0.234000
v 2.230000 4.817000 0.234000
v 2.225757 4.823000 0.235757
v 2.225757 4.817000 0.235757
v 2.224000 4.823000 0.240000
v 2.224000 4.817000 0.240000
v 2.225757 4.823000 0.244243
v 2.225757 4.817000 0.244243
v 2.230000 4.823000 0.314000
v 2.230000 4.817000 0.314000
v 2.234243 4.823000 0.312243
v 2.234243 4.817000 0.312243
v 2.236000 4.823000 0.308000
v 2.236000 4.817000 0.308000
v 2.234243 4.823000 0.303757
v 2.234243 4.817000 0.303757
v 2.230000 4.823000 0.302000
v 2.230000 4.817000 0.302000
v 2.225757 4.823000 0.303757
v 2.225757 4.817000 0.303757
v 2.224000 4.823000 0.308000
v 2.224000 4.817000 0.308000
v 2.225757 4.823000 0.312243
v 2.225757 4.817000 0.312243
v 2.230000 4.823000 0.382000
v 2.230000 4.817000 0.382000
v 2.234243 4.823000 0.380243
v 2.234243 4.817000 0.380243
v 2.236000 4.823000 0.376000
v 2.236000 4.817000 0.376000
v 2.234243 4.823000 0.371757
v 2.234243 4.817000 0.371757
v 2.230000 4.823000 0.370000
v 2.230000 4.817000 0.370000
v 2.225757 4.823000 0.371757
v 2.225757 4.817000 0.371757
v 2.224000 4.823000 0.376000
v 2.224000 4.817000 0.376000
v 2.225757 4.823000 0.380243
v 2.225757 4.817000 0.380243
v 2.230000 4.823000 0.450000
v 2.230000 4.817000 0.450000
v 2.234243 4.823000 0.448243
v 2.234243 4.817000 0.448243
v 2.236000 4.823000 0.444000
v 2.236000 4.817000 0.444000
v 2.234243 4.823000 0.439757
v 2.234243 4.817000 0.439757
v 2.230000 4.823000 0.438000
v 2.230000 4.817000 0.438000
v 2.225757 4.823000 0.439757
v 2.225757 4.817000 0.439757
v 2.224000 4.823000 0.444000
v 2.224000 4.817000 0.444000
v 2.225757 4.823000 0.448243
v 2.225757 4.817000 0.448243
v 2.230000 4.823000 0.518000
v 2.230000 4.817000 0.518000
v 2.234243 4.823000 0.516243
v 2.234243 4.817000 0.516243
v 2.236000 4.823000 0.512000
v 2.236000 4.817000 0.512000
v 2.234243 4.823000 0.507757
v 2.234243 4.817000 0.507757
v 2.230000 4.823000 0.506000
v 2.230000 4.817000 0.506000
v 2.225757 4.823000 0.507757
v 2.225757 4.817000 0.507757
v 2.224000 4.823000 0.512000
v 2.224000 4.817000 0.512000
v 2.225757 4.823000 0.516243
v 2.225757 4.817000 0.516243
v 2.230000 4.823000 0.586000
v 2.230000 4.817000 0.586000
v 2.234243 4.823000 0.584243
v 2.234243 4.817000 0.584243
v 2.236000 4.823000 0.580000
v 2.236000 4.817000 0.580000
v 2.234243 4.823000 0.575757
v 2.234243 4.817000 0.575757
v 2.230000 4.823000 0.574000
v 2.230000 4.817000 0.574000
v 2.225757 4.823000 0.575757
v 2.225757 4.817000 0.575757
v 2.224000 4.823000 0.580000
v 2.224000 4.817000 0.580000
v 2.225757 4.823000 0.584243
v 2.225757 4.817000 0.584243
v 2.230000 4.823000 0.654000
v 2.230000 4.817000 0.654000
v 2.234243 4.823000 0.652243
v 2.234243 4.817000 0.652243
v 2.236000 4.823000 0.648000
v 2.236000 4.817000 0.648000
v 2.234243 4.823000 0.643757
v 2.234243 4.817000 0.643757
v 2.230000 4.823000 0.642000
v 2.230000 4.817000 0.642000
v 2.225757 4.823000 0.643757
v 2.225757 4.817000 0.643757
v 2.224000 4.823000 0.648000
v 2.224000 4.817000 0.648000
v 2.225757 4.823000 0.652243
v 2.225757 4.817000 0.652243
v 2.230000 4.823000 0.722000
v 2.230000 4.817000 0.722000
v 2.234243 4.823000 0.720243
v 2.234243 4.817000 0.720243
v 2.236000 4.823000 0.716000
v 2.236000 4.817000 0.716000
v 2.234243 4.823000 0.711757
v 2.234243 4.817000 0.711757
v 2.230000 4.823000 0.710000
v 2.230000 4.817000 0.710000
v 2.225757 4.823000 0.711757
v 2.225757 4.817000 0.711757
v 2.224000 4.823000 0.716000
v 2.224000 4.817000 0.716000
v 2.225757 4.823000 0.720243
v 2.225757 4.817000 0.720243
v 2.300000 4.823000 0.178000
v 2.300000 4.817000 0.178000
v 2.304243 4.823000 0.176243
v 2.304243 4.817000 0.176243
v 2.306000 4.823000 0.172000
v 2.306000 4.817000 0.172000
v 2.304243 4.823000 0.167757
v 2.304243 4.817000 0.167757
v 2.300000 4.823000 0.166000
v 2.300000 4.817000 0.166000
v 2.295758 4.823000 0.167757
v 2.295758 4.817000 0.167757
v 2.294000 4.823000 0.172000
v 2.294000 4.817000 0.172000
v 2.295758 4.823000 0.176243
v 2.295758 4.817000 0.176243
v 2.300000 4.823000 0.246000
v 2.300000 4.817000 0.246000
v 2.304243 4.823000 0.244243
v 2.304243 4.817000 0.244243
v 2.306000 4.823000 0.240000
v 2.306000 4.817000 0.240000
v 2.304243 4.823000 0.235757
v 2.304243 4.817000 0.235757
v 2.300000 4.823000 0.234000
v 2.300000 4.817000 0.234000
v 2.295758 4.823000 0.235757
v 2.295758 4.817000 0.235757
v 2.294000 4.823000 0.240000
v 2.294000 4.817000 0.240000
v 2.295758 4.823000 0.244243
v 2.295758 4.817000 0.244243
v 2.300000 4.823000 0.314000
v 2.300000 4.817000 0.314000
v 2.304243 4.823000 0.312243
v 2.304243 4.817000 0.312243
v 2.306000 4.823000 0.308000
v 2.306000 4.817000 0.308000
v 2.304243 4.823000 0.303757
v 2.304243 4.817000 0.303757
v 2.300000 4.823000 0.302000
v 2.300000 4.817000 0.302000
v 2.295758 4.823000 0.303757
v 2.295758 4.817000 0.303757
v 2.294000 4.823000 0.308000
v 2.294000 4.817000 0.308000
v 2.295758 4.823000 0.312243
v 2.295758 4.817000 0.312243
v 2.300000 4.823000 0.382000
v 2.300000 4.817000 0.382000
v 2.304243 4.823000 0.380243
v 2.304243 4.817000 0.380243
v 2.306000 4.823000 0.376000
v 2.306000 4.817000 0.376000
v 2.304243 4.823000 0.371757
v 2.304243 4.817000 0.371757
v 2.300000 4.823000 0.370000
v 2.300000 4.817000 0.370000
v 2.295758 4.823000 0.371757
v 2.295758 4.817000 0.371757
v 2.294000 4.823000 0.376000
v 2.294000 4.817000 0.376000
v 2.295758 4.823000 0.380243
v 2.295758 4.817000 0.380243
v 2.300000 4.823000 0.450000
v 2.300000 4.817000 0.450000
v 2.304243 4.823000 0.448243
v 2.304243 4.817000 0.448243
v 2.306000 4.823000 0.444000
v 2.306000 4.817000 0.444000
v 2.304243 4.823000 0.439757
v 2.304243 4.817000 0.439757
v 2.300000 4.823000 0.438000
v 2.300000 4.817000 0.438000
v 2.295758 4.823000 0.439757
v 2.295758 4.817000 0.439757
v 2.294000 4.823000 0.444000
v 2.294000 4.817000 0.444000
v 2.295758 4.823000 0.448243
v 2.295758 4.817000 0.448243
v 2.300000 4.823000 0.518000
v 2.300000 4.817000 0.518000
v 2.304243 4.823000 0.516243
v 2.304243 4.817000 0.516243
v 2.306000 4.823000 0.512000
v 2.306000 4.817000 0.512000
v 2.304243 4.823000 0.507757
v 2.304243 4.817000 0.507757
v 2.300000 4.823000 0.506000
v 2.300000 4.817000 0.506000
v 2.295758 4.823000 0.507757
v 2.295758 4.817000 0.507757
v 2.294000 4.823000 0.512000
v 2.294000 4.817000 0.512000
v 2.295758 4.823000 0.516243
v 2.295758 4.817000 0.516243
v 2.300000 4.823000 0.586000
v 2.300000 4.817000 0.586000
v 2.304243 4.823000 0.584243
v 2.304243 4.817000 0.584243
v 2.306000 4.823000 0.580000
v 2.306000 4.817000 0.580000
v 2.304243 4.823000 0.575757
v 2.304243 4.817000 0.575757
v 2.300000 4.823000 0.574000
v 2.300000 4.817000 0.574000
v 2.295758 4.823000 0.575757
v 2.295758 4.817000 0.575757
v 2.294000 4.823000 0.580000
v 2.294000 4.817000 0.580000
v 2.295758 4.823000 0.584243
v 2.295758 4.817000 0.584243
v 2.300000 4.823000 0.654000
v 2.300000 4.817000 0.654000
v 2.304243 4.823000 0.652243
v 2.304243 4.817000 0.652243
v 2.306000 4.823000 0.648000
v 2.306000 4.817000 0.648000
v 2.304243 4.823000 0.643757
v 2.304243 4.817000 0.643757
v 2.300000 4.823000 0.642000
v 2.300000 4.817000 0.642000
v 2.295758 4.823000 0.643757
v 2.295758 4.817000 0.643757
v 2.294000 4.823000 0.648000
v 2.294000 4.817000 0.648000
v 2.295758 4.823000 0.652243
v 2.295758 4.817000 0.652243
v 2.300000 4.823000 0.722000
v 2.300000 4.817000 0.722000
v 2.304243 4.823000 0.720243
v 2.304243 4.817000 0.720243
v 2.306000 4.823000 0.716000
v 2.306000 4.817000 0.716000
v 2.304243 4.823000 0.711757
v 2.304243 4.817000 0.711757
v 2.300000 4.823000 0.710000
v 2.300000 4.817000 0.710000
v 2.295758 4.823000 0.711757
v 2.295758 4.817000 0.711757
v 2.294000 4.823000 0.716000
v 2.294000 4.817000 0.716000
v 2.295758 4.823000 0.720243
v 2.295758 4.817000 0.720243
v 2.370000 4.823000 0.178000
v 2.370000 4.817000 0.178000
v 2.374243 4.823000 0.176243
v 2.374243 4.817000 0.176243
v 2.376000 4.823000 0.172000
v 2.376000 4.817000 0.172000
v 2.374243 4.823000 0.167757
v 2.374243 4.817000 0.167757
v 2.370000 4.823000 0.166000
v 2.370000 4.817000 0.166000
v 2.365757 4.823000 0.167757
v 2.365757 4.817000 0.167757
v 2.364000 4.823000 0.172000
v 2.364000 4.817000 0.172000
v 2.365757 4.823000 0.176243
v 2.365757 4.817000 0.176243
v 2.370000 4.823000 0.246000
v 2.370000 4.817000 0.246000
v 2.374243 4.823000 0.244243
v 2.374243 4.817000 0.244243
v 2.376000 4.823000 0.240000
v 2.376000 4.817000 0.240000
v 2.374243 4.823000 0.235757
v 2.374243 4.817000 0.235757
v 2.370000 4.823000 0.234000
v 2.370000 4.817000 0.234000
v 2.365757 4.823000 0.235757
v 2.365757 4.817000 0.235757
v 2.364000 4.823000 0.240000
v 2.364000 4.817000 0.240000
v 2.365757 4.823000 0.244243
v 2.365757 4.817000 0.244243
v 2.370000 4.823000 0.314000
v 2.370000 4.817000 0.314000
v 2.374243 4.823000 0.312243
v 2.374243 4.817000 0.312243
v 2.376000 4.823000 0.308000
v 2.376000 4.817000 0.308000
v 2.374243 4.823000 0.303757
v 2.374243 4.817000 0.303757
v 2.370000 4.823000 0.302000
v 2.370000 4.817000 0.302000
v 2.365757 4.823000 0.303757
v 2.365757 4.817000 0.303757
v 2.364000 4.823000 0.308000
v 2.364000 4.817000 0.308000
v 2.365757 4.823000 0.312243
v 2.365757 4.817000 0.312243
v 2.370000 4.823000 0.382000
v 2.370000 4.817000 0.382000
v 2.374243 4.823000 0.380243
v 2.374243 4.817000 0.380243
v 2.376000 4.823000 0.376000
v 2.376000 4.817000 0.376000
v 2.374243 4.823000 0.371757
v 2.374243 4.817000 0.371757
v 2.370000 4.823000 0.370000
v 2.370000 4.817000 0.370000
v 2.365757 4.823000 0.371757
v 2.365757 4.817000 0.371757
v 2.364000 4.823000 0.376000
v 2.364000 4.817000 0.376000
v 2.365757 4.823000 0.380243
v 2.365757 4.817000 0.380243
v 2.370000 4.823000 0.450000
v 2.370000 4.817000 0.450000
v 2.374243 4.823000 0.448243
v 2.374243 4.817000 0.448243
v 2.376000 4.823000 0.444000
v 2.376000 4.817000 0.444000
v 2.374243 4.823000 0.439757
v 2.374243 4.817000 0.439757
v 2.370000 4.823000 0.438000
v 2.370000 4.817000 0.438000
v 2.365757 4.823000 0.439757
v 2.365757 4.817000 0.439757
v 2.364000 4.823000 0.444000
v 2.364000 4.817000 0.444000
v 2.365757 4.823000 0.448243
v 2.365757 4.817000 0.448243
v 2.370000 4.823000 0.518000
v 2.370000 4.817000 0.518000
v 2.374243 4.823000 0.516243
v 2.374243 4.817000 0.516243
v 2.376000 4.823000 0.512000
v 2.376000 4.817000 0.512000
v 2.374243 4.823000 0.507757
v 2.374243 4.817000 0.507757
v 2.370000 4.823000 0.506000
v 2.370000 4.817000 0.506000
v 2.365757 4.823000 0.507757
v 2.365757 4.817000 0.507757
v 2.364000 4.823000 0.512000
v 2.364000 4.817000 0.512000
v 2.365757 4.823000 0.516243
v 2.365757 4.817000 0.516243
v 2.370000 4.823000 0.586000
v 2.370000 4.817000 0.586000
v 2.374243 4.823000 0.584243
v 2.374243 4.817000 0.584243
v 2.376000 4.823000 0.580000
v 2.376000 4.817000 0.580000
v 2.374243 4.823000 0.575757
v 2.374243 4.817000 0.575757
v 2.370000 4.823000 0.574000
v 2.370000 4.817000 0.574000
v 2.365757 4.823000 0.575757
v 2.365757 4.817000 0.575757
v 2.364000 4.823000 0.580000
v 2.364000 4.817000 0.580000
v 2.365757 4.823000 0.584243
v 2.365757 4.817000 0.584243
v 2.370000 4.823000 0.654000
v 2.370000 4.817000 0.654000
v 2.374243 4.823000 0.652243
v 2.374243 4.817000 0.652243
v 2.376000 4.823000 0.648000
v 2.376000 4.817000 0.648000
v 2.374243 4.823000 0.643757
v 2.374243 4.817000 0.643757
v 2.370000 4.823000 0.642000
v 2.370000 4.817000 0.642000
v 2.365757 4.823000 0.643757
v 2.365757 4.817000 0.643757
v 2.364000 4.823000 0.648000
v 2.364000 4.817000 0.648000
v 2.365757 4.823000 0.652243
v 2.365757 4.817000 0.652243
v 2.370000 4.823000 0.722000
v 2.370000 4.817000 0.722000
v 2.374243 4.823000 0.720243
v 2.374243 4.817000 0.720243
v 2.376000 4.823000 0.716000
v 2.376000 4.817000 0.716000
v 2.374243 4.823000 0.711757
v 2.374243 4.817000 0.711757
v 2.370000 4.823000 0.710000
v 2.370000 4.817000 0.710000
v 2.365757 4.823000 0.711757
v 2.365757 4.817000 0.711757
v 2.364000 4.823000 0.716000
v 2.364000 4.817000 0.716000
v 2.365757 4.823000 0.720243
v 2.365757 4.817000 0.720243
v 2.440000 4.823000 0.178000
v 2.440000 4.817000 0.178000
v 2.444243 4.823000 0.176243
v 2.444243 4.817000 0.176243
v 2.446000 4.823000 0.172000
v 2.446000 4.817000 0.172000
v 2.444243 4.823000 0.167757
v 2.444243 4.817000 0.167757
v 2.440000 4.823000 0.166000
v 2.440000 4.817000 0.166000
v 2.435757 4.823000 0.167757
v 2.435757 4.817000 0.167757
v 2.434000 4.823000 0.172000
v 2.434000 4.817000 0.172000
v 2.435757 4.823000 0.176243
v 2.435757 4.817000 0.176243
v 2.440000 4.823000 0.246000
v 2.440000 4.817000 0.246000
v 2.444243 4.823000 0.244243
v 2.444243 4.817000 0.244243
v 2.446000 4.823000 0.240000
v 2.446000 4.817000 0.240000
v 2.444243 4.823000 0.235757
v 2.444243 4.817000 0.235757
v 2.440000 4.823000 0.234000
v 2.440000 4.817000 0.234000
v 2.435757 4.823000 0.235757
v 2.435757 4.817000 0.235757
v 2.434000 4.823000 0.240000
v 2.434000 4.817000 0.240000
v 2.435757 4.823000 0.244243
v 2.435757 4.817000 0.244243
v 2.440000 4.823000 0.314000
v 2.440000 4.817000 0.314000
v 2.444243 4.823000 0.312243
v 2.444243 4.817000 0.312243
v 2.446000 4.823000 0.308000
v 2.446000 4.817000 0.308000
v 2.444243 4.823000 0.303757
v 2.444243 4.817000 0.303757
v 2.440000 4.823000 0.302000
v 2.440000 4.817000 0.302000
v 2.435757 4.823000 0.303757
v 2.435757 4.817000 0.303757
v 2.434000 4.823000 0.308000
v 2.434000 4.817000 0.308000
v 2.435757 4.823000 0.312243
v 2.435757 4.817000 0.312243
v 2.440000 4.823000 0.382000
v 2.440000 4.817000 0.382000
v 2.444243 4.823000 0.380243
v 2.444243 4.817000 0.380243
v 2.446000 4.823000 0.376000
v 2.446000 4.817000 0.376000
v 2.444243 4.823000 0.371757
v 2.444243 4.817000 0.371757
v 2.440000 4.823000 0.370000
v 2.440000 4.817000 0.370000
v 2.435757 4.823000 0.371757
v 2.435757 4.817000 0.371757
v 2.434000 4.823000 0.376000
v 2.434000 4.817000 0.376000
v 2.435757 4.823000 0.380243
v 2.435757 4.817000 0.380243
v 2.440000 4.823000 0.450000
v 2.440000 4.817000 0.450000
v 2.444243 4.823000 0.448243
v 2.444243 4.817000 0.448243
v 2.446000 4.823000 0.444000
v 2.446000 4.817000 0.444000
v 2.444243 4.823000 0.439757
v 2.444243 4.817000 0.439757
v 2.440000 4.823000 0.438000
v 2.440000 4.817000 0.438000
v 2.435757 4.823000 0.439757
v 2.435757 4.817000 0.439757
v 2.434000 4.823000 0.444000
v 2.434000 4.817000 0.444000
v 2.435757 4.823000 0.448243
v 2.435757 4.817000 0.448243
v 2.440000 4.823000 0.518000
v 2.440000 4.817000 0.518000
v 2.444243 4.823000 0.516243
v 2.444243 4.817000 0.516243
v 2.446000 4.823000 0.512000
v 2.446000 4.817000 0.512000
v 2.444243 4.823000 0.507757
v 2.444243 4.817000 0.507757
v 2.440000 4.823000 0.506000
v 2.440000 4.817000 0.506000
v 2.435757 4.823000 0.507757
v 2.435757 4.817000 0.507757
v 2.434000 4.823000 0.512000
v 2.434000 4.817000 0.512000
v 2.435757 4.823000 0.516243
v 2.435757 4.817000 0.516243
v 2.440000 4.823000 0.586000
v 2.440000 4.817000 0.586000
v 2.444243 4.823000 0.584243
v 2.444243 4.817000 0.584243
v 2.446000 4.823000 0.580000
v 2.446000 4.817000 0.580000
v 2.444243 4.823000 0.575757
v 2.444243 4.817000 0.575757
v 2.440000 4.823000 0.574000
v 2.440000 4.817000 0.574000
v 2.435757 4.823000 0.575757
v 2.435757 4.817000 0.575757
v 2.434000 4.823000 0.580000
v 2.434000 4.817000 0.580000
v 2.435757 4.823000 0.584243
v 2.435757 4.817000 0.584243
v 2.440000 4.823000 0.654000
v 2.440000 4.817000 0.654000
v 2.444243 4.823000 0.652243
v 2.444243 4.817000 0.652243
v 2.446000 4.823000 0.648000
v 2.446000 4.817000 0.648000
v 2.444243 4.823000 0.643757
v 2.444243 4.817000 0.643757
v 2.440000 4.823000 0.642000
v 2.440000 4.817000 0.642000
v 2.435757 4.823000 0.643757
v 2.435757 4.817000 0.643757
v 2.434000 4.823000 0.648000
v 2.434000 4.817000 0.648000
v 2.435757 4.823000 0.652243
v 2.435757 4.817000 0.652243
v 2.440000 4.823000 0.722000
v 2.440000 4.817000 0.722000
v 2.444243 4.823000 0.720243
v 2.444243 4.817000 0.720243
v 2.446000 4.823000 0.716000
v 2.446000 4.817000 0.716000
v 2.444243 4.823000 0.711757
v 2.444243 4.817000 0.711757
v 2.440000 4.823000 0.710000
v 2.440000 4.817000 0.710000
v 2.435757 4.823000 0.711757
v 2.435757 4.817000 0.711757
v 2.434000 4.823000 0.716000
v 2.434000 4.817000 0.716000
v 2.435757 4.823000 0.720243
v 2.435757 4.817000 0.720243
v 2.096000 4.829000 0.072000
v 2.096000 4.823000 0.078000
v 2.090000 4.829000 0.078000
v 2.096000 4.826004 0.072802
v 2.093004 4.829000 0.072802
v 2.093131 4.826131 0.073580
v 2.093004 4.823802 0.078000
v 2.096000 4.823802 0.075004
v 2.093131 4.824580 0.075131
v 2.090802 4.829000 0.075004
v 2.090802 4.826004 0.078000
v 2.091580 4.826131 0.075131
v 2.096000 4.823000 0.846000
v 2.096000 4.829000 0.852000
v 2.090000 4.829000 0.846000
v 2.096000 4.823802 0.848996
v 2.093004 4.823802 0.846000
v 2.093131 4.824580 0.848869
v 2.093004 4.829000 0.851198
v 2.096000 4.826004 0.851198
v 2.093131 4.826131 0.850420
v 2.090802 4.826004 0.846000
v 2.090802 4.829000 0.848996
v 2.091580 4.826131 0.848869
v 2.096000 4.835000 0.072000
v 2.090000 4.835000 0.078000
v 2.096000 4.841000 0.078000
v 2.093004 4.835000 0.072802
v 2.096000 4.837996 0.072802
v 2.093131 4.837869 0.073580
v 2.090802 4.837996 0.078000
v 2.090802 4.835000 0.075004
v 2.091580 4.837869 0.075131
v 2.096000 4.840199 0.075004
v 2.093004 4.840199 0.078000
v 2.093131 4.839420 0.075131
v 2.096000 4.835000 0.852000
v 2.096000 4.841000 0.846000
v 2.090000 4.835000 0.846000
v 2.096000 4.837996 0.851198
v 2.093004 4.835000 0.851198
v 2.093131 4.837869 0.850420
v 2.093004 4.840199 0.846000
v 2.096000 4.840199 0.848996
v 2.093131 4.839420 0.848869
v 2.090802 4.835000 0.848996
v 2.090802 4.837996 0.846000
v 2.091580 4.837869 0.848869
v 2.504000 4.829000 0.072000
v 2.510000 4.829000 0.078000
v 2.504000 4.823000 0.078000
v 2.506996 4.829000 0.072802
v 2.504000 4.826004 0.072802
v 2.506869 4.826131 0.073580
v 2.509198 4.826004 0.078000
v 2.509198 4.829000 0.075004
v 2.508420 4.826131 0.075131
v 2.504000 4.823802 0.075004
v 2.506996 4.823802 0.078000
v 2.506869 4.824580 0.075131
v 2.504000 4.829000 0.852000
v 2.504000 4.823000 0.846000
v 2.510000 4.829000 0.846000
v 2.504000 4.826004 0.851198
v 2.506996 4.829000 0.851198
v 2.506869 4.826131 0.850420
v 2.506996 4.823802 0.846000
v 2.504000 4.823802 0.848996
v 2.506869 4.824580 0.848869
v 2.509198 4.829000 0.848996
v 2.509198 4.826004 0.846000
v 2.508420 4.826131 0.848869
v 2.504000 4.835000 0.072000
v 2.504000 4.841000 0.078000
v 2.510000 4.835000 0.078000
v 2.504000 4.837996 0.072802
v 2.506996 4.835000 0.072802
v 2.506869 4.837869 0.073580
v 2.506996 4.840199 0.078000
v 2.504000 4.840199 0.075004
v 2.506869 4.839420 0.075131
v 2.509198 4.835000 0.075004
v 2.509198 4.837996 0.078000
v 2.508420 4.837869 0.075131
v 2.504000 4.835000 0.852000
v 2.510000 4.835000 0.846000
v 2.504000 4.841000 0.846000
v 2.506996 4.835000 0.851198
v 2.504000 4.837996 0.851198
v 2.506869 4.837869 0.850420
v 2.509198 4.837996 0.846000
v 2.509198 4.835000 0.848996
v 2.508420 4.837869 0.848869
v 2.504000 4.840199 0.848996
v 2.506996 4.840199 0.846000
v 2.506869 4.839420 0.848869
v 2.096000 5.179000 0.072000
v 2.096000 5.173000 0.078000
v 2.090000 5.179000 0.078000
v 2.096000 5.176004 0.072802
v 2.093004 5.179000 0.072802
v 2.093131 5.176131 0.073580
v 2.093004 5.173801 0.078000
v 2.096000 5.173801 0.075004
v 2.093131 5.174580 0.075131
v 2.090802 5.179000 0.075004
v 2.090802 5.176004 0.078000
v 2.091580 5.176131 0.075131
v 2.096000 5.173000 0.846000
v 2.096000 5.179000 0.852000
v 2.090000 5.179000 0.846000
v 2.096000 5.173801 0.848996
v 2.093004 5.173801 0.846000
v 2.093131 5.174580 0.848869
v 2.093004 5.179000 0.851198
v 2.096000 5.176004 0.851198
v 2.093131 5.176131 0.850420
v 2.090802 5.176004 0.846000
v 2.090802 5.179000 0.848996
v 2.091580 5.176131 0.848869
v 2.096000 5.185000 0.072000
v 2.090000 5.185000 0.078000
v 2.096000 5.191000 0.078000
v 2.093004 5.185000 0.072802
v 2.096000 5.187996 0.072802
v 2.093131 5.187869 0.073580
v 2.090802 5.187996 0.078000
v 2.090802 5.185000 0.075004
v 2.091580 5.187869 0.075131
v 2.096000 5.190198 0.075004
v 2.093004 5.190198 0.078000
v 2.093131 5.189420 0.075131
v 2.096000 5.185000 0.852000
v 2.096000 5.191000 0.846000
v 2.090000 5.185000 0.846000
v 2.096000 5.187996 0.851198
v 2.093004 5.185000 0.851198
v 2.093131 5.187869 0.850420
v 2.093004 5.190198 0.846000
v 2.096000 5.190198 0.848996
v 2.093131 5.189420 0.848869
v 2.090802 5.185000 0.848996
v 2.090802 5.187996 0.846000
v 2.091580 5.187869 0.848869
v 2.504000 5.179000 0.072000
v 2.510000 5.179000 0.078000
v 2.504000 5.173000 0.078000
v 2.506996 5.179000 0.072802
v 2.504000 5.176004 0.072802
v 2.506869 5.176131 0.073580
v 2.509198 5.176004 0.078000
v 2.509198 5.179000 0.075004
v 2.508420 5.176131 0.075131
v 2.504000 5.173801 0.075004
v 2.506996 5.173801 0.078000
v 2.506869 5.174580 0.075131
v 2.504000 5.179000 0.852000
v 2.504000 5.173000 0.846000
v 2.510000 5.179000 0.846000
v 2.504000 5.176004 0.851198
v 2.506996 5.179000 0.851198
v 2.506869 5.176131 0.850420
v 2.506996 5.173801 0.846000
v 2.504000 5.173801 0.848996
v 2.506869 5.174580 0.848869
v 2.509198 5.179000 0.848996
v 2.509198 5.176004 0.846000
v 2.508420 5.176131 0.848869
v 2.504000 5.185000 0.072000
v 2.504000 5.191000 0.078000
v 2.510000 5.185000 0.078000
v 2.504000 5.187996 0.072802
v 2.506996 5.185000 0.072802
v 2.506869 5.187869 0.073580
v 2.506996 5.190198 0.078000
v 2.504000 5.190198 0.075004
v 2.506869 5.189420 0.075131
v 2.509198 5.185000 0.075004
v 2.509198 5.187996 0.078000
v 2.508420 5.187869 0.075131
v 2.504000 5.185000 0.852000
v 2.510000 5.185000 0.846000
v 2.504000 5.191000 0.846000
v 2.506996 5.185000 0.851198
v 2.504000 5.187996 0.851198
v 2.506869 5.187869 0.850420
v 2.509198 5.187996 0.846000
v 2.509198 5.185000 0.848996
v 2.508420 5.187869 0.848869
v 2.504000 5.190198 0.848996
v 2.506996 5.190198 0.846000
v 2.506869 5.189420 0.848869
v 2.106000 4.833000 0.094500
v 2.106000 4.827000 0.100500
v 2.100000 4.833000 0.100500
v 2.106000 4.830004 0.095302
v 2.103004 4.833000 0.095302
v 2.103131 4.830131 0.096080
v 2.103004 4.827802 0.100500
v 2.106000 4.827802 0.097504
v 2.103131 4.828580 0.097631
v 2.100802 4.833000 0.097504
v 2.100802 4.830004 0.100500
v 2.101580 4.830131 0.097631
v 2.106000 4.827000 0.123500
v 2.106000 4.833000 0.129500
v 2.100000 4.833000 0.123500
v 2.106000 4.827802 0.126496
v 2.103004 4.827802 0.123500
v 2.103131 4.828580 0.126369
v 2.103004 4.833000 0.128698
v 2.106000 4.830004 0.128698
v 2.103131 4.830131 0.127920
v 2.100802 4.830004 0.123500
v 2.100802 4.833000 0.126496
v 2.101580 4.830131 0.126369
v 2.106000 5.181000 0.094500
v 2.100000 5.181000 0.100500
v 2.106000 5.187000 0.100500
v 2.103004 5.181000 0.095302
v 2.106000 5.183996 0.095302
v 2.103131 5.183869 0.096080
v 2.100802 5.183996 0.100500
v 2.100802 5.181000 0.097504
v 2.101580 5.183869 0.097631
v 2.106000 5.186198 0.097504
v 2.103004 5.186198 0.100500
v 2.103131 5.185420 0.097631
v 2.106000 5.181000 0.129500
v 2.106000 5.187000 0.123500
v 2.100000 5.181000 0.123500
v 2.106000 5.183996 0.128698
v 2.103004 5.181000 0.128698
v 2.103131 5.183869 0.127920
v 2.103004 5.186198 0.123500
v 2.106000 5.186198 0.126496
v 2.103131 5.185420 0.126369
v 2.100802 5.181000 0.126496
v 2.100802 5.183996 0.123500
v 2.101580 5.183869 0.126369
v 2.494000 4.833000 0.094500
v 2.500000 4.833000 0.100500
v 2.494000 4.827000 0.100500
v 2.496996 4.833000 0.095302
v 2.494000 4.830004 0.095302
v 2.496869 4.830131 0.096080
v 2.499198 4.830004 0.100500
v 2.499198 4.833000 0.097504
v 2.498420 4.830131 0.097631
v 2.494000 4.827802 0.097504
v 2.496996 4.827802 0.100500
v 2.496869 4.828580 0.097631
v 2.494000 4.833000 0.129500
v 2.494000 4.827000 0.123500
v 2.500000 4.833000 0.123500
v 2.494000 4.830004 0.128698
v 2.496996 4.833000 0.128698
v 2.496869 4.830131 0.127920
v 2.496996 4.827802 0.123500
v 2.494000 4.827802 0.126496
v 2.496869 4.828580 0.126369
v 2.499198 4.833000 0.126496
v 2.499198 4.830004 0.123500
v 2.498420 4.830131 0.126369
v 2.494000 5.181000 0.094500
v 2.494000 5.187000 0.100500
v 2.500000 5.181000 0.100500
v 2.494000 5.183996 0.095302
v 2.496996 5.181000 0.095302
v 2.496869 5.183869 0.096080
v 2.496996 5.186198 0.100500
v 2.494000 5.186198 0.097504
v 2.496869 5.185420 0.097631
v 2.499198 5.181000 0.097504
v 2.499198 5.183996 0.100500
v 2.498420 5.183869 0.097631
v 2.494000 5.181000 0.129500
v 2.500000 5.181000 0.123500
v 2.494000 5.187000 0.123500
v 2.496996 5.181000 0.128698
v 2.494000 5.183996 0.128698
v 2.496869 5.183869 0.127920
v 2.499198 5.183996 0.123500
v 2.499198 5.181000 0.126496
v 2.498420 5.183869 0.126369
v 2.494000 5.186198 0.126496
v 2.496996 5.186198 0.123500
v 2.496869 5.185420 0.126369
v 2.106000 4.833000 0.414500
v 2.106000 4.827000 0.420500
v 2.100000 4.833000 0.420500
v 2.106000 4.830004 0.415302
v 2.103004 4.833000 0.415302
v 2.103131 4.830131 0.416080
v 2.103004 4.827802 0.420500
v 2.106000 4.827802 0.417504
v 2.103131 4.828580 0.417631
v 2.100802 4.833000 0.417504
v 2.100802 4.830004 0.420500
v 2.101580 4.830131 0.417631
v 2.106000 4.827000 0.443500
v 2.106000 4.833000 0.449500
v 2.100000 4.833000 0.443500
v 2.106000 4.827802 0.446496
v 2.103004 4.827802 0.443500
v 2.103131 4.828580 0.446369
v 2.103004 4.833000 0.448698
v 2.106000 4.830004 0.448698
v 2.103131 4.830131 0.447920
v 2.100802 4.830004 0.443500
v 2.100802 4.833000 0.446496
v 2.101580 4.830131 0.446369
v 2.106000 5.181000 0.414500
v 2.100000 5.181000 0.420500
v 2.106000 5.187000 0.420500
v 2.103004 5.181000 0.415302
v 2.106000 5.183996 0.415302
v 2.103131 5.183869 0.416080
v 2.100802 5.183996 0.420500
v 2.100802 5.181000 0.417504
v 2.101580 5.183869 0.417631
v 2.106000 5.186198 0.417504
v 2.103004 5.186198 0.420500
v 2.103131 5.185420 0.417631
v 2.106000 5.181000 0.449500
v 2.106000 5.187000 0.443500
v 2.100000 5.181000 0.443500
v 2.106000 5.183996 0.448698
v 2.103004 5.181000 0.448698
v 2.103131 5.183869 0.447920
v 2.103004 5.186198 0.443500
v 2.106000 5.186198 0.446496
v 2.103131 5.185420 0.446369
v 2.100802 5.181000 0.446496
v 2.100802 5.183996 0.443500
v 2.101580 5.183869 0.446369
v 2.494000 4.833000 0.414500
v 2.500000 4.833000 0.420500
v 2.494000 4.827000 0.420500
v 2.496996 4.833000 0.415302
v 2.494000 4.830004 0.415302
v 2.496869 4.830131 0.416080
v 2.499198 4.830004 0.420500
v 2.499198 4.833000 0.417504
v 2.498420 4.830131 0.417631
v 2.494000 4.827802 0.417504
v 2.496996 4.827802 0.420500
v 2.496869 4.828580 0.417631
v 2.494000 4.833000 0.449500
v 2.494000 4.827000 0.443500
v 2.500000 4.833000 0.443500
v 2.494000 4.830004 0.448698
v 2.496996 4.833000 0.448698
v 2.496869 4.830131 0.447920
v 2.496996 4.827802 0.443500
v 2.494000 4.827802 0.446496
v 2.496869 4.828580 0.446369
v 2.499198 4.833000 0.446496
v 2.499198 4.830004 0.443500
v 2.498420 4.830131 0.446369
v 2.494000 5.181000 0.414500
v 2.494000 5.187000 0.420500
v 2.500000 5.181000 0.420500
v 2.494000 5.183996 0.415302
v 2.496996 5.181000 0.415302
v 2.496869 5.183869 0.416080
v 2.496996 5.186198 0.420500
v 2.494000 5.186198 0.417504
v 2.496869 5.185420 0.417631
v 2.499198 5.181000 0.417504
v 2.499198 5.183996 0.420500
v 2.498420 5.183869 0.417631
v 2.494000 5.181000 0.449500
v 2.500000 5.181000 0.443500
v 2.494000 5.187000 0.443500
v 2.496996 5.181000 0.448698
v 2.494000 5.183996 0.448698
v 2.496869 5.183869 0.447920
v 2.499198 5.183996 0.443500
v 2.499198 5.181000 0.446496
v 2.498420 5.183869 0.446369
v 2.494000 5.186198 0.446496
v 2.496996 5.186198 0.443500
v 2.496869 5.185420 0.446369
v 2.106000 4.833000 0.774500
v 2.106000 4.827000 0.780500
v 2.100000 4.833000 0.780500
v 2.106000 4.830004 0.775302
v 2.103004 4.833000 0.775302
v 2.103131 4.830131 0.776080
v 2.103004 4.827802 0.780500
v 2.106000 4.827802 0.777504
v 2.103131 4.828580 0.777631
v 2.100802 4.833000 0.777504
v 2.100802 4.830004 0.780500
v 2.101580 4.830131 0.777631
v 2.106000 4.827000 0.803500
v 2.106000 4.833000 0.809500
v 2.100000 4.833000 0.803500
v 2.106000 4.827802 0.806496
v 2.103004 4.827802 0.803500
v 2.103131 4.828580 0.806369
v 2.103004 4.833000 0.808698
v 2.106000 4.830004 0.808698
v 2.103131 4.830131 0.807920
v 2.100802 4.830004 0.803500
v 2.100802 4.833000 0.806496
v 2.101580 4.830131 0.806369
v 2.106000 5.181000 0.774500
v 2.100000 5.181000 0.780500
v 2.106000 5.187000 0.780500
v 2.103004 5.181000 0.775302
v 2.106000 5.183996 0.775302
v 2.103131 5.183869 0.776080
v 2.100802 5.183996 0.780500
v 2.100802 5.181000 0.777504
v 2.101580 5.183869 0.777631
v 2.106000 5.186198 0.777504
v 2.103004 5.186198 0.780500
v 2.103131 5.185420 0.777631
v 2.106000 5.181000 0.809500
v 2.106000 5.187000 0.803500
v 2.100000 5.181000 0.803500
v 2.106000 5.183996 0.808698
v 2.103004 5.181000 0.808698
v 2.103131 5.183869 0.807920
v 2.103004 5.186198 0.803500
v 2.106000 5.186198 0.806496
v 2.103131 5.185420 0.806369
v 2.100802 5.181000 0.806496
v 2.100802 5.183996 0.803500
v 2.101580 5.183869 0.806369
v 2.494000 4.833000 0.774500
v 2.500000 4.833000 0.780500
v 2.494000 4.827000 0.780500
v 2.496996 4.833000 0.775302
v 2.494000 4.830004 0.775302
v 2.496869 4.830131 0.776080
v 2.499198 4.830004 0.780500
v 2.499198 4.833000 0.777504
v 2.498420 4.830131 0.777631
v 2.494000 4.827802 0.777504
v 2.496996 4.827802 0.780500
v 2.496869 4.828580 0.777631
v 2.494000 4.833000 0.809500
v 2.494000 4.827000 0.803500
v 2.500000 4.833000 0.803500
v 2.494000 4.830004 0.808698
v 2.496996 4.833000 0.808698
v 2.496869 4.830131 0.807920
v 2.496996 4.827802 0.803500
v 2.494000 4.827802 0.806496
v 2.496869 4.828580 0.806369
v 2.499198 4.833000 0.806496
v 2.499198 4.830004 0.803500
v 2.498420 4.830131 0.806369
v 2.494000 5.181000 0.774500
v 2.494000 5.187000 0.780500
v 2.500000 5.181000 0.780500
v 2.494000 5.183996 0.775302
v 2.496996 5.181000 0.775302
v 2.496869 5.183869 0.776080
v 2.496996 5.186198 0.780500
v 2.494000 5.186198 0.777504
v 2.496869 5.185420 0.777631
v 2.499198 5.181000 0.777504
v 2.499198 5.183996 0.780500
v 2.498420 5.183869 0.777631
v 2.494000 5.181000 0.809500
v 2.500000 5.181000 0.803500
v 2.494000 5.187000 0.803500
v 2.496996 5.181000 0.808698
v 2.494000 5.183996 0.808698
v 2.496869 5.183869 0.807920
v 2.499198 5.183996 0.803500
v 2.499198 5.181000 0.806496
v 2.498420 5.183869 0.806369
v 2.494000 5.186198 0.806496
v 2.496996 5.186198 0.803500
v 2.496869 5.185420 0.806369
v 2.200000 4.932000 0.862000
v 2.200000 4.932000 0.892000
v 2.200000 4.982000 0.862000
v 2.200000 4.982000 0.892000
v 2.300000 4.932000 0.862000
v 2.300000 4.932000 0.892000
v 2.300000 4.982000 0.862000
v 2.300000 4.982000 0.892000
v 2.350000 5.012000 0.861500
v 2.350000 5.012000 0.886500
v 2.350000 5.102000 0.861500
v 2.350000 5.102000 0.886500
v 2.410000 5.012000 0.861500
v 2.410000 5.012000 0.886500
v 2.410000 5.102000 0.861500
v 2.410000 5.102000 0.886500
v 2.148000 4.895000 0.809500
v 2.148000 4.887000 0.817500
v 2.140000 4.895000 0.817500
v 2.148000 4.891005 0.810569
v 2.144005 4.895000 0.810569
v 2.144174 4.891174 0.811607
v 2.144005 4.888069 0.817500
v 2.148000 4.888069 0.813505
v 2.144174 4.889107 0.813674
v 2.141069 4.895000 0.813505
v 2.141069 4.891005 0.817500
v 2.142107 4.891174 0.813674
v 2.148000 4.887000 0.856500
v 2.148000 4.895000 0.864500
v 2.140000 4.895000 0.856500
v 2.148000 4.888069 0.860495
v 2.144005 4.888069 0.856500
v 2.144174 4.889107 0.860326
v 2.144005 4.895000 0.863431
v 2.148000 4.891005 0.863431
v 2.144174 4.891174 0.862393
v 2.141069 4.891005 0.856500
v 2.141069 4.895000 0.860495
v 2.142107 4.891174 0.860326
v 2.148000 5.119000 0.809500
v 2.140000 5.119000 0.817500
v 2.148000 5.127000 0.817500
v 2.144005 5.119000 0.810569
v 2.148000 5.122995 0.810569
v 2.144174 5.122826 0.811607
v 2.141069 5.122995 0.817500
v 2.141069 5.119000 0.813505
v 2.142107 5.122826 0.813674
v 2.148000 5.125931 0.813505
v 2.144005 5.125931 0.817500
v 2.144174 5.124893 0.813674
v 2.148000 5.119000 0.864500
v 2.148000 5.127000 0.856500
v 2.140000 5.119000 0.856500
v 2.148000 5.122995 0.863431
v 2.144005 5.119000 0.863431
v 2.144174 5.122826 0.862393
v 2.144005 5.125931 0.856500
v 2.148000 5.125931 0.860495
v 2.144174 5.124893 0.860326
v 2.141069 5.119000 0.860495
v 2.141069 5.122995 0.856500
v 2.142107 5.122826 0.860326
v 2.452000 4.895000 0.809500
v 2.460000 4.895000 0.817500
v 2.452000 4.887000 0.817500
v 2.455995 4.895000 0.810569
v 2.452000 4.891005 0.810569
v 2.455826 4.891174 0.811607
v 2.458931 4.891005 0.817500
v 2.458931 4.895000 0.813505
v 2.457893 4.891174 0.813674
v 2.452000 4.888069 0.813505
v 2.455995 4.888069 0.817500
v 2.455826 4.889107 0.813674
v 2.452000 4.895000 0.864500
v 2.452000 4.887000 0.856500
v 2.460000 4.895000 0.856500
v 2.452000 4.891005 0.863431
v 2.455995 4.895000 0.863431
v 2.455826 4.891174 0.862393
v 2.455995 4.888069 0.856500
v 2.452000 4.888069 0.860495
v 2.455826 4.889107 0.860326
v 2.458931 4.895000 0.860495
v 2.458931 4.891005 0.856500
v 2.457893 4.891174 0.860326
v 2.452000 5.119000 0.809500
v 2.452000 5.127000 0.817500
v 2.460000 5.119000 0.817500
v 2.452000 5.122995 0.810569
v 2.455995 5.119000 0.810569
v 2.455826 5.122826 0.811607
v 2.455995 5.125931 0.817500
v 2.452000 5.125931 0.813505
v 2.455826 5.124893 0.813674
v 2.458931 5.119000 0.813505
v 2.458931 5.122995 0.817500
v 2.457893 5.122826 0.813674
v 2.452000 5.119000 0.864500
v 2.460000 5.119000 0.856500
v 2.452000 5.127000 0.856500
v 2.455995 5.119000 0.863431
v 2.452000 5.122995 0.863431
v 2.455826 5.122826 0.862393
v 2.458931 5.122995 0.856500
v 2.458931 5.119000 0.860495
v 2.457893 5.122826 0.860326
v 2.452000 5.125931 0.860495
v 2.455995 5.125931 0.856500
v 2.455826 5.124893 0.860326
v 2.100000 5.169500 0.807000
v 2.100000 5.169500 0.867000
v 2.100000 5.184500 0.807000
v 2.100000 5.184500 0.867000
v 2.500000 5.169500 0.807000
v 2.500000 5.169500 0.867000
v 2.500000 5.184500 0.807000
v 2.500000 5.184500 0.867000
v 2.100000 4.829500 0.807000
v 2.100000 4.829500 0.867000
v 2.100000 4.844500 0.807000
v 2.100000 4.844500 0.867000
v 2.500000 4.829500 0.807000
v 2.500000 4.829500 0.867000
v 2.500000 4.844500 0.807000
v 2.500000 4.844500 0.867000
vn -1.0000 -0.0000 -0.0000
vn -0.0000 1.0000 -0.0000
vn 1.0000 -0.0000 -0.0000
vn -0.0000 -1.0000 -0.0000
vn -0.0000 -0.0000 -1.0000
vn -0.0000 -0.0000 1.0000
vn -0.9808 -0.0000 -0.1951
vn -0.8315 -0.0000 -0.5556
vn -0.5556 -0.0000 -0.8315
vn -0.1951 -0.0000 -0.9808
vn 0.1951 -0.0000 -0.9808
vn 0.5556 -0.0000 -0.8315
vn 0.8315 -0.0000 -0.5556
vn 0.9808 -0.0000 -0.1951
vn 0.9808 -0.0000 0.1951
vn 0.8315 -0.0000 0.5556
vn 0.5556 -0.0000 0.8315
vn 0.1951 -0.0000 0.9808
vn -0.1951 -0.0000 0.9808
vn -0.5556 -0.0000 0.8315
vn -0.8315 -0.0000 0.5556
vn -0.9808 -0.0000 0.1951
vn 0.1564 0.9877 -0.0000
vn 0.4540 0.8910 -0.0000
vn 0.7071 0.7071 -0.0000
vn 0.8910 0.4540 -0.0000
vn 0.9877 0.1564 -0.0000
vn 0.9877 -0.1564 -0.0000
vn 0.8910 -0.4540 -0.0000
vn 0.7071 -0.7071 -0.0000
vn 0.4540 -0.8910 -0.0000
vn 0.1564 -0.9877 -0.0000
vn -0.1564 -0.9877 -0.0000
vn -0.4540 -0.8910 -0.0000
vn -0.7071 -0.7071 -0.0000
vn -0.8910 -0.4540 -0.0000
vn -0.9877 -0.1564 -0.0000
vn -0.9877 0.1564 -0.0000
vn -0.8910 0.4540 -0.0000
vn -0.7071 0.7071 -0.0000
vn -0.4540 0.8910 -0.0000
vn -0.1564 0.9877 -0.0000
vn 0.3250 0.3251 -0.8881
vn 0.3250 0.8881 -0.3250
vn 0.8881 0.3250 -0.3251
vn 0.3250 0.8881 0.3250
vn 0.3251 0.3251 0.8881
vn 0.8881 0.3250 0.3251
vn 0.3251 -0.3251 -0.8881
vn 0.8881 -0.3251 -0.3251
vn 0.3251 -0.8881 -0.3251
vn 0.3251 -0.3251 0.8880
vn 0.3251 -0.8881 0.3251
vn 0.8881 -0.3250 0.3251
vn -0.3251 0.3250 -0.8881
vn -0.8881 0.3250 -0.3251
vn -0.3250 0.8881 -0.3251
vn -0.3251 0.3251 0.8881
vn -0.3251 0.8881 0.3251
vn -0.8881 0.3250 0.3250
vn -0.3251 -0.3251 -0.8881
vn -0.3250 -0.8881 -0.3250
vn -0.8881 -0.3250 -0.3251
vn -0.3251 -0.3251 0.8881
vn -0.8881 -0.3250 0.3251
vn -0.3251 -0.8881 0.3250
vn 0.3827 -0.0000 -0.9239
vn 0.9239 -0.0000 -0.3827
vn 0.3826 0.9239 -0.0000
vn 0.9239 0.3827 -0.0000
vn 0.3827 -0.0000 0.9239
vn 0.9239 -0.0000 0.3827
vn 0.3827 -0.9239 -0.0000
vn 0.9239 -0.3827 -0.0000
vn -0.0000 -0.3827 -0.9239
vn -0.0000 -0.9239 -0.3827
vn -0.0000 -0.3827 0.9239
vn -0.0000 -0.9239 0.3827
vn -0.9239 -0.3827 -0.0000
vn -0.3827 -0.9239 -0.0000
vn -0.3827 -0.0000 -0.9239
vn -0.9239 -0.0000 -0.3827
vn -0.3827 -0.0000 0.9239
vn -0.9239 -0.0000 0.3827
vn -0.3827 0.9239 -0.0000
vn -0.9239 0.3827 -0.0000
vn -0.0000 0.3827 -0.9239
vn -0.0000 0.9239 -0.3827
vn -0.0000 0.3827 0.9239
vn -0.0000 0.9239 0.3827
vn 0.3251 0.3251 -0.8881
vn 0.3251 0.8881 -0.3250
vn 0.8881 0.3251 -0.3251
vn 0.3251 0.8881 0.3250
vn 0.3251 0.3251 0.8880
vn 0.8881 0.3251 0.3250
vn 0.8880 -0.3251 -0.3251
vn 0.3251 -0.8881 -0.3250
vn 0.3251 -0.8881 0.3250
vn 0.8881 -0.3251 0.3250
vn -0.3251 0.3251 -0.8881
vn -0.8880 0.3251 -0.3251
vn -0.3251 0.8881 -0.3251
vn -0.3251 0.3251 0.8880
vn -0.3251 0.8880 0.3251
vn -0.8881 0.3251 0.3251
vn -0.3251 -0.8881 -0.3251
vn -0.8881 -0.3251 -0.3251
vn -0.3251 -0.3251 0.8880
vn -0.8881 -0.3251 0.3251
vn -0.3251 -0.8880 0.3251
vn 0.3827 0.9239 -0.0000
vn 0.9239 0.3826 -0.0000
vn 0.3828 -0.0000 0.9238
vn 0.9239 -0.3826 -0.0000
vn -0.3828 -0.0000 0.9238
vn -0.9239 0.3828 -0.0000
vn -0.0000 0.3828 0.9238
vn 0.3251 0.8880 -0.3251
vn 0.8880 0.3251 -0.3251
vn 0.3251 0.8880 0.3251
vn 0.8881 0.3251 0.3251
vn 0.3251 -0.8880 -0.3251
vn 0.3251 -0.8880 0.3251
vn 0.8881 -0.3251 0.3251
vn -0.8881 0.3251 -0.3251
vn -0.8881 0.3250 0.3251
vn -0.3828 -0.0000 0.9239
vn -0.1559 -0.7837 -0.6013
vn -0.1935 -0.9727 0.1281
vn -0.1202 -0.6044 0.7876
vn -0.1202 -0.6044 -0.7876
vn -0.1935 -0.9727 -0.1281
vn -0.1559 -0.7837 0.6013
vn -0.0759 -0.3816 -0.9212
vn -0.0259 -0.1305 0.9911
vn -0.1807 -0.9087 -0.3764
vn -0.1807 -0.9087 0.3764
vn -0.0259 -0.1305 -0.9911
vn -0.0759 -0.3816 0.9212
vn -0.4439 -0.6644 0.6013
vn -0.2162 -0.3235 -0.9212
vn -0.0739 -0.1106 0.9911
vn -0.5147 -0.7703 -0.3764
vn -0.5147 -0.7703 0.3764
vn -0.0739 -0.1106 -0.9911
vn -0.2161 -0.3235 0.9212
vn -0.4439 -0.6644 -0.6013
vn -0.5510 -0.8246 0.1281
vn -0.3423 -0.5124 0.7876
vn -0.3423 -0.5124 -0.7876
vn -0.5510 -0.8246 -0.1281
vn -0.8246 -0.5510 0.1281
vn -0.5124 -0.3423 0.7876
vn -0.5124 -0.3423 -0.7876
vn -0.8246 -0.5510 -0.1281
vn -0.6644 -0.4439 0.6013
vn -0.3235 -0.2161 -0.9212
vn -0.1106 -0.0739 0.9911
vn -0.7703 -0.5147 -0.3764
vn -0.7703 -0.5147 0.3764
vn -0.1107 -0.0739 -0.9911
vn -0.3235 -0.2161 0.9212
vn -0.6644 -0.4439 -0.6013
vn -0.9087 -0.1807 0.3764
vn -0.1305 -0.0259 -0.9911
vn -0.3816 -0.0759 0.9212
vn -0.7837 -0.1559 -0.6013
vn -0.9727 -0.1935 0.1281
vn -0.6043 -0.1202 0.7876
vn -0.6043 -0.1202 -0.7876
vn -0.9727 -0.1935 -0.1281
vn -0.7837 -0.1559 0.6013
vn -0.3816 -0.0759 -0.9212
vn -0.1305 -0.0259 0.9911
vn -0.9087 -0.1807 -0.3764
vn -0.9727 0.1935 -0.1281
vn -0.7837 0.1559 0.6013
vn -0.3816 0.0759 -0.9212
vn -0.1305 0.0259 0.9911
vn -0.9087 0.1807 -0.3764
vn -0.9087 0.1807 0.3764
vn -0.1305 0.0259 -0.9911
vn -0.3816 0.0759 0.9212
vn -0.7837 0.1559 -0.6013
vn -0.9727 0.1935 0.1281
vn -0.6043 0.1202 0.7876
vn -0.6043 0.1202 -0.7876
vn -0.8246 0.5510 0.1281
vn -0.5123 0.3423 0.7876
vn -0.5124 0.3423 -0.7876
vn -0.8246 0.5510 -0.1281
vn -0.6644 0.4439 0.6013
vn -0.3235 0.2162 -0.9212
vn -0.1106 0.0739 0.9911
vn -0.7703 0.5147 -0.3764
vn -0.7703 0.5147 0.3764
vn -0.1107 0.0739 -0.9911
vn -0.3235 0.2161 0.9212
vn -0.6644 0.4439 -0.6013
vn -0.5147 0.7703 -0.3764
vn -0.5147 0.7703 0.3764
vn -0.0739 0.1106 -0.9911
vn -0.2161 0.3235 0.9212
vn -0.4439 0.6644 -0.6013
vn -0.5510 0.8246 0.1281
vn -0.3423 0.5124 0.7876
vn -0.3423 0.5124 -0.7876
vn -0.5510 0.8246 -0.1281
vn -0.4439 0.6644 0.6013
vn -0.2161 0.3235 -0.9212
vn -0.0740 0.1106 0.9911
vn -0.1935 0.9727 -0.1281
vn -0.1559 0.7837 0.6013
vn -0.0759 0.3816 -0.9212
vn -0.0259 0.1305 0.9911
vn -0.1807 0.9087 -0.3764
vn -0.1807 0.9087 0.3764
vn -0.0259 0.1305 -0.9911
vn -0.0759 0.3816 0.9212
vn -0.1559 0.7837 -0.6013
vn -0.1935 0.9727 0.1281
vn -0.1202 0.6043 0.7876
vn -0.1202 0.6043 -0.7876
vn 0.1559 0.7836 -0.6013
vn 0.1935 0.9727 0.1281
vn 0.1202 0.6043 0.7876
vn 0.1202 0.6043 -0.7876
vn 0.1935 0.9727 -0.1281
vn 0.1559 0.7836 0.6013
vn 0.0759 0.3816 -0.9212
vn 0.0259 0.1305 0.9911
vn 0.1807 0.9087 -0.3764
vn 0.1807 0.9087 0.3764
vn 0.0259 0.1305 -0.9911
vn 0.0759 0.3816 0.9212
vn 0.0739 0.1106 0.9911
vn 0.5147 0.7703 -0.3764
vn 0.5147 0.7703 0.3764
vn 0.0739 0.1106 -0.9911
vn 0.2162 0.3235 0.9212
vn 0.4439 0.6643 -0.6013
vn 0.5510 0.8246 0.1281
vn 0.3423 0.5123 0.7876
vn 0.3423 0.5123 -0.7876
vn 0.5510 0.8246 -0.1281
vn 0.4439 0.6643 0.6013
vn 0.2162 0.3235 -0.9212
vn 0.5123 0.3423 -0.7876
vn 0.8246 0.5510 -0.1280
vn 0.6643 0.4439 0.6013
vn 0.3235 0.2161 -0.9212
vn 0.1106 0.0739 0.9911
vn 0.7703 0.5147 -0.3764
vn 0.7703 0.5147 0.3764
vn 0.1107 0.0739 -0.9911
vn 0.3235 0.2161 0.9212
vn 0.6643 0.4439 -0.6013
vn 0.8246 0.5510 0.1280
vn 0.5123 0.3424 0.7876
vn 0.3816 0.0759 0.9212
vn 0.7837 0.1559 -0.6013
vn 0.9727 0.1935 0.1281
vn 0.6043 0.1202 0.7876
vn 0.6043 0.1202 -0.7876
vn 0.9727 0.1935 -0.1281
vn 0.7837 0.1559 0.6013
vn 0.3816 0.0759 -0.9212
vn 0.1305 0.0259 0.9911
vn 0.9087 0.1808 -0.3764
vn 0.9087 0.1808 0.3764
vn 0.1305 0.0259 -0.9911
vn 0.3816 -0.0759 -0.9212
vn 0.1305 -0.0259 0.9911
vn 0.9087 -0.1808 -0.3764
vn 0.9087 -0.1808 0.3764
vn 0.1305 -0.0259 -0.9911
vn 0.3816 -0.0759 0.9212
vn 0.7837 -0.1559 -0.6013
vn 0.9727 -0.1935 0.1280
vn 0.6043 -0.1202 0.7876
vn 0.6043 -0.1202 -0.7876
vn 0.9727 -0.1935 -0.1281
vn 0.7837 -0.1559 0.6013
vn 0.5123 -0.3423 0.7876
vn 0.5123 -0.3423 -0.7876
vn 0.8246 -0.5510 -0.1280
vn 0.6643 -0.4439 0.6013
vn 0.3235 -0.2161 -0.9212
vn 0.1106 -0.0739 0.9911
vn 0.7703 -0.5147 -0.3764
vn 0.7703 -0.5147 0.3764
vn 0.1107 -0.0739 -0.9911
vn 0.3235 -0.2161 0.9212
vn 0.6643 -0.4439 -0.6013
vn 0.8246 -0.5510 0.1280
vn 0.0739 -0.1106 -0.9911
vn 0.2162 -0.3235 0.9212
vn 0.4439 -0.6644 -0.6013
vn 0.5510 -0.8246 0.1281
vn 0.3423 -0.5123 0.7876
vn 0.3424 -0.5123 -0.7876
vn 0.5510 -0.8246 -0.1281
vn 0.4439 -0.6643 0.6013
vn 0.2162 -0.3235 -0.9212
vn 0.0740 -0.1106 0.9911
vn 0.5147 -0.7703 -0.3764
vn 0.5147 -0.7703 0.3764
vn 0.1559 -0.7836 0.6013
vn 0.0759 -0.3816 -0.9212
vn 0.0259 -0.1305 0.9911
vn 0.1807 -0.9087 -0.3764
vn 0.1807 -0.9087 0.3764
vn 0.0259 -0.1305 -0.9911
vn 0.0759 -0.3816 0.9212
vn 0.1559 -0.7836 -0.6013
vn 0.1935 -0.9727 0.1281
vn 0.1202 -0.6043 0.7876
vn 0.1202 -0.6043 -0.7876
vn 0.1935 -0.9727 -0.1281
vn -0.4439 -0.6643 0.6013
vn -0.0739 -0.1107 0.9911
vn -0.0739 -0.1107 -0.9911
vn -0.4439 -0.6643 -0.6013
vn -0.3423 -0.5123 0.7876
vn -0.3423 -0.5123 -0.7876
vn -0.5123 -0.3423 -0.7876
vn -0.1305 -0.0260 0.9911
vn -0.1305 -0.0260 -0.9911
vn -0.9727 -0.1934 0.1281
vn -0.6044 -0.1202 -0.7876
vn -0.9727 -0.1934 -0.1281
vn -0.9727 0.1934 -0.1281
vn -0.1305 0.0260 0.9911
vn -0.1305 0.0260 -0.9911
vn -0.9727 0.1934 0.1281
vn -0.3235 0.2161 -0.9212
vn -0.0740 0.1107 0.9911
vn -0.0739 0.1107 -0.9911
vn -0.4439 0.6643 -0.6013
vn -0.3423 0.5123 0.7876
vn -0.3423 0.5123 -0.7876
vn -0.4439 0.6643 0.6013
vn 0.1559 0.7837 -0.6013
vn 0.1559 0.7837 0.6013
vn 0.1808 0.9087 -0.3764
vn 0.1808 0.9087 0.3764
vn 0.0739 0.1107 0.9911
vn 0.0739 0.1107 -0.9911
vn 0.5123 0.3424 -0.7876
vn 0.6644 0.4439 0.6013
vn 0.6644 0.4439 -0.6013
vn 0.1305 0.0260 -0.9911
vn 0.9727 0.1934 0.1281
vn 0.9727 0.1934 -0.1281
vn 0.1305 0.0260 0.9911
vn 0.7836 -0.1559 0.6013
vn 0.1305 -0.0260 0.9911
vn 0.1305 -0.0260 -0.9911
vn 0.9727 -0.1934 0.1280
vn 0.9727 -0.1934 -0.1281
vn 0.5123 -0.3424 0.7876
vn 0.5123 -0.3424 -0.7876
vn 0.8246 -0.5510 -0.1281
vn 0.6644 -0.4439 0.6013
vn 0.6644 -0.4439 -0.6013
vn 0.0739 -0.1107 -0.9911
vn 0.3423 -0.5124 0.7876
vn 0.3424 -0.5124 -0.7876
vn 0.0740 -0.1107 0.9911
vn 0.1559 -0.7837 0.6013
vn 0.1808 -0.9087 -0.3764
vn 0.1808 -0.9087 0.3764
vn 0.1559 -0.7837 -0.6013
vn -0.3090 0.6190 0.7221
vn -0.8091 0.3825 0.4462
vn -0.8090 -0.3825 -0.4463
vn -0.3090 -0.6190 -0.7221
vn 0.3091 -0.6189 -0.7221
vn 0.8089 -0.3826 -0.4464
vn -0.0000 0.7593 -0.6508
vn 0.8090 0.3826 0.4463
vn 0.3091 0.6189 0.7221
vn -0.0000 -0.7593 0.6508
vn -0.3815 -0.5771 0.7221
vn 0.0732 -0.8919 0.4462
vn 0.5000 -0.8660 -0.0000
vn 0.7358 -0.5092 -0.4464
vn 0.6906 0.0418 -0.7221
vn 0.3815 0.5772 -0.7220
vn -0.0732 0.8919 -0.4463
vn -0.5000 0.8660 -0.0000
vn -0.6575 -0.3796 -0.6508
vn -0.7358 0.5094 0.4462
vn -0.6905 -0.0418 0.7221
vn 0.6575 0.3797 0.6508
vn 0.6905 -0.0418 0.7221
vn 0.7358 0.5094 0.4462
vn 0.5000 0.8660 -0.0000
vn 0.0732 0.8918 -0.4464
vn -0.3815 0.5772 -0.7220
vn -0.6905 0.0420 -0.7221
vn -0.7357 -0.5095 -0.4462
vn -0.5000 -0.8660 -0.0000
vn 0.6575 -0.3796 -0.6508
vn -0.0732 -0.8918 0.4464
vn 0.3815 -0.5771 0.7221
vn -0.6575 0.3796 0.6508
vn 0.9501 0.2498 0.1870
vn 0.9543 -0.2656 0.1369
vn 0.7028 -0.7096 0.0501
vn 0.2630 -0.9635 -0.0501
vn -0.2472 -0.9592 -0.1369
vn -0.6913 -0.6980 -0.1870
vn -0.9501 -0.2497 -0.1870
vn -0.9543 0.2655 -0.1369
vn -0.7029 0.7095 -0.0501
vn -0.2631 0.9635 0.0501
vn -0.1677 -0.0968 0.9811
vn 0.2472 0.9592 0.1369
vn 0.6913 0.6979 0.1871
vn 0.1677 0.0968 -0.9811
vn -0.6913 0.6979 0.1870
vn -0.2472 0.9592 0.1369
vn 0.2631 0.9635 0.0501
vn 0.7028 0.7096 -0.0501
vn 0.9543 0.2656 -0.1369
vn 0.9501 -0.2497 -0.1870
vn 0.6913 -0.6979 -0.1870
vn 0.2472 -0.9592 -0.1369
vn -0.2630 -0.9635 -0.0501
vn -0.7028 -0.7096 0.0501
vn 0.1677 -0.0968 0.9811
vn -0.9544 -0.2655 0.1369
vn -0.9501 0.2497 0.1870
vn -0.1677 0.0968 -0.9811
vn -0.2588 -0.9476 0.1870
vn -0.7071 -0.6938 0.1369
vn -0.9659 -0.2539 0.0501
vn -0.9659 0.2539 -0.0501
vn -0.7071 0.6938 -0.1369
vn -0.2588 0.9477 -0.1870
vn 0.2588 0.9476 -0.1870
vn 0.7071 0.6938 -0.1369
vn 0.9660 0.2538 -0.0501
vn 0.9659 -0.2538 0.0501
vn -0.0000 0.1936 0.9811
vn 0.7071 -0.6938 0.1369
vn 0.2589 -0.9476 0.1870
vn -0.0000 -0.1936 -0.9811
vn -0.0000 0.6657 0.7462
vn -0.0000 -0.6657 0.7462
vn 0.2856 -0.6657 0.6894
vn 0.2856 0.6657 0.6894
vn 0.5276 -0.6657 0.5276
vn 0.5276 0.6657 0.5276
vn 0.6894 -0.6657 0.2856
vn 0.6894 0.6657 0.2856
vn 0.7462 -0.6657 -0.0000
vn 0.7462 0.6657 -0.0000
vn 0.6894 -0.6657 -0.2856
vn 0.6894 0.6657 -0.2856
vn 0.5276 -0.6657 -0.5276
vn 0.5276 0.6657 -0.5276
vn 0.2856 -0.6657 -0.6894
vn 0.2856 0.6657 -0.6894
vn -0.0000 -0.6657 -0.7462
vn -0.0000 0.6657 -0.7462
vn -0.2856 -0.6657 -0.6894
vn -0.2856 0.6657 -0.6894
vn -0.5276 -0.6657 -0.5276
vn -0.5276 0.6657 -0.5276
vn -0.6894 -0.6657 -0.2856
vn -0.6894 0.6657 -0.2856
vn -0.7462 -0.6657 -0.0000
vn -0.7462 0.6657 -0.0000
vn -0.6894 -0.6657 0.2856
vn -0.6894 0.6657 0.2856
vn -0.5276 -0.6657 0.5276
vn -0.5276 0.6657 0.5276
vn -0.2856 -0.6657 0.6894
vn -0.2856 0.6657 0.6894
vn -0.1296 -0.1296 -0.9831
vn -0.1216 -0.4916 -0.8623
vn -0.4473 -0.4474 -0.7744
vn -0.4915 -0.1216 -0.8623
vn -0.1216 -0.8623 -0.4915
vn -0.4473 -0.7745 -0.4473
vn -0.1296 -0.9831 -0.1296
vn -0.4915 -0.8623 -0.1216
vn -0.8623 -0.4916 -0.1216
vn -0.7744 -0.4474 -0.4474
vn -0.9831 -0.1296 -0.1296
vn -0.8623 -0.1216 -0.4916
vn -0.1296 -0.9831 0.1296
vn -0.1216 -0.8623 0.4915
vn -0.4473 -0.7745 0.4473
vn -0.4915 -0.8623 0.1216
vn -0.1216 -0.4916 0.8623
vn -0.4473 -0.4474 0.7744
vn -0.1296 -0.1296 0.9831
vn -0.4915 -0.1216 0.8623
vn -0.8623 -0.1216 0.4916
vn -0.7744 -0.4474 0.4474
vn -0.9831 -0.1296 0.1296
vn -0.8623 -0.4916 0.1216
vn -0.1296 0.1296 -0.9831
vn -0.4915 0.1216 -0.8623
vn -0.4473 0.4473 -0.7745
vn -0.1216 0.4915 -0.8623
vn -0.8623 0.1216 -0.4916
vn -0.7744 0.4474 -0.4473
vn -0.9831 0.1296 -0.1296
vn -0.8623 0.4916 -0.1216
vn -0.4916 0.8623 -0.1215
vn -0.4474 0.7745 -0.4473
vn -0.1296 0.9831 -0.1295
vn -0.1216 0.8623 -0.4915
vn -0.1296 0.1296 0.9831
vn -0.1216 0.4915 0.8623
vn -0.4473 0.4473 0.7745
vn -0.4915 0.1216 0.8623
vn -0.1216 0.8623 0.4915
vn -0.4474 0.7745 0.4473
vn -0.1296 0.9831 0.1295
vn -0.4916 0.8623 0.1215
vn -0.8623 0.4916 0.1216
vn -0.7744 0.4474 0.4474
vn -0.9831 0.1296 0.1296
vn -0.8623 0.1216 0.4916
vn 0.1296 -0.1296 -0.9831
vn 0.4916 -0.1216 -0.8623
vn 0.4474 -0.4474 -0.7744
vn 0.1216 -0.4916 -0.8623
vn 0.8623 -0.1215 -0.4915
vn 0.7744 -0.4474 -0.4473
vn 0.9831 -0.1296 -0.1296
vn 0.8623 -0.4916 -0.1216
vn 0.4915 -0.8623 -0.1216
vn 0.4473 -0.7745 -0.4473
vn 0.1296 -0.9831 -0.1296
vn 0.1216 -0.8623 -0.4915
vn 0.1296 -0.1296 0.9831
vn 0.1216 -0.4916 0.8623
vn 0.4474 -0.4474 0.7744
vn 0.4916 -0.1216 0.8623
vn 0.1216 -0.8623 0.4915
vn 0.4473 -0.7745 0.4473
vn 0.1296 -0.9831 0.1296
vn 0.4915 -0.8623 0.1216
vn 0.8623 -0.4916 0.1216
vn 0.7744 -0.4474 0.4473
vn 0.9831 -0.1296 0.1296
vn 0.8623 -0.1215 0.4915
vn 0.1296 0.1296 -0.9831
vn 0.1216 0.4915 -0.8623
vn 0.4474 0.4473 -0.7745
vn 0.4916 0.1216 -0.8623
vn 0.1216 0.8623 -0.4915
vn 0.4474 0.7744 -0.4473
vn 0.1296 0.9831 -0.1295
vn 0.4916 0.8623 -0.1215
vn 0.8623 0.4915 -0.1216
vn 0.7745 0.4473 -0.4473
vn 0.9831 0.1296 -0.1296
vn 0.8623 0.1216 -0.4915
vn 0.1296 0.1296 0.9831
vn 0.4916 0.1216 0.8623
vn 0.4474 0.4473 0.7745
vn 0.1216 0.4915 0.8623
vn 0.8623 0.1216 0.4915
vn 0.7745 0.4473 0.4473
vn 0.9831 0.1296 0.1296
vn 0.8623 0.4915 0.1216
vn 0.4916 0.8623 0.1215
vn 0.4474 0.7744 0.4473
vn 0.1296 0.9831 0.1296
vn 0.1216 0.8623 0.4915
vn -0.4474 -0.4474 -0.7744
vn -0.4916 -0.1216 -0.8623
vn -0.7744 -0.4474 -0.4473
vn -0.8623 -0.1216 -0.4915
vn -0.4474 -0.4474 0.7744
vn -0.8623 -0.1216 0.4915
vn -0.7744 -0.4474 0.4473
vn -0.4916 0.1216 -0.8623
vn -0.4474 0.4473 -0.7744
vn -0.8623 0.1216 -0.4915
vn -0.7745 0.4473 -0.4473
vn -0.8623 0.4915 -0.1216
vn -0.4474 0.7744 -0.4473
vn -0.1296 0.9831 -0.1296
vn -0.4473 0.4473 0.7744
vn -0.4916 0.1216 0.8623
vn -0.4474 0.7744 0.4473
vn -0.8623 0.4915 0.1216
vn -0.7744 0.4473 0.4473
vn -0.8623 0.1216 0.4915
vn 0.8623 -0.1216 -0.4916
vn 0.7744 -0.4474 -0.4474
vn 0.7744 -0.4474 0.4474
vn 0.8623 -0.1216 0.4916
vn 0.7745 0.4473 -0.4474
vn 0.8623 0.1216 -0.4916
vn 0.8623 0.1216 0.4916
vn 0.1296 0.9831 0.1295
vn -0.4915 -0.1215 -0.8623
vn -0.8623 -0.1215 -0.4916
vn -0.8623 -0.1215 0.4916
vn -0.7744 0.4473 0.4474
vn 0.8623 -0.1216 -0.4915
vn 0.4473 -0.7744 0.4473
vn 0.8623 -0.1216 0.4915
vn 0.4474 0.4473 -0.7744
vn 0.4474 0.4473 0.7744
vn -0.0000 -0.7462 -0.6657
vn -0.0000 -0.7462 0.6657
vn -0.2856 -0.6894 0.6657
vn -0.2856 -0.6894 -0.6657
vn -0.5276 -0.5276 0.6657
vn -0.5276 -0.5276 -0.6657
vn -0.6894 -0.2856 0.6657
vn -0.6894 -0.2856 -0.6657
vn -0.7462 -0.0000 0.6657
vn -0.7462 -0.0000 -0.6657
vn -0.6894 0.2856 0.6657
vn -0.6894 0.2856 -0.6657
vn -0.5276 0.5277 0.6657
vn -0.5276 0.5277 -0.6657
vn -0.2855 0.6894 0.6657
vn -0.2855 0.6894 -0.6657
vn -0.0000 0.7462 0.6657
vn -0.0000 0.7462 -0.6657
vn 0.2855 0.6894 0.6657
vn 0.2855 0.6894 -0.6657
vn 0.5276 0.5277 0.6657
vn 0.5276 0.5277 -0.6657
vn 0.6894 0.2856 0.6657
vn 0.6894 0.2856 -0.6657
vn 0.7462 -0.0000 0.6657
vn 0.7462 -0.0000 -0.6657
vn 0.6894 -0.2856 0.6657
vn 0.6894 -0.2856 -0.6657
vn 0.5277 -0.5276 0.6657
vn 0.5277 -0.5276 -0.6657
vn 0.2856 -0.6894 0.6657
vn 0.2856 -0.6894 -0.6657
vn -0.5277 -0.5276 0.6657
vn -0.5277 -0.5276 -0.6657
vn 0.5276 -0.5276 0.6657
vn 0.5276 -0.5276 -0.6657
vn -0.6657 -0.0000 0.7462
vn 0.6657 -0.0000 0.7462
vn 0.6657 0.2856 0.6894
vn -0.6657 0.2856 0.6894
vn 0.6657 0.5277 0.5276
vn -0.6657 0.5277 0.5276
vn 0.6657 0.6894 0.2855
vn -0.6657 0.6894 0.2855
vn 0.6657 0.7462 -0.0000
vn -0.6657 0.7462 -0.0000
vn 0.6657 0.6894 -0.2855
vn -0.6657 0.6894 -0.2855
vn 0.6657 0.5277 -0.5276
vn -0.6657 0.5277 -0.5276
vn 0.6657 0.2856 -0.6894
vn -0.6657 0.2856 -0.6894
vn 0.6657 -0.0000 -0.7462
vn -0.6657 -0.0000 -0.7462
vn 0.6657 -0.2856 -0.6894
vn -0.6657 -0.2856 -0.6894
vn 0.6657 -0.5276 -0.5276
vn -0.6657 -0.5276 -0.5276
vn 0.6657 -0.6894 -0.2856
vn -0.6657 -0.6894 -0.2856
vn 0.6657 -0.7462 -0.0000
vn -0.6657 -0.7462 -0.0000
vn 0.6657 -0.6894 0.2856
vn -0.6657 -0.6894 0.2856
vn 0.6657 -0.5276 0.5276
vn -0.6657 -0.5276 0.5276
vn 0.6657 -0.2856 0.6894
vn -0.6657 -0.2856 0.6894
vn -0.0000 0.6303 0.7764
vn -0.0000 -0.6303 0.7764
vn 0.5490 -0.6303 0.5490
vn 0.5490 0.6303 0.5490
vn 0.7764 -0.6303 -0.0000
vn 0.7764 0.6303 -0.0000
vn 0.5490 -0.6303 -0.5490
vn 0.5490 0.6303 -0.5490
vn -0.0000 -0.6303 -0.7764
vn -0.0000 0.6303 -0.7764
vn -0.5490 -0.6303 -0.5490
vn -0.5490 0.6303 -0.5490
vn -0.7764 -0.6303 -0.0000
vn -0.7764 0.6303 -0.0000
vn -0.5490 -0.6303 0.5490
vn -0.5490 0.6303 0.5490
vn 0.5490 -0.6302 0.5490
vn -0.5490 -0.6302 0.5490
vn -0.1216 -0.8623 -0.4916
vn -0.4474 -0.7744 -0.4474
vn -0.4916 -0.8623 -0.1216
vn -0.8623 -0.4915 -0.1216
vn -0.7744 -0.4473 -0.4474
vn -0.1216 -0.8623 0.4916
vn -0.4474 -0.7744 0.4474
vn -0.4916 -0.8623 0.1216
vn -0.7744 -0.4473 0.4474
vn -0.8623 -0.4915 0.1216
vn -0.7745 0.4474 -0.4473
vn -0.1216 0.8623 -0.4916
vn -0.4473 0.4474 0.7744
vn -0.1216 0.8623 0.4916
vn -0.1296 0.9831 0.1296
vn -0.7745 0.4473 0.4473
vn 0.7745 -0.4473 -0.4473
vn 0.8623 -0.4915 -0.1216
vn 0.4916 -0.8623 -0.1216
vn 0.4474 -0.7744 -0.4474
vn 0.1216 -0.8623 -0.4916
vn 0.4915 -0.1216 0.8623
vn 0.1216 -0.8623 0.4916
vn 0.4474 -0.7744 0.4474
vn 0.4916 -0.8623 0.1216
vn 0.8623 -0.4915 0.1216
vn 0.7745 -0.4473 0.4474
vn 0.1216 0.8623 -0.4916
vn 0.1296 0.9831 -0.1296
vn 0.8623 0.4916 -0.1216
vn 0.8623 0.1215 0.4915
vn 0.1216 0.8623 0.4916
vn -0.1216 -0.4915 -0.8623
vn -0.4473 -0.4473 -0.7744
vn -0.1216 -0.8624 -0.4915
vn -0.4474 -0.7744 -0.4473
vn -0.1296 -0.9831 -0.1295
vn -0.4916 -0.8623 -0.1215
vn -0.1296 -0.9831 0.1295
vn -0.1216 -0.8624 0.4915
vn -0.4474 -0.7744 0.4473
vn -0.4916 -0.8623 0.1215
vn -0.1216 -0.4915 0.8623
vn -0.4473 -0.4473 0.7744
vn -0.4916 -0.1216 0.8623
vn -0.4474 0.4474 -0.7744
vn -0.1216 0.4916 -0.8623
vn -0.7744 0.4473 -0.4473
vn -0.4916 0.8623 -0.1216
vn -0.4474 0.7744 -0.4474
vn -0.1216 0.4916 0.8623
vn -0.4473 0.7744 0.4474
vn -0.1296 0.9831 0.1297
vn -0.4916 0.8623 0.1216
vn 0.4474 -0.4473 -0.7745
vn 0.1216 -0.4915 -0.8623
vn 0.4916 -0.8623 -0.1215
vn 0.4474 -0.7744 -0.4473
vn 0.1296 -0.9831 -0.1295
vn 0.1216 -0.8624 -0.4915
vn 0.1216 -0.4915 0.8623
vn 0.4474 -0.4473 0.7745
vn 0.1216 -0.8624 0.4915
vn 0.4474 -0.7744 0.4473
vn 0.1296 -0.9831 0.1295
vn 0.4916 -0.8623 0.1215
vn 0.7745 -0.4473 0.4473
vn 0.1216 0.4916 -0.8623
vn 0.4474 0.4474 -0.7744
vn 0.4915 0.1216 -0.8623
vn 0.4474 0.7744 -0.4474
vn 0.1296 0.9831 -0.1297
vn 0.4916 0.8623 -0.1217
vn 0.4474 0.4474 0.7744
vn 0.1216 0.4916 0.8623
vn 0.4916 0.8623 0.1216
vn 0.4474 0.7744 0.4474
vn 0.1296 0.9831 0.1297
vn -0.4473 -0.4473 -0.7745
vn -0.8623 -0.1215 -0.4915
vn -0.4915 -0.8623 0.1215
vn -0.4473 -0.4473 0.7745
vn -0.8623 -0.1215 0.4915
vn -0.8623 0.1215 -0.4915
vn -0.7744 0.4474 -0.4474
vn -0.8623 0.4916 -0.1215
vn -0.4915 0.8623 -0.1215
vn -0.4473 0.7745 -0.4473
vn -0.1216 0.8624 -0.4915
vn -0.4915 0.1215 0.8623
vn -0.1215 0.8624 0.4915
vn -0.4473 0.7745 0.4473
vn -0.4915 0.8623 0.1215
vn -0.8623 0.4915 0.1215
vn -0.8623 0.1215 0.4915
vn 0.4473 -0.4474 -0.7744
vn 0.4915 -0.8623 -0.1215
vn 0.4473 -0.4474 0.7744
vn 0.4915 -0.8623 0.1215
vn 0.9831 -0.1295 0.1296
vn 0.4473 0.4473 -0.7745
vn 0.4473 0.7745 -0.4473
vn 0.4915 0.8623 -0.1215
vn 0.7744 0.4474 -0.4474
vn 0.4473 0.4473 0.7745
vn 0.7744 0.4474 0.4473
vn 0.8623 0.4916 0.1215
vn 0.4915 0.8624 0.1215
vn 0.4473 0.7745 0.4473
vn -0.4916 -0.1215 0.8623
vn -0.4915 0.1215 -0.8623
vn -0.7744 0.4473 -0.4474
vn -0.1216 0.8624 0.4915
vn -0.4915 0.8624 0.1215
vn -0.8623 0.4916 0.1215
vn 0.4473 0.4474 -0.7745
vn -0.4915 -0.8623 -0.1215
vn -0.4916 0.1215 0.8623
vn 0.9831 0.1295 -0.1296
vn 0.8623 0.1215 -0.4915
vn 0.4473 0.4474 0.7745
vn 0.4915 0.8623 0.1215
vn -0.7745 -0.4473 -0.4473
vn -0.7745 -0.4473 0.4473
vn -0.4915 0.8623 -0.1216
vn -0.4474 0.4473 0.7744
vn -0.4915 0.8623 0.1216
vn 0.4915 -0.1216 -0.8623
vn 0.4473 -0.7744 -0.4473
vn 0.4473 0.7744 -0.4474
vn 0.4915 0.8623 -0.1216
vn 0.7744 0.4473 0.4473
vn 0.4915 0.8623 0.1216
vn 0.4473 0.7744 0.4474
vt 0.500565 0.196422
vt 0.500565 0.155838
vt 0.541148 0.155838
vt 0.541148 0.196422
vt 0.387695 0.721939
vt 0.347111 0.721939
vt 0.347111 0.661063
vt 0.387695 0.661063
vt 0.652950 0.187863
vt 0.652950 0.147280
vt 0.693534 0.147280
vt 0.693534 0.187863
vt 0.316188 0.725641
vt 0.275604 0.725641
vt 0.275604 0.664766
vt 0.316188 0.664766
vt 0.043660 0.642740
vt 0.043660 0.703616
vt 0.003077 0.703616
vt 0.003077 0.642740
vt 0.090397 0.642740
vt 0.090397 0.703616
vt 0.049813 0.703616
vt 0.049813 0.642740
vt 0.686983 0.409110
vt 0.686983 0.368526
vt 0.727567 0.368526
vt 0.727567 0.409110
vt 0.693005 0.723379
vt 0.652421 0.723379
vt 0.652421 0.662503
vt 0.693005 0.662503
vt 0.705246 0.550767
vt 0.705246 0.510183
vt 0.745829 0.510183
vt 0.745829 0.550767
vt 0.727567 0.275053
vt 0.686983 0.275053
vt 0.686983 0.214177
vt 0.727567 0.214177
vt 0.181776 0.652500
vt 0.181776 0.713376
vt 0.141192 0.713376
vt 0.141192 0.652500
vt 0.258290 0.652502
vt 0.258290 0.713377
vt 0.217707 0.713377
vt 0.217707 0.652502
vt 0.887405 0.151272
vt 0.887405 0.080251
vt 0.891463 0.080251
vt 0.891463 0.151272
vt 0.085455 0.842746
vt 0.085455 0.771724
vt 0.089514 0.771724
vt 0.089514 0.842746
vt 0.889672 0.581204
vt 0.889672 0.510183
vt 0.893730 0.510183
vt 0.893730 0.581204
vt 0.055967 0.864052
vt 0.055967 0.793031
vt 0.060025 0.793031
vt 0.060025 0.864052
vt 0.500565 0.202575
vt 0.504623 0.202575
vt 0.504623 0.206633
vt 0.500565 0.206633
vt 0.514835 0.206633
vt 0.510776 0.206633
vt 0.510776 0.202575
vt 0.514835 0.202575
vt 0.899884 0.581204
vt 0.899884 0.510183
vt 0.903942 0.510183
vt 0.903942 0.581204
vt 0.204228 0.876536
vt 0.204228 0.805514
vt 0.208286 0.805514
vt 0.208286 0.876536
vt 0.889672 0.658379
vt 0.889672 0.587358
vt 0.893730 0.587358
vt 0.893730 0.658379
vt 0.393848 0.876729
vt 0.393848 0.805708
vt 0.397906 0.805708
vt 0.397906 0.876729
vt 0.520988 0.202575
vt 0.525046 0.202575
vt 0.525046 0.206633
vt 0.520988 0.206633
vt 0.535258 0.206633
vt 0.531199 0.206633
vt 0.531199 0.202575
vt 0.535258 0.202575
vt 0.890469 0.268965
vt 0.890469 0.197944
vt 0.894528 0.197944
vt 0.894528 0.268965
vt 0.877194 0.074098
vt 0.877194 0.003077
vt 0.881252 0.003077
vt 0.881252 0.074098
vt 0.890469 0.346139
vt 0.890469 0.275118
vt 0.894528 0.275118
vt 0.894528 0.346139
vt 0.877194 0.151273
vt 0.877194 0.080251
vt 0.881252 0.080251
vt 0.881252 0.151273
vt 0.766252 0.187732
vt 0.770311 0.187732
vt 0.770311 0.191791
vt 0.766252 0.191791
vt 0.780522 0.191791
vt 0.776464 0.191791
vt 0.776464 0.187732
vt 0.780522 0.187732
vt 0.890469 0.423314
vt 0.890469 0.352293
vt 0.894528 0.352293
vt 0.894528 0.423314
vt 0.571975 0.883055
vt 0.571975 0.812033
vt 0.576033 0.812033
vt 0.576033 0.883055
vt 0.890469 0.500489
vt 0.890469 0.429467
vt 0.894528 0.429467
vt 0.894528 0.500489
vt 0.879461 0.581205
vt 0.879461 0.510183
vt 0.883519 0.510183
vt 0.883519 0.581205
vt 0.786675 0.187732
vt 0.790734 0.187732
vt 0.790734 0.191791
vt 0.786675 0.191791
vt 0.800945 0.191791
vt 0.796887 0.191791
vt 0.796887 0.187732
vt 0.800945 0.187732
vt 0.940984 0.469102
vt 0.940984 0.417358
vt 0.942810 0.417358
vt 0.942810 0.469102
vt 0.269451 0.561443
vt 0.217707 0.561443
vt 0.217707 0.414835
vt 0.269451 0.414835
vt 0.941003 0.054821
vt 0.941003 0.003077
vt 0.942830 0.003077
vt 0.942830 0.054821
vt 0.180761 0.561442
vt 0.129017 0.561442
vt 0.129017 0.414833
vt 0.180761 0.414833
vt 0.871040 0.003077
vt 0.871040 0.149685
vt 0.869214 0.149685
vt 0.869214 0.003077
vt 0.871481 0.656792
vt 0.871481 0.510183
vt 0.873307 0.510183
vt 0.873307 0.656792
vt 0.924822 0.365482
vt 0.924822 0.313738
vt 0.927866 0.313738
vt 0.927866 0.365482
vt 0.547302 0.207582
vt 0.547302 0.155838
vt 0.550345 0.155838
vt 0.550345 0.207582
vt 0.926054 0.619824
vt 0.926054 0.568080
vt 0.929098 0.568080
vt 0.929098 0.619824
vt 0.920139 0.925110
vt 0.920139 0.873366
vt 0.923182 0.873366
vt 0.923182 0.925110
vt 0.605199 0.204604
vt 0.608243 0.204604
vt 0.608243 0.207648
vt 0.605199 0.207648
vt 0.690027 0.418307
vt 0.686983 0.418307
vt 0.686983 0.415263
vt 0.690027 0.415263
vt 0.926054 0.677721
vt 0.926054 0.625977
vt 0.929098 0.625977
vt 0.929098 0.677721
vt 0.923624 0.112718
vt 0.923624 0.060974
vt 0.926668 0.060974
vt 0.926668 0.112718
vt 0.924822 0.482226
vt 0.924822 0.430482
vt 0.927866 0.430482
vt 0.927866 0.482226
vt 0.923624 0.170615
vt 0.923624 0.118871
vt 0.926668 0.118871
vt 0.926668 0.170615
vt 0.935251 0.692844
vt 0.938294 0.692844
vt 0.938294 0.695888
vt 0.935251 0.695888
vt 0.960223 0.608795
vt 0.957179 0.608795
vt 0.957179 0.605752
vt 0.960223 0.605752
vt 0.247982 0.898484
vt 0.247982 0.893412
vt 0.251026 0.893412
vt 0.251026 0.898484
vt 0.338640 0.803257
vt 0.333567 0.803257
vt 0.333567 0.664766
vt 0.338640 0.664766
vt 0.973544 0.608861
vt 0.973544 0.603788
vt 0.976588 0.603788
vt 0.976588 0.608861
vt 0.775913 0.141568
vt 0.770840 0.141568
vt 0.770840 0.003077
vt 0.775913 0.003077
vt 0.852042 0.702784
vt 0.852042 0.841275
vt 0.848998 0.841275
vt 0.848998 0.702784
vt 0.825872 0.859776
vt 0.825872 0.721284
vt 0.828915 0.721284
vt 0.828915 0.859776
vt 0.737345 0.986587
vt 0.737345 0.981514
vt 0.740389 0.981514
vt 0.740389 0.986587
vt 0.787139 0.141568
vt 0.782066 0.141568
vt 0.782066 0.003077
vt 0.787139 0.003077
vt 0.983888 0.851777
vt 0.983888 0.846704
vt 0.986932 0.846704
vt 0.986932 0.851777
vt 0.798365 0.141568
vt 0.793292 0.141568
vt 0.793292 0.003077
vt 0.798365 0.003077
vt 0.861239 0.702784
vt 0.861239 0.841275
vt 0.858195 0.841275
vt 0.858195 0.702784
vt 0.862284 0.648675
vt 0.862284 0.510183
vt 0.865328 0.510183
vt 0.865328 0.648675
vt 0.932821 0.063003
vt 0.934850 0.063003
vt 0.934850 0.116776
vt 0.932821 0.116776
vt 0.874105 0.479051
vt 0.872075 0.479051
vt 0.872076 0.342589
vt 0.874105 0.342589
vt 0.932821 0.003077
vt 0.934850 0.003077
vt 0.934850 0.056850
vt 0.932821 0.056850
vt 0.877401 0.839246
vt 0.875372 0.839246
vt 0.875372 0.702784
vt 0.877401 0.702784
vt 0.577145 0.356793
vt 0.577145 0.493255
vt 0.523372 0.493255
vt 0.523372 0.356793
vt 0.558462 0.139539
vt 0.558462 0.003077
vt 0.612236 0.003077
vt 0.612236 0.139539
vt 0.166623 0.907359
vt 0.163579 0.907359
vt 0.163579 0.845469
vt 0.166623 0.845469
vt 0.812040 0.842459
vt 0.808997 0.842459
vt 0.808997 0.695850
vt 0.812040 0.695850
vt 0.896809 0.919022
vt 0.893765 0.919022
vt 0.893765 0.857132
vt 0.896809 0.857132
vt 0.849253 0.344552
vt 0.846210 0.344552
vt 0.846210 0.197944
vt 0.849253 0.197944
vt 0.409002 0.406777
vt 0.409002 0.553385
vt 0.347111 0.553385
vt 0.347111 0.406777
vt 0.003077 0.561442
vt 0.003077 0.414833
vt 0.064967 0.414833
vt 0.064967 0.561442
vt 0.633644 0.897824
vt 0.633644 0.826803
vt 0.637702 0.826803
vt 0.637702 0.897824
vt 0.879461 0.658379
vt 0.879461 0.587358
vt 0.883519 0.587358
vt 0.883519 0.658379
vt 0.893765 0.773805
vt 0.893765 0.702784
vt 0.897824 0.702784
vt 0.897824 0.773805
vt 0.880258 0.268965
vt 0.880258 0.197944
vt 0.884316 0.197944
vt 0.884316 0.268965
vt 0.846798 0.186232
vt 0.850856 0.186232
vt 0.850856 0.190291
vt 0.846798 0.190291
vt 0.962369 0.741404
vt 0.958311 0.741404
vt 0.958311 0.737345
vt 0.962369 0.737345
vt 0.899884 0.658379
vt 0.899884 0.587358
vt 0.903942 0.587358
vt 0.903942 0.658379
vt 0.880258 0.346140
vt 0.880258 0.275118
vt 0.884316 0.275118
vt 0.884316 0.346140
vt 0.893765 0.850979
vt 0.893765 0.779958
vt 0.897824 0.779958
vt 0.897824 0.850979
vt 0.880258 0.423314
vt 0.880258 0.352293
vt 0.884316 0.352293
vt 0.884316 0.423314
vt 0.966884 0.559522
vt 0.970942 0.559522
vt 0.970942 0.563581
vt 0.966884 0.563581
vt 0.978749 0.867061
vt 0.974691 0.867061
vt 0.974691 0.863003
vt 0.978749 0.863003
vt 0.897617 0.074098
vt 0.897617 0.003077
vt 0.901675 0.003077
vt 0.901675 0.074098
vt 0.880258 0.500489
vt 0.880258 0.429467
vt 0.884316 0.429467
vt 0.884316 0.500489
vt 0.897617 0.151272
vt 0.897617 0.080251
vt 0.901675 0.080251
vt 0.901675 0.151272
vt 0.883554 0.773805
vt 0.883554 0.702784
vt 0.887612 0.702784
vt 0.887612 0.773805
vt 0.675508 0.980490
vt 0.679566 0.980490
vt 0.679566 0.984549
vt 0.675508 0.984549
vt 0.701187 0.985056
vt 0.697129 0.985056
vt 0.697129 0.980997
vt 0.701187 0.980997
vt 0.784450 0.902011
vt 0.784450 0.830990
vt 0.788508 0.830990
vt 0.788508 0.902011
vt 0.883554 0.850980
vt 0.883554 0.779958
vt 0.887612 0.779958
vt 0.887612 0.850980
vt 0.794661 0.902011
vt 0.794661 0.830990
vt 0.798719 0.830990
vt 0.798719 0.902011
vt 0.887405 0.074098
vt 0.887405 0.003077
vt 0.891463 0.003077
vt 0.891463 0.074098
vt 0.766014 0.981037
vt 0.770072 0.981037
vt 0.770072 0.985095
vt 0.766014 0.985095
vt 0.843860 0.985221
vt 0.839801 0.985221
vt 0.839801 0.981163
vt 0.843860 0.981163
vt 0.941003 0.114747
vt 0.941003 0.063003
vt 0.942830 0.063003
vt 0.942830 0.114747
vt 0.552309 0.149685
vt 0.500565 0.149685
vt 0.500565 0.003077
vt 0.552309 0.003077
vt 0.023154 0.942879
vt 0.023154 0.891135
vt 0.024980 0.891135
vt 0.024980 0.942879
vt 0.122864 0.561442
vt 0.071120 0.561442
vt 0.071120 0.414833
vt 0.122864 0.414833
vt 0.188741 0.414833
vt 0.188741 0.561442
vt 0.186914 0.561442
vt 0.186914 0.414833
vt 0.867392 0.849392
vt 0.867392 0.702784
vt 0.869218 0.702784
vt 0.869218 0.849392
vt 0.542712 0.928754
vt 0.542712 0.877010
vt 0.545756 0.877010
vt 0.545756 0.928754
vt 0.229947 0.925534
vt 0.229947 0.873790
vt 0.232991 0.873790
vt 0.232991 0.925534
vt 0.903977 0.929168
vt 0.903977 0.877424
vt 0.907021 0.877424
vt 0.907021 0.929168
vt 0.923624 0.054821
vt 0.923624 0.003077
vt 0.926668 0.003077
vt 0.926668 0.054821
vt 0.068142 0.838753
vt 0.071185 0.838753
vt 0.071185 0.841797
vt 0.068142 0.841797
vt 0.850384 0.696383
vt 0.847340 0.696383
vt 0.847340 0.693339
vt 0.850384 0.693339
vt 0.924822 0.424329
vt 0.924822 0.372585
vt 0.927866 0.372585
vt 0.927866 0.424329
vt 0.924822 0.249688
vt 0.924822 0.197944
vt 0.927866 0.197944
vt 0.927866 0.249688
vt 0.926054 0.561927
vt 0.926054 0.510183
vt 0.929098 0.510183
vt 0.929098 0.561927
vt 0.924822 0.307585
vt 0.924822 0.255841
vt 0.927866 0.255841
vt 0.927866 0.307585
vt 0.980139 0.561146
vt 0.983183 0.561146
vt 0.983183 0.564189
vt 0.980139 0.564189
vt 0.216294 0.986053
vt 0.213251 0.986053
vt 0.213251 0.983009
vt 0.216294 0.983009
vt 0.973727 0.823717
vt 0.973727 0.818644
vt 0.976771 0.818644
vt 0.976771 0.823717
vt 0.775384 0.725850
vt 0.770311 0.725850
vt 0.770311 0.587358
vt 0.775384 0.587358
vt 0.983012 0.468726
vt 0.983012 0.463653
vt 0.986056 0.463653
vt 0.986056 0.468726
vt 0.809591 0.141568
vt 0.804518 0.141568
vt 0.804518 0.003077
vt 0.809591 0.003077
vt 0.842845 0.702784
vt 0.842845 0.841275
vt 0.839801 0.841275
vt 0.839801 0.702784
vt 0.846210 0.489197
vt 0.846210 0.350705
vt 0.849253 0.350705
vt 0.849253 0.489197
vt 0.612298 0.986855
vt 0.612298 0.981782
vt 0.615341 0.981782
vt 0.615341 0.986855
vt 0.398921 0.799555
vt 0.393848 0.799555
vt 0.393848 0.661063
vt 0.398921 0.661063
vt 0.540620 0.986896
vt 0.540620 0.981823
vt 0.543664 0.981823
vt 0.543664 0.986896
vt 0.327414 0.803257
vt 0.322341 0.803257
vt 0.322341 0.664766
vt 0.327414 0.664766
vt 0.865922 0.197944
vt 0.865922 0.336435
vt 0.862878 0.336435
vt 0.862878 0.197944
vt 0.862879 0.481080
vt 0.862879 0.342589
vt 0.865922 0.342589
vt 0.865922 0.481080
vt 0.931365 0.927139
vt 0.929336 0.927139
vt 0.929336 0.873366
vt 0.931365 0.873366
vt 0.337560 0.551297
vt 0.335531 0.551297
vt 0.335531 0.414835
vt 0.337560 0.414835
vt 0.930147 0.756557
vt 0.928118 0.756557
vt 0.928118 0.702784
vt 0.930147 0.702784
vt 0.874105 0.334406
vt 0.872075 0.334406
vt 0.872075 0.197944
vt 0.874105 0.197944
vt 0.329378 0.414835
vt 0.329378 0.551297
vt 0.275604 0.551297
vt 0.275604 0.414835
vt 0.523372 0.350640
vt 0.523372 0.214177
vt 0.577145 0.214177
vt 0.577145 0.350640
vt 0.870436 0.917435
vt 0.867392 0.917435
vt 0.867392 0.855545
vt 0.870436 0.855545
vt 0.565822 0.832447
vt 0.562778 0.832447
vt 0.562778 0.685839
vt 0.565822 0.685839
vt 0.887612 0.919023
vt 0.884568 0.919023
vt 0.884568 0.857133
vt 0.887612 0.857133
vt 0.444168 0.840653
vt 0.441124 0.840653
vt 0.441124 0.694044
vt 0.444168 0.694044
vt 0.517218 0.366939
vt 0.517218 0.513547
vt 0.455328 0.513547
vt 0.455328 0.366939
vt 0.455328 0.360786
vt 0.455328 0.214177
vt 0.517219 0.214177
vt 0.517219 0.360786
vt 0.652950 0.141126
vt 0.652950 0.078222
vt 0.697592 0.078222
vt 0.697592 0.141126
vt 0.065981 0.636587
vt 0.003077 0.636587
vt 0.003077 0.567595
vt 0.065981 0.567595
vt 0.583298 0.699283
vt 0.583298 0.636378
vt 0.627940 0.636378
vt 0.627940 0.699283
vt 0.135039 0.636587
vt 0.072134 0.636587
vt 0.072134 0.567595
vt 0.135039 0.567595
vt 0.697064 0.587358
vt 0.697064 0.656350
vt 0.652422 0.656350
vt 0.652421 0.587358
vt 0.652950 0.072069
vt 0.652950 0.003077
vt 0.697592 0.003077
vt 0.697592 0.072069
vt 0.627491 0.867387
vt 0.613287 0.867387
vt 0.613287 0.826803
vt 0.627491 0.826803
vt 0.814856 0.483738
vt 0.800652 0.483738
vt 0.800652 0.422863
vt 0.814856 0.422863
vt 0.790217 0.409110
vt 0.776012 0.409110
vt 0.776012 0.368526
vt 0.790217 0.368526
vt 0.798654 0.824837
vt 0.784450 0.824837
vt 0.784450 0.763962
vt 0.798654 0.763962
vt 0.449175 0.627016
vt 0.449175 0.687891
vt 0.408592 0.687891
vt 0.408592 0.627016
vt 0.558462 0.206568
vt 0.558462 0.145692
vt 0.599046 0.145692
vt 0.599046 0.206568
vt 0.554890 0.983530
vt 0.557933 0.983530
vt 0.557933 0.985277
vt 0.554890 0.985277
vt 0.557933 0.986758
vt 0.554890 0.986758
vt 0.254298 0.765881
vt 0.257342 0.765881
vt 0.257342 0.767362
vt 0.254298 0.767362
vt 0.257342 0.769110
vt 0.254298 0.769110
vt 0.257342 0.770857
vt 0.254298 0.770857
vt 0.257342 0.772338
vt 0.254298 0.772338
vt 0.986822 0.391544
vt 0.983778 0.391544
vt 0.983778 0.390063
vt 0.986822 0.390063
vt 0.983778 0.388316
vt 0.986822 0.388316
vt 0.983778 0.386569
vt 0.986822 0.386569
vt 0.983778 0.385087
vt 0.986822 0.385087
vt 0.974581 0.385088
vt 0.977625 0.385088
vt 0.977625 0.386569
vt 0.974581 0.386569
vt 0.977625 0.388316
vt 0.974581 0.388316
vt 0.977625 0.390063
vt 0.974581 0.390063
vt 0.977625 0.391544
vt 0.974581 0.391544
vt 0.420800 0.196358
vt 0.422445 0.195676
vt 0.424227 0.195676
vt 0.425873 0.196358
vt 0.427132 0.197617
vt 0.427814 0.199263
vt 0.427814 0.201045
vt 0.427132 0.202690
vt 0.425873 0.203950
vt 0.424227 0.204632
vt 0.422445 0.204632
vt 0.420800 0.203950
vt 0.419540 0.202690
vt 0.418858 0.201045
vt 0.418858 0.199263
vt 0.419540 0.197617
vt 0.554890 0.980301
vt 0.557933 0.980301
vt 0.557933 0.981783
vt 0.554890 0.981783
vt 0.439336 0.195676
vt 0.440982 0.196358
vt 0.442241 0.197617
vt 0.442923 0.199263
vt 0.442923 0.201045
vt 0.442241 0.202690
vt 0.440982 0.203950
vt 0.439336 0.204632
vt 0.437554 0.204632
vt 0.435909 0.203950
vt 0.434649 0.202691
vt 0.433967 0.201045
vt 0.433967 0.199263
vt 0.434649 0.197617
vt 0.435909 0.196358
vt 0.437554 0.195676
vt 0.275604 0.983632
vt 0.278648 0.983632
vt 0.278648 0.985379
vt 0.275604 0.985379
vt 0.278648 0.986861
vt 0.275604 0.986861
vt 0.982741 0.602266
vt 0.985785 0.602266
vt 0.985785 0.603747
vt 0.982741 0.603747
vt 0.985785 0.605494
vt 0.982741 0.605494
vt 0.985785 0.607242
vt 0.982741 0.607242
vt 0.985785 0.608723
vt 0.982741 0.608723
vt 0.986891 0.914385
vt 0.983847 0.914385
vt 0.983847 0.912903
vt 0.986891 0.912903
vt 0.983847 0.911156
vt 0.986891 0.911156
vt 0.983847 0.909409
vt 0.986891 0.909409
vt 0.983847 0.907928
vt 0.986891 0.907928
vt 0.969254 0.979588
vt 0.972298 0.979588
vt 0.972298 0.981069
vt 0.969254 0.981069
vt 0.972298 0.982816
vt 0.969254 0.982816
vt 0.972298 0.984563
vt 0.969254 0.984563
vt 0.972298 0.986045
vt 0.969254 0.986045
vt 0.933487 0.779893
vt 0.931705 0.779893
vt 0.930059 0.779211
vt 0.928800 0.777951
vt 0.928118 0.776305
vt 0.928118 0.774524
vt 0.928800 0.772878
vt 0.930059 0.771618
vt 0.931705 0.770937
vt 0.933487 0.770937
vt 0.935132 0.771618
vt 0.936392 0.772878
vt 0.937074 0.774524
vt 0.937074 0.776305
vt 0.936392 0.777951
vt 0.935132 0.779211
vt 0.275604 0.980404
vt 0.278648 0.980404
vt 0.278648 0.981885
vt 0.275604 0.981885
vt 0.454445 0.195676
vt 0.456091 0.196358
vt 0.457350 0.197617
vt 0.458032 0.199263
vt 0.458032 0.201045
vt 0.457350 0.202690
vt 0.456091 0.203950
vt 0.454445 0.204632
vt 0.452663 0.204632
vt 0.451018 0.203950
vt 0.449758 0.202690
vt 0.449076 0.201045
vt 0.449076 0.199263
vt 0.449758 0.197617
vt 0.451018 0.196358
vt 0.452663 0.195676
vt 0.983872 0.706012
vt 0.986916 0.706012
vt 0.986916 0.707759
vt 0.983872 0.707759
vt 0.986916 0.709240
vt 0.983872 0.709240
vt 0.811272 0.979762
vt 0.814316 0.979762
vt 0.814316 0.981243
vt 0.811272 0.981243
vt 0.814316 0.982991
vt 0.811272 0.982991
vt 0.814316 0.984738
vt 0.811272 0.984738
vt 0.814316 0.986219
vt 0.811272 0.986219
vt 0.986916 0.721850
vt 0.983872 0.721850
vt 0.983872 0.720369
vt 0.986916 0.720369
vt 0.983872 0.718622
vt 0.986916 0.718622
vt 0.983872 0.716875
vt 0.986916 0.716875
vt 0.983872 0.715393
vt 0.986916 0.715393
vt 0.906883 0.980095
vt 0.909927 0.980095
vt 0.909927 0.981576
vt 0.906883 0.981576
vt 0.909927 0.983323
vt 0.906883 0.983323
vt 0.909927 0.985071
vt 0.906883 0.985071
vt 0.909927 0.986552
vt 0.906883 0.986552
vt 0.466127 0.196358
vt 0.467772 0.195676
vt 0.469554 0.195676
vt 0.471200 0.196358
vt 0.472459 0.197617
vt 0.473141 0.199263
vt 0.473141 0.201045
vt 0.472459 0.202690
vt 0.471200 0.203950
vt 0.469554 0.204632
vt 0.467772 0.204632
vt 0.466127 0.203950
vt 0.464867 0.202690
vt 0.464185 0.201045
vt 0.464185 0.199263
vt 0.464867 0.197617
vt 0.983872 0.702784
vt 0.986916 0.702784
vt 0.986916 0.704265
vt 0.983872 0.704265
vt 0.484663 0.204632
vt 0.482881 0.204632
vt 0.481236 0.203950
vt 0.479976 0.202690
vt 0.479294 0.201045
vt 0.479294 0.199263
vt 0.479976 0.197617
vt 0.481236 0.196358
vt 0.482881 0.195676
vt 0.484663 0.195676
vt 0.486309 0.196358
vt 0.487568 0.197617
vt 0.488250 0.199263
vt 0.488250 0.201045
vt 0.487568 0.202690
vt 0.486309 0.203950
vt 0.983872 0.731232
vt 0.986916 0.731232
vt 0.986916 0.732979
vt 0.983872 0.732979
vt 0.986916 0.734460
vt 0.983872 0.734460
vt 0.982510 0.980095
vt 0.985554 0.980095
vt 0.985554 0.981576
vt 0.982510 0.981576
vt 0.985554 0.983323
vt 0.982510 0.983323
vt 0.985554 0.985071
vt 0.982510 0.985071
vt 0.985554 0.986552
vt 0.982510 0.986552
vt 0.986932 0.836862
vt 0.983888 0.836862
vt 0.983888 0.835381
vt 0.986932 0.835381
vt 0.983888 0.833634
vt 0.986932 0.833634
vt 0.983888 0.831886
vt 0.986932 0.831886
vt 0.983888 0.830405
vt 0.986932 0.830405
vt 0.884568 0.980161
vt 0.887612 0.980161
vt 0.887612 0.981642
vt 0.884568 0.981642
vt 0.887612 0.983389
vt 0.884568 0.983389
vt 0.887612 0.985136
vt 0.884568 0.985136
vt 0.887612 0.986618
vt 0.884568 0.986618
vt 0.815824 0.859155
vt 0.814042 0.859155
vt 0.812397 0.858474
vt 0.811137 0.857214
vt 0.810455 0.855568
vt 0.810455 0.853787
vt 0.811137 0.852141
vt 0.812397 0.850881
vt 0.814042 0.850199
vt 0.815824 0.850199
vt 0.817470 0.850881
vt 0.818729 0.852141
vt 0.819411 0.853787
vt 0.819411 0.855568
vt 0.818729 0.857214
vt 0.817470 0.858474
vt 0.983872 0.728003
vt 0.986916 0.728003
vt 0.986916 0.729485
vt 0.983872 0.729485
vt 0.898037 0.159594
vt 0.899683 0.160276
vt 0.900943 0.161536
vt 0.901624 0.163182
vt 0.901624 0.164963
vt 0.900943 0.166609
vt 0.899683 0.167869
vt 0.898037 0.168550
vt 0.896256 0.168550
vt 0.894610 0.167869
vt 0.893350 0.166609
vt 0.892669 0.164963
vt 0.892669 0.163182
vt 0.893350 0.161536
vt 0.894610 0.160276
vt 0.896256 0.159594
vt 0.201453 0.983517
vt 0.201453 0.972356
vt 0.202670 0.972356
vt 0.202670 0.983517
vt 0.832169 0.483738
vt 0.821009 0.483738
vt 0.821009 0.422863
vt 0.832169 0.422863
vt 0.855407 0.478827
vt 0.855407 0.467666
vt 0.856624 0.467666
vt 0.856624 0.478827
vt 0.079302 0.832600
vt 0.068142 0.832600
vt 0.068142 0.771724
vt 0.079302 0.771724
vt 0.407241 0.559538
vt 0.407241 0.620414
vt 0.406023 0.620414
vt 0.406023 0.559538
vt 0.818193 0.844046
vt 0.818193 0.783171
vt 0.819411 0.783171
vt 0.819411 0.844046
vt 0.425905 0.983523
vt 0.425905 0.972363
vt 0.427123 0.972363
vt 0.427123 0.983523
vt 0.419752 0.838182
vt 0.408592 0.838182
vt 0.408592 0.777306
vt 0.419752 0.777306
vt 0.793646 0.981201
vt 0.793646 0.970041
vt 0.794864 0.970041
vt 0.794864 0.981201
vt 0.646268 0.697253
vt 0.635108 0.697253
vt 0.635108 0.636378
vt 0.646268 0.636378
vt 0.120154 0.852637
vt 0.120154 0.913512
vt 0.118937 0.913512
vt 0.118937 0.852637
vt 0.368739 0.915602
vt 0.368739 0.854726
vt 0.369957 0.854726
vt 0.369957 0.915602
vt 0.982510 0.973942
vt 0.982510 0.962781
vt 0.983727 0.962781
vt 0.983727 0.973942
vt 0.268339 0.839573
vt 0.257179 0.839573
vt 0.257179 0.778697
vt 0.268339 0.778697
vt 0.920711 0.983139
vt 0.920711 0.971978
vt 0.921929 0.971978
vt 0.921929 0.983139
vt 0.466489 0.848328
vt 0.455328 0.848328
vt 0.455328 0.787452
vt 0.466489 0.787452
vt 0.676726 0.856166
vt 0.676726 0.917042
vt 0.675508 0.917042
vt 0.675508 0.856166
vt 0.877198 0.918008
vt 0.877198 0.857133
vt 0.878415 0.857133
vt 0.878415 0.918008
vt 0.982741 0.582350
vt 0.982741 0.571190
vt 0.983959 0.571190
vt 0.983959 0.582350
vt 0.483803 0.848328
vt 0.472642 0.848328
vt 0.472642 0.787452
vt 0.483803 0.787452
vt 0.194082 0.983516
vt 0.194082 0.972356
vt 0.195300 0.972356
vt 0.195300 0.983516
vt 0.501116 0.848328
vt 0.489956 0.848328
vt 0.489956 0.787452
vt 0.501116 0.787452
vt 0.776667 0.858516
vt 0.776667 0.919392
vt 0.775449 0.919392
vt 0.775449 0.858516
vt 0.927103 0.846921
vt 0.927103 0.786046
vt 0.928321 0.786046
vt 0.928321 0.846921
vt 0.944448 0.694873
vt 0.944448 0.692844
vt 0.945665 0.692844
vt 0.945665 0.694873
vt 0.941815 0.173659
vt 0.939786 0.173659
vt 0.939786 0.122930
vt 0.941815 0.122930
vt 0.077339 0.840782
vt 0.077339 0.838753
vt 0.078556 0.838753
vt 0.078556 0.840782
vt 0.943013 0.248673
vt 0.940983 0.248673
vt 0.940983 0.197944
vt 0.943013 0.197944
vt 0.942656 0.786046
vt 0.942656 0.836775
vt 0.941439 0.836775
vt 0.941439 0.786046
vt 0.942216 0.560913
vt 0.942216 0.510183
vt 0.943433 0.510183
vt 0.943433 0.560913
vt 0.928118 0.764739
vt 0.928118 0.762710
vt 0.929335 0.762710
vt 0.929335 0.764739
vt 0.395877 0.933612
vt 0.393848 0.933612
vt 0.393848 0.882882
vt 0.395877 0.882882
vt 0.210316 0.791451
vt 0.210316 0.789422
vt 0.211533 0.789422
vt 0.211533 0.791451
vt 0.514369 0.935716
vt 0.512340 0.935716
vt 0.512340 0.884986
vt 0.514369 0.884986
vt 0.943433 0.567066
vt 0.943433 0.617796
vt 0.942216 0.617796
vt 0.942216 0.567066
vt 0.831857 0.943805
vt 0.831857 0.893075
vt 0.833074 0.893075
vt 0.833074 0.943805
vt 0.949586 0.560913
vt 0.949586 0.558884
vt 0.950804 0.558884
vt 0.950804 0.560913
vt 0.943013 0.354322
vt 0.940984 0.354322
vt 0.940984 0.303592
vt 0.943013 0.303592
vt 0.942216 0.625978
vt 0.942216 0.623949
vt 0.943433 0.623949
vt 0.943433 0.625978
vt 0.943013 0.411205
vt 0.940984 0.411205
vt 0.940984 0.360475
vt 0.943013 0.360475
vt 0.944483 0.702784
vt 0.944483 0.753513
vt 0.943265 0.753513
vt 0.943265 0.702784
vt 0.944483 0.924096
vt 0.944483 0.873366
vt 0.945700 0.873366
vt 0.945700 0.924096
vt 0.948983 0.113323
vt 0.948983 0.111294
vt 0.950200 0.111294
vt 0.950200 0.113323
vt 0.574004 0.939937
vt 0.571975 0.939937
vt 0.571975 0.889208
vt 0.574004 0.889208
vt 0.875372 0.847428
vt 0.875372 0.845399
vt 0.876589 0.845399
vt 0.876589 0.847428
vt 0.605405 0.941270
vt 0.603375 0.941270
vt 0.603375 0.890541
vt 0.605405 0.890541
vt 0.945787 0.635961
vt 0.945787 0.686691
vt 0.944570 0.686691
vt 0.944570 0.635961
vt 0.947968 0.173659
vt 0.947968 0.122930
vt 0.949186 0.122930
vt 0.949186 0.173659
vt 0.769296 0.905187
vt 0.764223 0.905187
vt 0.764223 0.858516
vt 0.769296 0.858516
vt 0.513226 0.698037
vt 0.508153 0.698037
vt 0.508153 0.627016
vt 0.513226 0.627016
vt 0.688561 0.909874
vt 0.683488 0.909874
vt 0.683488 0.863203
vt 0.688561 0.863203
vt 0.430978 0.848328
vt 0.425905 0.848328
vt 0.425905 0.777306
vt 0.430978 0.777306
vt 0.699093 0.510183
vt 0.699093 0.581205
vt 0.652421 0.581205
vt 0.652421 0.510183
vt 0.455328 0.698037
vt 0.455328 0.627016
vt 0.502000 0.627016
vt 0.502000 0.698037
vt 0.488690 0.945659
vt 0.485646 0.945659
vt 0.485646 0.915221
vt 0.488690 0.915221
vt 0.859581 0.696383
vt 0.856537 0.696383
vt 0.856537 0.693339
vt 0.859581 0.693339
vt 0.958383 0.153367
vt 0.955339 0.153367
vt 0.955339 0.122930
vt 0.958383 0.122930
vt 0.196197 0.875654
vt 0.193154 0.875654
vt 0.193154 0.872610
vt 0.196197 0.872610
vt 0.958383 0.189958
vt 0.955339 0.189958
vt 0.955339 0.159520
vt 0.958383 0.159520
vt 0.959392 0.816483
vt 0.956348 0.816483
vt 0.956348 0.786046
vt 0.959392 0.786046
vt 0.791380 0.416075
vt 0.790568 0.416075
vt 0.790568 0.415263
vt 0.791380 0.415263
vt 0.937112 0.764674
vt 0.936300 0.764674
vt 0.936300 0.702784
vt 0.937112 0.702784
vt 0.067127 0.849711
vt 0.066315 0.849711
vt 0.066315 0.848899
vt 0.067127 0.848899
vt 0.913985 0.935256
vt 0.913174 0.935256
vt 0.913174 0.873366
vt 0.913985 0.873366
vt 0.269217 0.845726
vt 0.269217 0.907616
vt 0.268405 0.907616
vt 0.268405 0.845726
vt 0.933633 0.122930
vt 0.933633 0.184820
vt 0.932821 0.184820
vt 0.932821 0.122930
vt 0.067127 0.856675
vt 0.066315 0.856675
vt 0.066315 0.855864
vt 0.067127 0.855864
vt 0.938330 0.935256
vt 0.937518 0.935256
vt 0.937518 0.873366
vt 0.938330 0.873366
vt 0.067127 0.863640
vt 0.066315 0.863640
vt 0.066315 0.862829
vt 0.067127 0.862829
vt 0.935251 0.510183
vt 0.936063 0.510183
vt 0.936063 0.572073
vt 0.935251 0.572073
vt 0.934830 0.197944
vt 0.934830 0.259834
vt 0.934019 0.259834
vt 0.934019 0.197944
vt 0.934831 0.371635
vt 0.934831 0.433526
vt 0.934019 0.433526
vt 0.934019 0.371635
vt 0.886478 0.158278
vt 0.885667 0.158278
vt 0.885667 0.157467
vt 0.886478 0.157467
vt 0.936063 0.640117
vt 0.935251 0.640117
vt 0.935251 0.578227
vt 0.936063 0.578227
vt 0.269217 0.914581
vt 0.268405 0.914581
vt 0.268405 0.913769
vt 0.269217 0.913769
vt 0.935286 0.847936
vt 0.934474 0.847936
vt 0.934474 0.786046
vt 0.935286 0.786046
vt 0.934831 0.303592
vt 0.934831 0.365482
vt 0.934019 0.365482
vt 0.934019 0.303592
vt 0.934831 0.439679
vt 0.934831 0.501569
vt 0.934019 0.501569
vt 0.934019 0.439679
vt 0.832837 0.715130
vt 0.832837 0.510183
vt 0.833648 0.510183
vt 0.833648 0.715130
vt 0.217707 0.208024
vt 0.217707 0.003077
vt 0.298874 0.003077
vt 0.298874 0.208024
vt 0.839245 0.402890
vt 0.839245 0.197944
vt 0.840056 0.197944
vt 0.840056 0.402890
vt 0.305027 0.208024
vt 0.305027 0.003077
vt 0.386195 0.003077
vt 0.386195 0.208024
vt 0.920950 0.786046
vt 0.920950 0.867213
vt 0.920139 0.867213
vt 0.920139 0.786046
vt 0.240372 0.923274
vt 0.240372 0.842107
vt 0.241183 0.842107
vt 0.241183 0.923274
vt 0.963624 0.019310
vt 0.956522 0.019310
vt 0.956522 0.003077
vt 0.963624 0.003077
vt 0.726618 0.976617
vt 0.719516 0.976617
vt 0.719516 0.965964
vt 0.726618 0.965964
vt 0.379128 0.960551
vt 0.372026 0.960551
vt 0.372026 0.944318
vt 0.379128 0.944318
vt 0.220353 0.976856
vt 0.213251 0.976856
vt 0.213251 0.966203
vt 0.220353 0.966203
vt 0.697129 0.925505
vt 0.707782 0.925505
vt 0.707782 0.941739
vt 0.697129 0.941739
vt 0.776667 0.941778
vt 0.766014 0.941778
vt 0.766014 0.925545
vt 0.776667 0.925545
vt 0.963624 0.041697
vt 0.956522 0.041697
vt 0.956522 0.025463
vt 0.963624 0.025463
vt 0.976859 0.460543
vt 0.969757 0.460543
vt 0.969757 0.449890
vt 0.976859 0.449890
vt 0.682610 0.961815
vt 0.675508 0.961815
vt 0.675508 0.945582
vt 0.682610 0.945582
vt 0.832567 0.976910
vt 0.825465 0.976910
vt 0.825465 0.966257
vt 0.832567 0.966257
vt 0.839801 0.925670
vt 0.850454 0.925670
vt 0.850454 0.941904
vt 0.839801 0.941904
vt 0.622951 0.942524
vt 0.612298 0.942524
vt 0.612298 0.926290
vt 0.622951 0.926290
vt 0.963604 0.455978
vt 0.956502 0.455978
vt 0.956502 0.439744
vt 0.963604 0.439744
vt 0.530474 0.978470
vt 0.523372 0.978470
vt 0.523372 0.967816
vt 0.530474 0.967816
vt 0.220353 0.960050
vt 0.213251 0.960050
vt 0.213251 0.943816
vt 0.220353 0.943816
vt 0.057935 0.978492
vt 0.050833 0.978492
vt 0.050833 0.967839
vt 0.057935 0.967839
vt 0.073280 0.926604
vt 0.083933 0.926604
vt 0.083933 0.942837
vt 0.073280 0.942837
vt 0.686161 0.939429
vt 0.675508 0.939429
vt 0.675508 0.923195
vt 0.686161 0.923195
vt 0.637032 0.962727
vt 0.629930 0.962727
vt 0.629930 0.946493
vt 0.637032 0.946493
vt 0.415694 0.976936
vt 0.408592 0.976936
vt 0.408592 0.966283
vt 0.415694 0.966283
vt 0.867494 0.962781
vt 0.860391 0.962781
vt 0.860391 0.946548
vt 0.867494 0.946548
vt 0.379128 0.977358
vt 0.372026 0.977358
vt 0.372026 0.966704
vt 0.379128 0.966704
vt 0.408592 0.927597
vt 0.419245 0.927597
vt 0.419245 0.943831
vt 0.408592 0.943831
vt 0.041963 0.944954
vt 0.031310 0.944954
vt 0.031310 0.928720
vt 0.041963 0.928720
vt 0.963101 0.946482
vt 0.955999 0.946482
vt 0.955999 0.930249
vt 0.963101 0.930249
vt 0.977762 0.242180
vt 0.970660 0.242180
vt 0.970660 0.231527
vt 0.977762 0.231527
vt 0.963624 0.064083
vt 0.956522 0.064083
vt 0.956522 0.047850
vt 0.963624 0.047850
vt 0.038412 0.978059
vt 0.031310 0.978059
vt 0.031310 0.967406
vt 0.038412 0.967406
vt 0.523372 0.929131
vt 0.534025 0.929131
vt 0.534025 0.945364
vt 0.523372 0.945364
vt 0.871045 0.940395
vt 0.860391 0.940395
vt 0.860391 0.924161
vt 0.871045 0.924161
vt 0.963624 0.086470
vt 0.956522 0.086470
vt 0.956522 0.070236
vt 0.963624 0.070236
vt 0.666522 0.978064
vt 0.659420 0.978064
vt 0.659420 0.967410
vt 0.666522 0.967410
vt 0.963604 0.433591
vt 0.956502 0.433591
vt 0.956502 0.417358
vt 0.963604 0.417358
vt 0.604390 0.978434
vt 0.597288 0.978434
vt 0.597288 0.967781
vt 0.604390 0.967781
vt 0.275604 0.929196
vt 0.286257 0.929196
vt 0.286257 0.945430
vt 0.275604 0.945430
vt 0.184378 0.946625
vt 0.173725 0.946625
vt 0.173725 0.930391
vt 0.184378 0.930391
vt 0.547722 0.958864
vt 0.540620 0.958864
vt 0.540620 0.942630
vt 0.547722 0.942630
vt 0.488639 0.970023
vt 0.481537 0.970023
vt 0.481537 0.959370
vt 0.488639 0.959370
vt 0.590400 0.955051
vt 0.583298 0.955051
vt 0.583298 0.938818
vt 0.590400 0.938818
vt 0.973986 0.553369
vt 0.966884 0.553369
vt 0.966884 0.542716
vt 0.973986 0.542716
vt 0.298866 0.931340
vt 0.309519 0.931340
vt 0.309519 0.947573
vt 0.298866 0.947573
vt 0.795103 0.947588
vt 0.784450 0.947588
vt 0.784450 0.931355
vt 0.795103 0.931355
vt 0.560977 0.958864
vt 0.553875 0.958864
vt 0.553875 0.942630
vt 0.560977 0.942630
vt 0.704231 0.974844
vt 0.697129 0.974844
vt 0.697129 0.964191
vt 0.704231 0.964191
vt 0.010179 0.955369
vt 0.003077 0.955369
vt 0.003077 0.939136
vt 0.010179 0.939136
vt 0.773116 0.974884
vt 0.766014 0.974884
vt 0.766014 0.964230
vt 0.773116 0.964230
vt 0.229948 0.931687
vt 0.240601 0.931687
vt 0.240601 0.947921
vt 0.229948 0.947921
vt 0.262361 0.948018
vt 0.251708 0.948018
vt 0.251708 0.931784
vt 0.262361 0.931784
vt 0.400950 0.955999
vt 0.393848 0.955999
vt 0.393848 0.939765
vt 0.400950 0.939765
vt 0.116713 0.975994
vt 0.109610 0.975994
vt 0.109610 0.965341
vt 0.116713 0.965341
vt 0.917197 0.692941
vt 0.910095 0.692941
vt 0.910095 0.676708
vt 0.917197 0.676708
vt 0.976357 0.973434
vt 0.969254 0.973434
vt 0.969254 0.962781
vt 0.976357 0.962781
vt 0.318313 0.932037
vt 0.328967 0.932037
vt 0.328967 0.948270
vt 0.318313 0.948270
vt 0.061486 0.941328
vt 0.050833 0.941328
vt 0.050833 0.925095
vt 0.061486 0.925095
vt 0.165608 0.956191
vt 0.158506 0.956191
vt 0.158506 0.939957
vt 0.165608 0.939957
vt 0.846903 0.975009
vt 0.839801 0.975009
vt 0.839801 0.964356
vt 0.846903 0.964356
vt 0.818882 0.957310
vt 0.811779 0.957310
vt 0.811779 0.941076
vt 0.818882 0.941076
vt 0.744447 0.975361
vt 0.737345 0.975361
vt 0.737345 0.964708
vt 0.744447 0.964708
vt 0.141192 0.932314
vt 0.151845 0.932314
vt 0.151845 0.948547
vt 0.141192 0.948547
vt 0.931365 0.949526
vt 0.920711 0.949526
vt 0.920711 0.933293
vt 0.931365 0.933293
vt 0.501945 0.954541
vt 0.494843 0.954541
vt 0.494843 0.938308
vt 0.501945 0.938308
vt 0.619400 0.975629
vt 0.612298 0.975629
vt 0.612298 0.964976
vt 0.619400 0.964976
vt 0.116713 0.959188
vt 0.109611 0.959188
vt 0.109611 0.942955
vt 0.116713 0.942955
vt 0.547722 0.975670
vt 0.540620 0.975670
vt 0.540620 0.965017
vt 0.547722 0.965017
vt 0.194082 0.933670
vt 0.204735 0.933670
vt 0.204735 0.949904
vt 0.194082 0.949904
vt 0.895222 0.941409
vt 0.884568 0.941409
vt 0.884568 0.925176
vt 0.895222 0.925176
vt 0.726618 0.959811
vt 0.719516 0.959811
vt 0.719516 0.943577
vt 0.726618 0.943577
vt 0.080382 0.975942
vt 0.073280 0.975942
vt 0.073280 0.965289
vt 0.080382 0.965289
vt 0.913985 0.957643
vt 0.906883 0.957643
vt 0.906883 0.941409
vt 0.913985 0.941409
vt 0.024473 0.975984
vt 0.017371 0.975984
vt 0.017371 0.965331
vt 0.024473 0.965331
vt 0.425905 0.933677
vt 0.436558 0.933677
vt 0.436558 0.949910
vt 0.425905 0.949910
vt 0.951637 0.491488
vt 0.940984 0.491488
vt 0.940984 0.475255
vt 0.951637 0.475255
vt 0.968522 0.731192
vt 0.966493 0.731192
vt 0.966493 0.702784
vt 0.968522 0.702784
vt 0.729662 0.885845
vt 0.727632 0.885845
vt 0.727632 0.804677
vt 0.729662 0.804677
vt 0.968538 0.858814
vt 0.966509 0.858814
vt 0.966509 0.830405
vt 0.968538 0.830405
vt 0.250239 0.886683
vt 0.248210 0.886683
vt 0.248210 0.805516
vt 0.250239 0.805516
vt 0.729433 0.422863
vt 0.729433 0.504030
vt 0.701025 0.504030
vt 0.701025 0.422863
vt 0.703217 0.668525
vt 0.703217 0.587358
vt 0.731625 0.587358
vt 0.731625 0.668525
vt 0.457423 0.931178
vt 0.448292 0.931178
vt 0.448292 0.910886
vt 0.457423 0.910886
vt 0.773355 0.852363
vt 0.764223 0.852363
vt 0.764223 0.796560
vt 0.773355 0.796560
vt 0.476905 0.931178
vt 0.467774 0.931178
vt 0.467774 0.910886
vt 0.476905 0.910886
vt 0.516401 0.843255
vt 0.507269 0.843255
vt 0.507269 0.787452
vt 0.516401 0.787452
vt 0.208221 0.652500
vt 0.208221 0.708303
vt 0.187929 0.708303
vt 0.187929 0.652500
vt 0.068142 0.765571
vt 0.068142 0.709769
vt 0.088433 0.709769
vt 0.088433 0.765571
vt 0.412705 0.207851
vt 0.405603 0.207851
vt 0.405603 0.195676
vt 0.412705 0.195676
vt 0.777413 0.746207
vt 0.770311 0.746207
vt 0.770311 0.732003
vt 0.777413 0.732003
vt 0.399450 0.207851
vt 0.392348 0.207851
vt 0.392348 0.195676
vt 0.399450 0.195676
vt 0.057935 0.961686
vt 0.050833 0.961686
vt 0.050833 0.947481
vt 0.057935 0.947481
vt 0.925262 0.177586
vt 0.925262 0.191791
vt 0.913087 0.191791
vt 0.913087 0.177586
vt 0.448292 0.951535
vt 0.448292 0.937331
vt 0.460467 0.937331
vt 0.460467 0.951536
vt 0.605405 0.961628
vt 0.597288 0.961628
vt 0.597288 0.947423
vt 0.605405 0.947423
vt 0.745462 0.942255
vt 0.737345 0.942255
vt 0.737345 0.921964
vt 0.745462 0.921964
vt 0.957703 0.629650
vt 0.949586 0.629650
vt 0.949586 0.615446
vt 0.957703 0.615446
vt 0.166623 0.933804
vt 0.158506 0.933804
vt 0.158506 0.913512
vt 0.166623 0.913512
vt 0.902190 0.671100
vt 0.902190 0.691392
vt 0.887985 0.691392
vt 0.887985 0.671100
vt 0.194082 0.902981
vt 0.194082 0.882689
vt 0.208286 0.882689
vt 0.208286 0.902981
vt 0.003077 0.829556
vt 0.003077 0.793031
vt 0.023368 0.793031
vt 0.023368 0.829556
vt 0.737778 0.790407
vt 0.737778 0.753882
vt 0.772274 0.753882
vt 0.772274 0.790407
vt 0.029522 0.829556
vt 0.029522 0.793031
vt 0.049813 0.793031
vt 0.049813 0.829556
vt 0.697129 0.798524
vt 0.697129 0.761999
vt 0.731625 0.761999
vt 0.731625 0.798524
vt 0.295896 0.814107
vt 0.295896 0.848604
vt 0.275604 0.848604
vt 0.275604 0.814107
vt 0.652421 0.850013
vt 0.652421 0.815517
vt 0.672713 0.815517
vt 0.672713 0.850013
vt 0.737778 0.833086
vt 0.737778 0.796560
vt 0.758070 0.796560
vt 0.758070 0.833086
vt 0.275604 0.768320
vt 0.275604 0.731794
vt 0.310100 0.731794
vt 0.310100 0.768320
vt 0.141192 0.839316
vt 0.141192 0.802791
vt 0.161484 0.802791
vt 0.161484 0.839316
vt 0.751983 0.546709
vt 0.751983 0.510183
vt 0.786479 0.510183
vt 0.786479 0.546709
vt 0.338640 0.809411
vt 0.338640 0.843907
vt 0.318348 0.843907
vt 0.318348 0.809411
vt 0.347111 0.848573
vt 0.347111 0.814077
vt 0.367403 0.814077
vt 0.367403 0.848573
vt 0.974863 0.534092
vt 0.974863 0.526482
vt 0.977907 0.526482
vt 0.977907 0.534092
vt 0.892178 0.957708
vt 0.884568 0.957708
vt 0.884568 0.947563
vt 0.892178 0.947563
vt 0.797770 0.416653
vt 0.797770 0.409043
vt 0.800814 0.409043
vt 0.800814 0.416653
vt 0.704739 0.958038
vt 0.697129 0.958038
vt 0.697129 0.947892
vt 0.704739 0.947892
vt 0.292411 0.951583
vt 0.292411 0.961729
vt 0.289367 0.961729
vt 0.289367 0.951583
vt 0.973544 0.581336
vt 0.973544 0.571190
vt 0.976588 0.571190
vt 0.976588 0.581336
vt 0.494843 0.984603
vt 0.494843 0.976994
vt 0.497887 0.976994
vt 0.497887 0.984603
vt 0.959550 0.692844
vt 0.951940 0.692844
vt 0.951940 0.682698
vt 0.959550 0.682698
vt 0.569536 0.985113
vt 0.569536 0.977504
vt 0.572579 0.977504
vt 0.572579 0.985113
vt 0.833074 0.960104
vt 0.825465 0.960104
vt 0.825465 0.949958
vt 0.833074 0.949958
vt 0.977304 0.271125
vt 0.977304 0.281271
vt 0.974260 0.281271
vt 0.974260 0.271125
vt 0.974581 0.208090
vt 0.974581 0.197944
vt 0.977625 0.197944
vt 0.977625 0.208090
vt 0.977234 0.954157
vt 0.977234 0.946548
vt 0.980278 0.946548
vt 0.980278 0.954157
vt 0.416201 0.960130
vt 0.408592 0.960130
vt 0.408592 0.949984
vt 0.416201 0.949984
vt 0.578732 0.985113
vt 0.578732 0.977504
vt 0.581776 0.977504
vt 0.581776 0.985113
vt 0.892178 0.974007
vt 0.884568 0.974007
vt 0.884568 0.963862
vt 0.892178 0.963862
vt 0.185965 0.969077
vt 0.185965 0.979223
vt 0.182922 0.979223
vt 0.182922 0.969077
vt 0.347111 0.979383
vt 0.347111 0.969237
vt 0.350155 0.969237
vt 0.350155 0.979383
vt 0.754510 0.980407
vt 0.754510 0.972797
vt 0.757553 0.972797
vt 0.757553 0.980407
vt 0.934713 0.867213
vt 0.927103 0.867213
vt 0.927103 0.857067
vt 0.934713 0.857067
vt 0.764223 0.918950
vt 0.764223 0.911340
vt 0.767267 0.911340
vt 0.767267 0.918950
vt 0.947395 0.189958
vt 0.939786 0.189958
vt 0.939786 0.179812
vt 0.947395 0.179812
vt 0.976588 0.587489
vt 0.976588 0.597635
vt 0.973544 0.597635
vt 0.973544 0.587489
vt 0.973727 0.796192
vt 0.973727 0.786046
vt 0.976771 0.786046
vt 0.976771 0.796192
vt 0.587929 0.985113
vt 0.587929 0.977504
vt 0.590973 0.977504
vt 0.590973 0.985113
vt 0.080890 0.959136
vt 0.073280 0.959136
vt 0.073280 0.948990
vt 0.080890 0.948990
vt 0.003077 0.985431
vt 0.003077 0.977821
vt 0.006120 0.977821
vt 0.006120 0.985431
vt 0.024980 0.959178
vt 0.017371 0.959178
vt 0.017371 0.949032
vt 0.024980 0.949032
vt 0.977625 0.214243
vt 0.977625 0.224389
vt 0.974581 0.224389
vt 0.974581 0.214243
vt 0.974581 0.313738
vt 0.974581 0.303592
vt 0.977625 0.303592
vt 0.977625 0.313738
vt 0.977736 0.441266
vt 0.977736 0.433657
vt 0.980780 0.433657
vt 0.980780 0.441266
vt 0.038919 0.961253
vt 0.031310 0.961253
vt 0.031310 0.951107
vt 0.038919 0.951107
vt 0.934981 0.985675
vt 0.934981 0.978066
vt 0.938025 0.978066
vt 0.938025 0.985675
vt 0.166115 0.972490
vt 0.158506 0.972490
vt 0.158506 0.962344
vt 0.166115 0.962344
vt 0.130097 0.969283
vt 0.130097 0.979429
vt 0.127053 0.979429
vt 0.127053 0.969283
vt 0.092329 0.979687
vt 0.092329 0.969541
vt 0.095373 0.969541
vt 0.095373 0.979687
vt 0.448292 0.981597
vt 0.448292 0.973988
vt 0.451336 0.973988
vt 0.451336 0.981597
vt 0.773623 0.958077
vt 0.766014 0.958077
vt 0.766014 0.947931
vt 0.773623 0.947931
vt 0.974675 0.742991
vt 0.974675 0.735382
vt 0.977719 0.735382
vt 0.977719 0.742991
vt 0.847411 0.958203
vt 0.839801 0.958203
vt 0.839801 0.948057
vt 0.847411 0.948057
vt 0.976771 0.802345
vt 0.976771 0.812491
vt 0.973727 0.812491
vt 0.973727 0.802345
vt 0.974155 0.485401
vt 0.974155 0.475255
vt 0.977198 0.475255
vt 0.977198 0.485401
vt 0.982741 0.596113
vt 0.982741 0.588503
vt 0.985785 0.588503
vt 0.985785 0.596113
vt 0.667029 0.961257
vt 0.659420 0.961257
vt 0.659420 0.951111
vt 0.667029 0.951111
vt 0.982924 0.793655
vt 0.982924 0.786046
vt 0.985968 0.786046
vt 0.985968 0.793655
vt 0.530981 0.961663
vt 0.523372 0.961663
vt 0.523372 0.951517
vt 0.530981 0.951517
vt 0.977625 0.319891
vt 0.977625 0.330037
vt 0.974581 0.330037
vt 0.974581 0.319891
vt 0.974581 0.346336
vt 0.974581 0.336190
vt 0.977625 0.336190
vt 0.977625 0.346336
vt 0.457489 0.981597
vt 0.457489 0.973988
vt 0.460533 0.973988
vt 0.460533 0.981597
vt 0.354721 0.963084
vt 0.347111 0.963084
vt 0.347111 0.952938
vt 0.354721 0.952938
vt 0.982924 0.809954
vt 0.982924 0.802345
vt 0.985968 0.802345
vt 0.985968 0.809954
vt 0.818882 0.973609
vt 0.811272 0.973609
vt 0.811272 0.963463
vt 0.818882 0.963463
vt 0.301909 0.970025
vt 0.301909 0.980171
vt 0.298866 0.980171
vt 0.298866 0.970025
vt 0.308063 0.980171
vt 0.308063 0.970025
vt 0.311106 0.970025
vt 0.311106 0.980171
vt 0.983352 0.499163
vt 0.983352 0.491554
vt 0.986395 0.491554
vt 0.986395 0.499163
vt 0.744955 0.958555
vt 0.737345 0.958555
vt 0.737345 0.948409
vt 0.744955 0.948409
vt 0.983352 0.482864
vt 0.983352 0.475255
vt 0.986395 0.475255
vt 0.986395 0.482864
vt 0.619907 0.958823
vt 0.612298 0.958823
vt 0.612298 0.948677
vt 0.619907 0.948677
vt 0.977198 0.491554
vt 0.977198 0.501700
vt 0.974155 0.501700
vt 0.974155 0.491554
vt 0.974260 0.264972
vt 0.974260 0.254826
vt 0.977304 0.254826
vt 0.977304 0.264972
vt 0.983778 0.221852
vt 0.983778 0.214243
vt 0.986822 0.214243
vt 0.986822 0.221852
vt 0.283214 0.961729
vt 0.275604 0.961729
vt 0.275604 0.951583
vt 0.283214 0.951583
vt 0.983778 0.311202
vt 0.983778 0.303592
vt 0.986822 0.303592
vt 0.986822 0.311202
vt 0.181334 0.962924
vt 0.173725 0.962924
vt 0.173725 0.952778
vt 0.181334 0.952778
vt 0.977625 0.352489
vt 0.977625 0.362635
vt 0.974581 0.362635
vt 0.974581 0.352489
vt 0.974581 0.378934
vt 0.974581 0.368788
vt 0.977625 0.368788
vt 0.977625 0.378934
vt 0.983457 0.262436
vt 0.983457 0.254826
vt 0.986501 0.254826
vt 0.986501 0.262436
vt 0.134663 0.963130
vt 0.127053 0.963130
vt 0.127053 0.952984
vt 0.134663 0.952984
vt 0.983778 0.324964
vt 0.983778 0.317355
vt 0.986822 0.317355
vt 0.986822 0.324964
vt 0.914493 0.973942
vt 0.906883 0.973942
vt 0.906883 0.963796
vt 0.914493 0.963796
vt 0.787493 0.970041
vt 0.787493 0.980187
vt 0.784450 0.980187
vt 0.784450 0.970041
vt 0.977234 0.940395
vt 0.977234 0.930249
vt 0.980278 0.930249
vt 0.980278 0.940395
vt 0.512543 0.982011
vt 0.512543 0.974402
vt 0.515587 0.974402
vt 0.515587 0.982011
vt 0.099938 0.963388
vt 0.092329 0.963388
vt 0.092329 0.953242
vt 0.099938 0.953242
vt 0.982924 0.823717
vt 0.982924 0.816107
vt 0.985968 0.816107
vt 0.985968 0.823717
vt 0.306475 0.963872
vt 0.298866 0.963872
vt 0.298866 0.953726
vt 0.306475 0.953726
vt 0.232991 0.970373
vt 0.232991 0.980519
vt 0.229948 0.980519
vt 0.229948 0.970373
vt 0.239144 0.980519
vt 0.239144 0.970373
vt 0.242188 0.970373
vt 0.242188 0.980519
vt 0.982950 0.295034
vt 0.982950 0.287425
vt 0.985994 0.287425
vt 0.985994 0.295034
vt 0.792059 0.963887
vt 0.784450 0.963887
vt 0.784450 0.953742
vt 0.792059 0.953742
vt 0.643856 0.982577
vt 0.643856 0.974968
vt 0.646899 0.974968
vt 0.646899 0.982577
vt 0.237557 0.964220
vt 0.229948 0.964220
vt 0.229948 0.954074
vt 0.237557 0.954074
vt 0.977719 0.702784
vt 0.977719 0.712929
vt 0.974675 0.712929
vt 0.974675 0.702784
vt 0.974675 0.729228
vt 0.974675 0.719083
vt 0.977719 0.719083
vt 0.977719 0.729228
vt 0.959550 0.982632
vt 0.959550 0.975022
vt 0.962594 0.975022
vt 0.962594 0.982632
vt 0.259318 0.964317
vt 0.251708 0.964317
vt 0.251708 0.954171
vt 0.259318 0.954171
vt 0.983012 0.457500
vt 0.983012 0.449890
vt 0.986056 0.449890
vt 0.986056 0.457500
vt 0.964507 0.241673
vt 0.956897 0.241673
vt 0.956897 0.231527
vt 0.964507 0.231527
vt 0.977735 0.830405
vt 0.977735 0.840551
vt 0.974691 0.840551
vt 0.974691 0.830405
vt 0.974691 0.856850
vt 0.974691 0.846704
vt 0.977735 0.846704
vt 0.977735 0.856850
vt 0.360874 0.982934
vt 0.360874 0.975325
vt 0.363918 0.975325
vt 0.363918 0.982934
vt 0.325923 0.964569
vt 0.318313 0.964569
vt 0.318313 0.954423
vt 0.325923 0.954423
vt 0.393848 0.986060
vt 0.393848 0.978451
vt 0.396892 0.978451
vt 0.396892 0.986060
vt 0.339685 0.964569
vt 0.332076 0.964569
vt 0.332076 0.954423
vt 0.339685 0.954423
vt 0.254752 0.970470
vt 0.254752 0.980616
vt 0.251708 0.980616
vt 0.251708 0.970470
vt 0.977619 0.625592
vt 0.977619 0.615446
vt 0.980662 0.615446
vt 0.980662 0.625592
vt 0.158506 0.986253
vt 0.158506 0.978643
vt 0.161550 0.978643
vt 0.161550 0.986253
vt 0.148802 0.964846
vt 0.141192 0.964846
vt 0.141192 0.954700
vt 0.148802 0.954700
vt 0.467774 0.983278
vt 0.467774 0.975669
vt 0.470818 0.975669
vt 0.470818 0.983278
vt 0.928321 0.965825
vt 0.920711 0.965825
vt 0.920711 0.955679
vt 0.928321 0.955679
vt 0.977907 0.510183
vt 0.977907 0.520329
vt 0.974863 0.520329
vt 0.974863 0.510183
vt 0.289367 0.978028
vt 0.289367 0.967882
vt 0.292411 0.967882
vt 0.292411 0.978028
vt 0.481537 0.983785
vt 0.481537 0.976176
vt 0.484581 0.976176
vt 0.484581 0.983785
vt 0.201692 0.966203
vt 0.194082 0.966203
vt 0.194082 0.956057
vt 0.201692 0.956057
vt 0.983274 0.130539
vt 0.983274 0.122930
vt 0.986318 0.122930
vt 0.986318 0.130539
vt 0.433515 0.966210
vt 0.425905 0.966210
vt 0.425905 0.956064
vt 0.433515 0.956064
vt 0.978734 0.873366
vt 0.978734 0.883512
vt 0.975690 0.883512
vt 0.975690 0.873366
vt 0.975690 0.899811
vt 0.975690 0.889665
vt 0.978734 0.889665
vt 0.978734 0.899811
vt 0.437578 0.984132
vt 0.437578 0.976522
vt 0.440622 0.976522
vt 0.440622 0.984132
vt 0.967138 0.918074
vt 0.959528 0.918074
vt 0.959528 0.907928
vt 0.967138 0.907928
vt 0.983274 0.144302
vt 0.983274 0.136692
vt 0.986318 0.136692
vt 0.986318 0.144302
vt 0.455901 0.967835
vt 0.448292 0.967835
vt 0.448292 0.957689
vt 0.455901 0.957689
vt 0.980780 0.417358
vt 0.980780 0.427504
vt 0.977736 0.427504
vt 0.977736 0.417358
vt 0.977756 0.013222
vt 0.977756 0.003077
vt 0.980800 0.003077
vt 0.980800 0.013222
vt 0.983274 0.164395
vt 0.983274 0.156786
vt 0.986318 0.156786
vt 0.986318 0.164395
vt 0.651465 0.968815
vt 0.643856 0.968815
vt 0.643856 0.958669
vt 0.651465 0.958669
vt 0.265471 0.984167
vt 0.265471 0.976557
vt 0.268514 0.976557
vt 0.268514 0.984167
vt 0.475384 0.969516
vt 0.467774 0.969516
vt 0.467774 0.959370
vt 0.475384 0.959370
vt 0.978821 0.635961
vt 0.978821 0.646107
vt 0.975777 0.646107
vt 0.975777 0.635961
vt 0.975777 0.662406
vt 0.975777 0.652260
vt 0.978821 0.652260
vt 0.978821 0.662406
vt 0.944483 0.984444
vt 0.944483 0.976834
vt 0.947526 0.976834
vt 0.947526 0.984444
vt 0.952092 0.970681
vt 0.944483 0.970681
vt 0.944483 0.960535
vt 0.952092 0.960535
vt 0.983274 0.184058
vt 0.983274 0.176449
vt 0.986318 0.176449
vt 0.986318 0.184058
vt 0.502452 0.970841
vt 0.494843 0.970841
vt 0.494843 0.960695
vt 0.502452 0.960695
vt 0.978821 0.668559
vt 0.978821 0.678705
vt 0.975777 0.678705
vt 0.975777 0.668559
vt 0.975777 0.695004
vt 0.975777 0.684858
vt 0.978821 0.684858
vt 0.978821 0.695004
vt 0.983457 0.278735
vt 0.983457 0.271125
vt 0.986501 0.271125
vt 0.986501 0.278735
vt 0.590908 0.971351
vt 0.583298 0.971351
vt 0.583298 0.961205
vt 0.590908 0.961205
vt 0.983778 0.343800
vt 0.983778 0.336190
vt 0.986822 0.336190
vt 0.986822 0.343800
vt 0.577145 0.971351
vt 0.569536 0.971351
vt 0.569536 0.961205
vt 0.577145 0.961205
vt 0.980800 0.019376
vt 0.980800 0.029522
vt 0.977756 0.029522
vt 0.977756 0.019376
vt 0.977756 0.045821
vt 0.977756 0.035675
vt 0.980800 0.035675
vt 0.980800 0.045821
vt 0.983778 0.360099
vt 0.983778 0.352489
vt 0.986822 0.352489
vt 0.986822 0.360099
vt 0.971465 0.625592
vt 0.963856 0.625592
vt 0.963856 0.615446
vt 0.971465 0.615446
vt 0.801376 0.986540
vt 0.801376 0.978931
vt 0.804419 0.978931
vt 0.804419 0.986540
vt 0.010686 0.971668
vt 0.003077 0.971668
vt 0.003077 0.961523
vt 0.010686 0.961523
vt 0.632974 0.968880
vt 0.632974 0.979026
vt 0.629930 0.979026
vt 0.629930 0.968880
vt 0.860391 0.979080
vt 0.860391 0.968935
vt 0.863435 0.968935
vt 0.863435 0.979080
vt 0.983778 0.205553
vt 0.983778 0.197944
vt 0.986822 0.197944
vt 0.986822 0.205553
vt 0.972145 0.116776
vt 0.964536 0.116776
vt 0.964536 0.106631
vt 0.972145 0.106631
vt 0.983778 0.373861
vt 0.983778 0.366252
vt 0.986822 0.366252
vt 0.986822 0.373861
vt 0.401457 0.972298
vt 0.393848 0.972298
vt 0.393848 0.962152
vt 0.401457 0.962152
vt 0.872632 0.968935
vt 0.872632 0.979080
vt 0.869588 0.979080
vt 0.869588 0.968935
vt 0.173725 0.979223
vt 0.173725 0.969077
vt 0.176768 0.969077
vt 0.176768 0.979223
vt 0.387107 0.970697
vt 0.385281 0.970697
vt 0.385281 0.944318
vt 0.387107 0.944318
vt 0.565822 0.915710
vt 0.563996 0.915710
vt 0.563996 0.838601
vt 0.565822 0.838601
vt 0.971081 0.956628
vt 0.969254 0.956628
vt 0.969254 0.930249
vt 0.971081 0.930249
vt 0.913985 0.867213
vt 0.912159 0.867213
vt 0.912159 0.790104
vt 0.913985 0.790104
vt 0.514240 0.704190
vt 0.514240 0.781299
vt 0.487861 0.781299
vt 0.487861 0.704190
vt 0.733720 0.275053
vt 0.733720 0.197944
vt 0.760099 0.197944
vt 0.760099 0.275053
vt 0.971754 0.775900
vt 0.969928 0.775900
vt 0.969928 0.749520
vt 0.971754 0.749520
vt 0.917471 0.080186
vt 0.915645 0.080186
vt 0.915645 0.003077
vt 0.917471 0.003077
vt 0.690590 0.971961
vt 0.688763 0.971961
vt 0.688763 0.945582
vt 0.690590 0.945582
vt 0.410418 0.921444
vt 0.408592 0.921444
vt 0.408592 0.844335
vt 0.410418 0.844335
vt 0.782486 0.281206
vt 0.782486 0.358315
vt 0.756107 0.358315
vt 0.756107 0.281206
vt 0.735586 0.499972
vt 0.735586 0.422863
vt 0.761966 0.422863
vt 0.761966 0.499972
vt 0.971583 0.443737
vt 0.969757 0.443737
vt 0.969757 0.417358
vt 0.971583 0.417358
vt 0.918669 0.449694
vt 0.916842 0.449694
vt 0.916842 0.372585
vt 0.918669 0.372585
vt 0.971603 0.029456
vt 0.969777 0.029456
vt 0.969777 0.003077
vt 0.971603 0.003077
vt 0.919901 0.587292
vt 0.918074 0.587292
vt 0.918074 0.510183
vt 0.919901 0.510183
vt 0.609678 0.705436
vt 0.609678 0.782545
vt 0.583298 0.782545
vt 0.583298 0.705436
vt 0.523372 0.762948
vt 0.523372 0.685839
vt 0.549751 0.685839
vt 0.549751 0.762948
vt 0.968710 0.536563
vt 0.966884 0.536563
vt 0.966884 0.510183
vt 0.968710 0.510183
vt 0.910689 0.362373
vt 0.908863 0.362373
vt 0.908863 0.285264
vt 0.910689 0.285264
vt 0.969624 0.694873
vt 0.967797 0.694873
vt 0.967797 0.668494
vt 0.969624 0.668494
vt 0.910689 0.449694
vt 0.908863 0.449694
vt 0.908863 0.372585
vt 0.910689 0.372585
vt 0.642210 0.705436
vt 0.642210 0.782545
vt 0.615831 0.782545
vt 0.615831 0.705436
vt 0.737778 0.664467
vt 0.737778 0.587358
vt 0.764158 0.587358
vt 0.764158 0.664467
vt 0.177717 0.408680
vt 0.177717 0.203733
vt 0.206126 0.203733
vt 0.206126 0.408680
vt 0.204097 0.619781
vt 0.204097 0.414833
vt 0.206126 0.414833
vt 0.206126 0.619781
vt 0.617860 0.630224
vt 0.617860 0.425278
vt 0.646268 0.425278
vt 0.646268 0.630224
vt 0.195915 0.619781
vt 0.195915 0.414833
vt 0.197944 0.414833
vt 0.197944 0.619781
vt 0.957895 0.254826
vt 0.959925 0.254826
vt 0.959925 0.283235
vt 0.957895 0.283235
vt 0.960340 0.731192
vt 0.958311 0.731192
vt 0.958311 0.702784
vt 0.960340 0.702784
vt 0.618389 0.208023
vt 0.618389 0.003077
vt 0.646797 0.003077
vt 0.646797 0.208023
vt 0.266310 0.772544
vt 0.266310 0.567596
vt 0.268339 0.567596
vt 0.268339 0.772544
vt 0.652422 0.419124
vt 0.652422 0.214177
vt 0.680830 0.214177
vt 0.680830 0.419124
vt 0.792632 0.715131
vt 0.792632 0.510183
vt 0.794661 0.510183
vt 0.794661 0.715131
vt 0.964536 0.122930
vt 0.966565 0.122930
vt 0.966565 0.151338
vt 0.964536 0.151338
vt 0.966565 0.187929
vt 0.964536 0.187929
vt 0.964536 0.159520
vt 0.966565 0.159520
vt 0.960356 0.858814
vt 0.958326 0.858814
vt 0.958326 0.830405
vt 0.960356 0.830405
vt 0.133141 0.723907
vt 0.131112 0.723907
vt 0.131112 0.642740
vt 0.133141 0.642740
vt 0.967391 0.599598
vt 0.965362 0.599598
vt 0.965362 0.571190
vt 0.967391 0.571190
vt 0.902710 0.279111
vt 0.900681 0.279111
vt 0.900681 0.197944
vt 0.902710 0.197944
vt 0.732154 0.003077
vt 0.732154 0.084244
vt 0.703745 0.084244
vt 0.703745 0.003077
vt 0.703745 0.171564
vt 0.703745 0.090397
vt 0.732154 0.090397
vt 0.732154 0.171564
vt 0.697129 0.835115
vt 0.697129 0.804677
vt 0.721479 0.804677
vt 0.721479 0.835115
vt 0.204162 0.799361
vt 0.173725 0.799361
vt 0.173725 0.765880
vt 0.204162 0.765880
vt 0.173725 0.835952
vt 0.173725 0.805514
vt 0.198075 0.805514
vt 0.198075 0.835952
vt 0.248145 0.799363
vt 0.217707 0.799363
vt 0.217707 0.765881
vt 0.248145 0.765881
vt 0.371462 0.774442
vt 0.371462 0.807924
vt 0.347111 0.807924
vt 0.347111 0.774442
vt 0.275604 0.807954
vt 0.275604 0.774473
vt 0.299954 0.774473
vt 0.299954 0.807954
vt 0.217707 0.835953
vt 0.217707 0.805516
vt 0.242057 0.805516
vt 0.242057 0.835953
vt 0.553809 0.802583
vt 0.523372 0.802583
vt 0.523372 0.769101
vt 0.553809 0.769101
vt 0.523372 0.839173
vt 0.523372 0.808736
vt 0.547722 0.808736
vt 0.547722 0.839173
vt 0.801277 0.181203
vt 0.770840 0.181203
vt 0.770840 0.147721
vt 0.801277 0.147721
vt 0.676772 0.775883
vt 0.676772 0.809364
vt 0.652422 0.809364
vt 0.652422 0.775883
vt 0.096550 0.809893
vt 0.096550 0.776411
vt 0.120900 0.776411
vt 0.120900 0.809893
vt 0.825872 0.715131
vt 0.825872 0.510183
vt 0.826683 0.510183
vt 0.826683 0.715131
vt 0.090397 0.408680
vt 0.090397 0.203733
vt 0.171564 0.203733
vt 0.171564 0.408680
vt 0.832280 0.402891
vt 0.832280 0.197944
vt 0.833092 0.197944
vt 0.833092 0.402891
vt 0.003077 0.408680
vt 0.003077 0.203733
vt 0.084244 0.203733
vt 0.084244 0.408680
vt 0.819005 0.695850
vt 0.819005 0.777018
vt 0.818193 0.777018
vt 0.818193 0.695850
vt 0.856218 0.380346
vt 0.856218 0.461513
vt 0.855407 0.461513
vt 0.855407 0.380346
vt 0.141192 0.869819
vt 0.141192 0.845469
vt 0.157426 0.845469
vt 0.157426 0.869819
vt 0.956897 0.222294
vt 0.956897 0.197944
vt 0.960448 0.197944
vt 0.960448 0.222294
vt 0.839801 0.871779
vt 0.839801 0.847428
vt 0.856035 0.847428
vt 0.856035 0.871779
vt 0.956897 0.327942
vt 0.956897 0.303592
vt 0.960448 0.303592
vt 0.960448 0.327942
vt 0.873647 0.946548
vt 0.877198 0.946548
vt 0.877198 0.962781
vt 0.873647 0.962781
vt 0.360874 0.952938
vt 0.364425 0.952938
vt 0.364425 0.969172
vt 0.360874 0.969172
vt 0.073280 0.873249
vt 0.073280 0.848899
vt 0.089514 0.848899
vt 0.089514 0.873249
vt 0.956897 0.358446
vt 0.956897 0.334096
vt 0.960448 0.334096
vt 0.960448 0.358446
vt 0.318348 0.874410
vt 0.318348 0.850060
vt 0.334581 0.850060
vt 0.334581 0.874410
vt 0.957179 0.534533
vt 0.957179 0.510183
vt 0.960730 0.510183
vt 0.960730 0.534533
vt 0.934474 0.955679
vt 0.938025 0.955679
vt 0.938025 0.971913
vt 0.934474 0.971913
vt 0.801376 0.956544
vt 0.804927 0.956544
vt 0.804927 0.972778
vt 0.801376 0.972778
vt 0.096550 0.876987
vt 0.096550 0.852637
vt 0.112784 0.852637
vt 0.112784 0.876987
vt 0.956897 0.388949
vt 0.956897 0.364599
vt 0.960448 0.364599
vt 0.960448 0.388949
vt 0.425905 0.878831
vt 0.425905 0.854481
vt 0.442139 0.854481
vt 0.442139 0.878831
vt 0.957179 0.565037
vt 0.957179 0.540687
vt 0.960730 0.540687
vt 0.960730 0.565037
vt 0.959550 0.952635
vt 0.963101 0.952635
vt 0.963101 0.968869
vt 0.959550 0.968869
vt 0.265471 0.954171
vt 0.269022 0.954171
vt 0.269022 0.970404
vt 0.265471 0.970404
vt 0.959819 0.503663
vt 0.957790 0.503663
vt 0.957790 0.475255
vt 0.959819 0.475255
vt 0.900681 0.372585
vt 0.902710 0.372585
vt 0.902710 0.453752
vt 0.900681 0.453752
vt 0.959209 0.599598
vt 0.957179 0.599598
vt 0.957179 0.571190
vt 0.959209 0.571190
vt 0.900681 0.285264
vt 0.902710 0.285264
vt 0.902710 0.366432
vt 0.900681 0.366432
vt 0.715392 0.281206
vt 0.715392 0.362373
vt 0.686983 0.362373
vt 0.686983 0.281206
vt 0.749953 0.281206
vt 0.749953 0.362373
vt 0.721545 0.362373
vt 0.721545 0.281206
vt 0.697129 0.919352
vt 0.697129 0.898639
vt 0.708806 0.898639
vt 0.708806 0.919352
vt 0.737013 0.887537
vt 0.737013 0.866825
vt 0.752473 0.866825
vt 0.752473 0.887537
vt 0.031310 0.922567
vt 0.031310 0.901854
vt 0.042986 0.901854
vt 0.042986 0.922567
vt 0.697129 0.892486
vt 0.697129 0.871773
vt 0.712590 0.871773
vt 0.712590 0.892486
vt 0.731192 0.921964
vt 0.731192 0.937424
vt 0.719516 0.937424
vt 0.719516 0.921964
vt 0.383702 0.922704
vt 0.383702 0.938165
vt 0.372026 0.938165
vt 0.372026 0.922704
vt 0.194082 0.927517
vt 0.194082 0.909134
vt 0.204817 0.909134
vt 0.204817 0.927517
vt 0.839801 0.896315
vt 0.839801 0.877932
vt 0.855687 0.877932
vt 0.855687 0.896315
vt 0.425905 0.927524
vt 0.425905 0.909141
vt 0.436640 0.909141
vt 0.436640 0.927524
vt 0.073280 0.897786
vt 0.073280 0.879402
vt 0.089166 0.879402
vt 0.089166 0.897786
vt 0.941439 0.858814
vt 0.941439 0.842928
vt 0.952173 0.842928
vt 0.952173 0.858814
vt 0.478509 0.937331
vt 0.478509 0.953216
vt 0.467774 0.953216
vt 0.467774 0.937331
vt 0.811779 0.934923
vt 0.811779 0.917886
vt 0.822846 0.917886
vt 0.822846 0.934923
vt 0.298866 0.925187
vt 0.298866 0.908149
vt 0.311750 0.908149
vt 0.311750 0.925187
vt 0.003077 0.932983
vt 0.003077 0.915945
vt 0.014143 0.915945
vt 0.014143 0.932983
vt 0.784450 0.925202
vt 0.784450 0.908165
vt 0.797333 0.908165
vt 0.797333 0.925202
vt 0.811718 0.489892
vt 0.811718 0.502775
vt 0.800651 0.502775
vt 0.800651 0.489892
vt 0.828937 0.489892
vt 0.828937 0.502775
vt 0.817871 0.502775
vt 0.817871 0.489892
vt 0.523372 0.870857
vt 0.523372 0.845326
vt 0.539883 0.845326
vt 0.539883 0.870857
vt 0.872075 0.191791
vt 0.872075 0.166260
vt 0.886515 0.166260
vt 0.886515 0.191791
vt 0.217707 0.867637
vt 0.217707 0.842107
vt 0.234219 0.842107
vt 0.234219 0.867637
vt 0.867392 0.696630
vt 0.867392 0.671100
vt 0.881832 0.671100
vt 0.881832 0.696630
vt 0.858867 0.487518
vt 0.873307 0.487518
vt 0.873307 0.504030
vt 0.858867 0.504030
vt 0.073280 0.903939
vt 0.087720 0.903939
vt 0.087720 0.920451
vt 0.073280 0.920451
vt 0.733479 0.581002
vt 0.733479 0.556920
vt 0.744098 0.556920
vt 0.744098 0.581002
vt 0.003077 0.859791
vt 0.003077 0.835709
vt 0.025157 0.835709
vt 0.025157 0.859791
vt 0.495568 0.909068
vt 0.495568 0.884987
vt 0.506187 0.884987
vt 0.506187 0.909068
vt 0.705246 0.581002
vt 0.705246 0.556920
vt 0.727326 0.556920
vt 0.727326 0.581002
vt 0.184343 0.902158
vt 0.184343 0.924238
vt 0.173725 0.924238
vt 0.173725 0.902158
vt 0.328967 0.903803
vt 0.328967 0.925884
vt 0.318348 0.925884
vt 0.318348 0.903803
vt 0.173725 0.896005
vt 0.173725 0.872610
vt 0.187000 0.872610
vt 0.187000 0.896005
vt 0.052372 0.895701
vt 0.052372 0.872307
vt 0.065742 0.872307
vt 0.065742 0.895701
vt 0.613287 0.896935
vt 0.613287 0.873540
vt 0.626562 0.873540
vt 0.626562 0.896935
vt 0.031310 0.895701
vt 0.031310 0.872307
vt 0.044680 0.872307
vt 0.044680 0.895701
vt 0.666226 0.194016
vt 0.666226 0.207387
vt 0.652950 0.207387
vt 0.652950 0.194016
vt 0.685655 0.194016
vt 0.685655 0.207387
vt 0.672379 0.207387
vt 0.672379 0.194016
vt 0.347111 0.904270
vt 0.347111 0.885232
vt 0.361036 0.885232
vt 0.361036 0.904270
vt 0.189796 0.646347
vt 0.189796 0.627309
vt 0.208453 0.627309
vt 0.208453 0.646347
vt 0.583298 0.909578
vt 0.583298 0.890541
vt 0.597222 0.890541
vt 0.597222 0.909578
vt 0.003077 0.884982
vt 0.003077 0.865944
vt 0.021734 0.865944
vt 0.021734 0.884982
vt 0.017001 0.891135
vt 0.017001 0.909792
vt 0.003077 0.909792
vt 0.003077 0.891135
vt 0.825704 0.893075
vt 0.825704 0.911733
vt 0.811779 0.911733
vt 0.811779 0.893075
vt 0.318348 0.897650
vt 0.318348 0.880563
vt 0.335397 0.880563
vt 0.335397 0.897650
vt 0.892669 0.191791
vt 0.892669 0.174703
vt 0.906933 0.174703
vt 0.906933 0.191791
vt 0.275604 0.900117
vt 0.275604 0.883030
vt 0.292653 0.883030
vt 0.292653 0.900117
vt 0.050833 0.918942
vt 0.050833 0.901854
vt 0.065098 0.901854
vt 0.065098 0.918942
vt 0.839801 0.902468
vt 0.854066 0.902468
vt 0.854066 0.919518
vt 0.839801 0.919518
vt 0.612298 0.903088
vt 0.626562 0.903088
vt 0.626562 0.920137
vt 0.612298 0.920137
vt 0.141192 0.899014
vt 0.141192 0.875973
vt 0.154380 0.875973
vt 0.154380 0.899014
vt 0.448292 0.877522
vt 0.448292 0.854481
vt 0.465065 0.854481
vt 0.465065 0.877522
vt 0.523372 0.900051
vt 0.523372 0.877010
vt 0.536559 0.877010
vt 0.536559 0.900051
vt 0.472642 0.877522
vt 0.472642 0.854481
vt 0.489415 0.854481
vt 0.489415 0.877522
vt 0.536559 0.906205
vt 0.536559 0.922978
vt 0.523372 0.922978
vt 0.523372 0.906205
vt 0.288792 0.906270
vt 0.288792 0.923043
vt 0.275604 0.923043
vt 0.275604 0.906270
vt 0.495568 0.878833
vt 0.495568 0.854481
vt 0.511043 0.854481
vt 0.511043 0.878833
vt 0.697129 0.865620
vt 0.697129 0.841268
vt 0.715132 0.841268
vt 0.715132 0.865620
vt 0.347111 0.879079
vt 0.347111 0.854726
vt 0.362586 0.854726
vt 0.362586 0.879079
vt 0.173725 0.866457
vt 0.173725 0.842105
vt 0.191728 0.842105
vt 0.191728 0.866457
vt 0.667896 0.884439
vt 0.667896 0.902443
vt 0.652422 0.902443
vt 0.652422 0.884439
vt 0.441380 0.884984
vt 0.441380 0.902987
vt 0.425905 0.902987
vt 0.425905 0.884984
vt 0.494843 0.932155
vt 0.494843 0.915221
vt 0.506187 0.915221
vt 0.506187 0.932155
vt 0.669355 0.878286
vt 0.652421 0.878286
vt 0.652421 0.856166
vt 0.669355 0.856166
vt 0.583298 0.932665
vt 0.583298 0.915731
vt 0.594642 0.915731
vt 0.594642 0.932665
vt 0.292538 0.876877
vt 0.275604 0.876876
vt 0.275604 0.854757
vt 0.292538 0.854757
vt 0.748356 0.893691
vt 0.748356 0.915810
vt 0.737013 0.915810
vt 0.737013 0.893691
vt 0.730859 0.893691
vt 0.730859 0.915811
vt 0.719516 0.915811
vt 0.719516 0.893691
vt 0.251708 0.925631
vt 0.251708 0.904638
vt 0.262252 0.904638
vt 0.262252 0.925631
vt 0.811779 0.886922
vt 0.811779 0.865929
vt 0.828915 0.865929
vt 0.828915 0.886922
vt 0.141192 0.926161
vt 0.141192 0.905167
vt 0.151736 0.905167
vt 0.151736 0.926161
vt 0.583298 0.884387
vt 0.583298 0.863394
vt 0.600434 0.863394
vt 0.600434 0.884387
vt 0.120154 0.919666
vt 0.120154 0.936802
vt 0.109610 0.936802
vt 0.109610 0.919666
vt 0.223794 0.920527
vt 0.223794 0.937663
vt 0.213251 0.937663
vt 0.213251 0.920527
vt 0.298866 0.901996
vt 0.298866 0.880563
vt 0.312195 0.880563
vt 0.312195 0.901996
vt 0.738307 0.191034
vt 0.738307 0.169601
vt 0.759365 0.169601
vt 0.759365 0.191034
vt 0.096550 0.904573
vt 0.096550 0.883140
vt 0.109879 0.883140
vt 0.109879 0.904573
vt 0.737013 0.860672
vt 0.737013 0.839239
vt 0.758070 0.839239
vt 0.758070 0.860672
vt 0.448292 0.904733
vt 0.448292 0.883675
vt 0.461621 0.883675
vt 0.461621 0.904733
vt 0.485971 0.883675
vt 0.485971 0.904733
vt 0.472642 0.904733
vt 0.472642 0.883675
vt 0.959615 0.675596
vt 0.959615 0.670523
vt 0.961644 0.670523
vt 0.961644 0.675596
vt 0.688561 0.857050
vt 0.683488 0.857050
vt 0.683488 0.775883
vt 0.688561 0.775883
vt 0.776225 0.986110
vt 0.776225 0.981037
vt 0.778254 0.981037
vt 0.778254 0.986110
vt 0.127053 0.776411
vt 0.132126 0.776411
vt 0.132126 0.857579
vt 0.127053 0.857579
vt 0.790668 0.281206
vt 0.790668 0.362373
vt 0.788639 0.362373
vt 0.788639 0.281206
vt 0.555904 0.808736
vt 0.555904 0.889903
vt 0.553875 0.889903
vt 0.553875 0.808736
vt 0.968428 0.362504
vt 0.966602 0.362504
vt 0.966602 0.336125
vt 0.968428 0.336125
vt 0.919901 0.670554
vt 0.918074 0.670554
vt 0.918074 0.593445
vt 0.919901 0.593445
vt 0.968428 0.395037
vt 0.966602 0.395037
vt 0.966602 0.368657
vt 0.968428 0.368657
vt 0.917471 0.165314
vt 0.915645 0.165314
vt 0.915645 0.088205
vt 0.917471 0.088205
vt 0.764158 0.670620
vt 0.764158 0.747729
vt 0.737778 0.747729
vt 0.737778 0.670620
vt 0.029456 0.709769
vt 0.029456 0.786878
vt 0.003077 0.786878
vt 0.003077 0.709769
vt 0.969537 0.899745
vt 0.967711 0.899745
vt 0.967711 0.873366
vt 0.969537 0.873366
vt 0.918669 0.275053
vt 0.916842 0.275053
vt 0.916842 0.197944
vt 0.918669 0.197944
vt 0.969624 0.662340
vt 0.967797 0.662340
vt 0.967797 0.635961
vt 0.969624 0.635961
vt 0.918669 0.362373
vt 0.916842 0.362373
vt 0.916842 0.285264
vt 0.918669 0.285264
vt 0.764686 0.003077
vt 0.764686 0.080186
vt 0.738307 0.080186
vt 0.738307 0.003077
vt 0.061988 0.709769
vt 0.061988 0.786878
vt 0.035609 0.786878
vt 0.035609 0.709769
vt 0.971603 0.061988
vt 0.969777 0.061988
vt 0.969777 0.035609
vt 0.971603 0.035609
vt 0.921965 0.779893
vt 0.920139 0.779893
vt 0.920139 0.702784
vt 0.921965 0.702784
vt 0.971603 0.094521
vt 0.969777 0.094521
vt 0.969777 0.068142
vt 0.971603 0.068142
vt 0.418397 0.921444
vt 0.416571 0.921444
vt 0.416571 0.844335
vt 0.418397 0.844335
vt 0.764686 0.086339
vt 0.764686 0.163448
vt 0.738307 0.163448
vt 0.738307 0.086339
vt 0.792632 0.197944
vt 0.792632 0.275053
vt 0.766252 0.275053
vt 0.766252 0.197944
vt 0.756336 0.966644
vt 0.754510 0.966644
vt 0.754510 0.940265
vt 0.756336 0.940265
vt 0.913985 0.779893
vt 0.912159 0.779893
vt 0.912159 0.702784
vt 0.913985 0.702784
vt 0.514369 0.968248
vt 0.512543 0.968248
vt 0.512543 0.941869
vt 0.514369 0.941869
vt 0.911921 0.670554
vt 0.910095 0.670554
vt 0.910095 0.593445
vt 0.911921 0.593445
vt 0.434971 0.694044
vt 0.434971 0.771153
vt 0.408592 0.771153
vt 0.408592 0.694044
vt 0.794498 0.422863
vt 0.794498 0.499972
vt 0.768119 0.499972
vt 0.768119 0.422863
vt 0.968428 0.224323
vt 0.966601 0.224323
vt 0.966601 0.197944
vt 0.968428 0.197944
vt 0.911921 0.587292
vt 0.910095 0.587292
vt 0.910095 0.510183
vt 0.911921 0.510183
vt 0.968428 0.329972
vt 0.966602 0.329972
vt 0.966602 0.303592
vt 0.968428 0.303592
vt 0.910689 0.275053
vt 0.908863 0.275053
vt 0.908863 0.197944
vt 0.910689 0.197944
vt 0.481708 0.704190
vt 0.481708 0.781299
vt 0.455328 0.781299
vt 0.455328 0.704190
vt 0.167572 0.719529
vt 0.167572 0.796638
vt 0.141192 0.796638
vt 0.141192 0.719529
vt 0.415155 0.611724
vt 0.415155 0.406777
vt 0.443563 0.406777
vt 0.443563 0.611724
vt 0.784450 0.757808
vt 0.784450 0.552862
vt 0.786479 0.552862
vt 0.786479 0.757808
vt 0.583298 0.630225
vt 0.583298 0.425278
vt 0.611707 0.425278
vt 0.611707 0.630225
vt 0.798785 0.402890
vt 0.798785 0.197944
vt 0.800814 0.197944
vt 0.800814 0.402890
vt 0.965545 0.786046
vt 0.967574 0.786046
vt 0.967574 0.814454
vt 0.965545 0.814454
vt 0.959528 0.873366
vt 0.961557 0.873366
vt 0.961558 0.901775
vt 0.959528 0.901775
vt 0.617860 0.419125
vt 0.617860 0.214177
vt 0.646268 0.214177
vt 0.646268 0.419125
vt 0.571975 0.805880
vt 0.571975 0.600933
vt 0.574004 0.600933
vt 0.574004 0.805880
vt 0.583298 0.419125
vt 0.583298 0.214177
vt 0.611707 0.214177
vt 0.611707 0.419125
vt 0.800814 0.715130
vt 0.800814 0.510183
vt 0.802843 0.510183
vt 0.802843 0.715130
vt 0.965972 0.475255
vt 0.968001 0.475255
vt 0.968001 0.503663
vt 0.965972 0.503663
vt 0.959615 0.635961
vt 0.961644 0.635961
vt 0.961644 0.664370
vt 0.959615 0.664370
vt 0.968107 0.283235
vt 0.966078 0.283235
vt 0.966078 0.254826
vt 0.968107 0.254826
vt 0.906006 0.871271
vt 0.903977 0.871271
vt 0.903977 0.790104
vt 0.906006 0.790104
vt 0.963775 0.777929
vt 0.961746 0.777929
vt 0.961746 0.749520
vt 0.963775 0.749520
vt 0.906006 0.783951
vt 0.903977 0.783951
vt 0.903977 0.702784
vt 0.906006 0.702784
vt 0.124959 0.642740
vt 0.124959 0.723907
vt 0.096550 0.723907
vt 0.096550 0.642740
vt 0.731625 0.674678
vt 0.731625 0.755846
vt 0.703217 0.755846
vt 0.703217 0.674678
vt 0.038764 0.866147
vt 0.038764 0.835709
vt 0.042683 0.835711
vt 0.042683 0.866149
vt 0.046219 0.835716
vt 0.046219 0.866154
vt 0.096550 0.846484
vt 0.096550 0.816046
vt 0.099356 0.816046
vt 0.099356 0.846484
vt 0.102891 0.816046
vt 0.102891 0.846484
vt 0.106810 0.816046
vt 0.106810 0.846484
vt 0.110729 0.816046
vt 0.110729 0.846484
vt 0.114265 0.816046
vt 0.114265 0.846484
vt 0.117071 0.816046
vt 0.117071 0.846484
vt 0.806967 0.414048
vt 0.806967 0.383611
vt 0.810503 0.383616
vt 0.810503 0.414054
vt 0.814422 0.383618
vt 0.814422 0.414055
vt 0.818341 0.383616
vt 0.818341 0.414054
vt 0.821876 0.383611
vt 0.821876 0.414048
vt 0.583298 0.857241
vt 0.583298 0.826803
vt 0.586104 0.826803
vt 0.586104 0.857241
vt 0.589639 0.826803
vt 0.589639 0.857241
vt 0.593558 0.826803
vt 0.593558 0.857241
vt 0.597477 0.826803
vt 0.597477 0.857241
vt 0.601013 0.826803
vt 0.601013 0.857241
vt 0.603819 0.826803
vt 0.603819 0.857241
vt 0.713056 0.208024
vt 0.709283 0.206798
vt 0.706073 0.204466
vt 0.703740 0.201256
vt 0.702514 0.197482
vt 0.702514 0.193514
vt 0.703740 0.189740
vt 0.706073 0.186530
vt 0.709283 0.184198
vt 0.713056 0.182972
vt 0.717024 0.182972
vt 0.720798 0.184198
vt 0.724008 0.186530
vt 0.726341 0.189740
vt 0.727567 0.193514
vt 0.727567 0.197482
vt 0.726341 0.201256
vt 0.724008 0.204466
vt 0.720798 0.206798
vt 0.717024 0.208024
vt 0.031310 0.866154
vt 0.031310 0.835716
vt 0.034845 0.835711
vt 0.034845 0.866149
vt 0.770267 0.576688
vt 0.766493 0.577914
vt 0.762525 0.577914
vt 0.758751 0.576688
vt 0.755541 0.574356
vt 0.753209 0.571146
vt 0.751983 0.567372
vt 0.751983 0.563404
vt 0.753209 0.559630
vt 0.755541 0.556420
vt 0.758751 0.554088
vt 0.762525 0.552862
vt 0.766493 0.552862
vt 0.770267 0.554088
vt 0.773477 0.556420
vt 0.775809 0.559630
vt 0.777035 0.563404
vt 0.777035 0.567372
vt 0.775809 0.571146
vt 0.773477 0.574356
vt 0.275963 0.557809
vt 0.275604 0.557809
vt 0.275670 0.557516
vt 0.275963 0.557450
vt 0.103880 0.197221
vt 0.104239 0.197221
vt 0.104173 0.197515
vt 0.103880 0.197580
vt 0.218066 0.408323
vt 0.218066 0.408682
vt 0.217773 0.408616
vt 0.217707 0.408323
vt 0.103880 0.003435
vt 0.103880 0.003077
vt 0.104173 0.003143
vt 0.104239 0.003435
vt 0.455687 0.620504
vt 0.455687 0.620862
vt 0.455394 0.620797
vt 0.455328 0.620504
vt 0.218066 0.214536
vt 0.217707 0.214536
vt 0.217773 0.214243
vt 0.218066 0.214177
vt 0.333795 0.557809
vt 0.333795 0.557450
vt 0.334088 0.557516
vt 0.334153 0.557809
vt 0.275897 0.408323
vt 0.276256 0.408323
vt 0.276190 0.408616
vt 0.275897 0.408682
vt 0.110750 0.197222
vt 0.110750 0.197580
vt 0.110458 0.197514
vt 0.110392 0.197221
vt 0.513519 0.620504
vt 0.513878 0.620504
vt 0.513812 0.620797
vt 0.513519 0.620862
vt 0.110750 0.003436
vt 0.110392 0.003435
vt 0.110458 0.003142
vt 0.110750 0.003077
vt 0.275897 0.214536
vt 0.275897 0.214177
vt 0.276190 0.214243
vt 0.276256 0.214536
vt 0.275963 0.658254
vt 0.275963 0.658612
vt 0.275670 0.658547
vt 0.275604 0.658254
vt 0.340600 0.408323
vt 0.340958 0.408323
vt 0.340892 0.408616
vt 0.340600 0.408682
vt 0.003435 0.197221
vt 0.003435 0.197580
vt 0.003142 0.197515
vt 0.003077 0.197221
vt 0.455687 0.520059
vt 0.455328 0.520059
vt 0.455394 0.519766
vt 0.455687 0.519700
vt 0.003435 0.003435
vt 0.003077 0.003435
vt 0.003142 0.003143
vt 0.003435 0.003077
vt 0.340600 0.214536
vt 0.340600 0.214177
vt 0.340892 0.214243
vt 0.340958 0.214536
vt 0.333795 0.658254
vt 0.334153 0.658254
vt 0.334088 0.658547
vt 0.333795 0.658612
vt 0.211195 0.197222
vt 0.211554 0.197221
vt 0.211488 0.197514
vt 0.211195 0.197580
vt 0.282768 0.408323
vt 0.282768 0.408682
vt 0.282475 0.408616
vt 0.282409 0.408323
vt 0.513519 0.520059
vt 0.513519 0.519700
vt 0.513812 0.519766
vt 0.513878 0.520059
vt 0.282768 0.214536
vt 0.282409 0.214536
vt 0.282475 0.214243
vt 0.282768 0.214177
vt 0.211195 0.003436
vt 0.211195 0.003077
vt 0.211488 0.003142
vt 0.211554 0.003435
vt 0.949270 0.003364
vt 0.948983 0.003364
vt 0.949035 0.003129
vt 0.949270 0.003077
vt 0.448888 0.400336
vt 0.449175 0.400337
vt 0.449123 0.400571
vt 0.448888 0.400624
vt 0.824469 0.189237
vt 0.824469 0.189524
vt 0.824234 0.189471
vt 0.824182 0.189237
vt 0.448888 0.214464
vt 0.448888 0.214177
vt 0.449123 0.214230
vt 0.449175 0.214464
vt 0.949270 0.104853
vt 0.949270 0.105140
vt 0.949035 0.105088
vt 0.948983 0.104853
vt 0.824469 0.003364
vt 0.824182 0.003364
vt 0.824234 0.003129
vt 0.824469 0.003077
vt 0.950081 0.003364
vt 0.950081 0.003077
vt 0.950316 0.003129
vt 0.950368 0.003364
vt 0.825280 0.189237
vt 0.825567 0.189237
vt 0.825515 0.189471
vt 0.825280 0.189524
vt 0.446743 0.189236
vt 0.446743 0.189523
vt 0.446509 0.189470
vt 0.446456 0.189236
vt 0.950081 0.104853
vt 0.950368 0.104853
vt 0.950316 0.105088
vt 0.950081 0.105140
vt 0.446743 0.003364
vt 0.446456 0.003364
vt 0.446509 0.003129
vt 0.446743 0.003077
vt 0.825280 0.003364
vt 0.825280 0.003077
vt 0.825515 0.003129
vt 0.825567 0.003364
vt 0.949270 0.050745
vt 0.949270 0.051032
vt 0.949035 0.050979
vt 0.948983 0.050745
vt 0.832819 0.189237
vt 0.833106 0.189237
vt 0.833053 0.189471
vt 0.832819 0.189524
vt 0.401507 0.400336
vt 0.401507 0.400624
vt 0.401273 0.400571
vt 0.401220 0.400337
vt 0.949270 0.057472
vt 0.948983 0.057472
vt 0.949035 0.057238
vt 0.949270 0.057185
vt 0.401507 0.214464
vt 0.401220 0.214464
vt 0.401273 0.214230
vt 0.401507 0.214177
vt 0.832819 0.003364
vt 0.832819 0.003077
vt 0.833053 0.003129
vt 0.833106 0.003364
vt 0.950081 0.050745
vt 0.950368 0.050745
vt 0.950316 0.050979
vt 0.950081 0.051032
vt 0.494125 0.189236
vt 0.494412 0.189236
vt 0.494359 0.189470
vt 0.494125 0.189523
vt 0.832007 0.189237
vt 0.832007 0.189524
vt 0.831773 0.189471
vt 0.831720 0.189237
vt 0.950081 0.057472
vt 0.950081 0.057185
vt 0.950316 0.057238
vt 0.950368 0.057472
vt 0.832007 0.003364
vt 0.831720 0.003364
vt 0.831773 0.003129
vt 0.832007 0.003077
vt 0.494125 0.003364
vt 0.494125 0.003077
vt 0.494359 0.003129
vt 0.494412 0.003364
vt 0.949908 0.833714
vt 0.950195 0.833714
vt 0.950142 0.833948
vt 0.949908 0.834001
vt 0.440016 0.189236
vt 0.440303 0.189236
vt 0.440250 0.189470
vt 0.440016 0.189523
vt 0.839546 0.189237
vt 0.839546 0.189524
vt 0.839312 0.189471
vt 0.839259 0.189237
vt 0.440016 0.003363
vt 0.440016 0.003077
vt 0.440250 0.003129
vt 0.440303 0.003364
vt 0.950062 0.417645
vt 0.950062 0.417358
vt 0.950296 0.417410
vt 0.950349 0.417645
vt 0.839546 0.003364
vt 0.839259 0.003364
vt 0.839312 0.003129
vt 0.839546 0.003077
vt 0.949096 0.833714
vt 0.949096 0.834001
vt 0.948862 0.833948
vt 0.948809 0.833714
vt 0.840358 0.189237
vt 0.840645 0.189237
vt 0.840592 0.189471
vt 0.840358 0.189524
vt 0.347398 0.400337
vt 0.347398 0.400624
vt 0.347164 0.400571
vt 0.347111 0.400337
vt 0.949250 0.417645
vt 0.948963 0.417645
vt 0.949016 0.417410
vt 0.949250 0.417358
vt 0.347398 0.214464
vt 0.347111 0.214464
vt 0.347164 0.214230
vt 0.347398 0.214177
vt 0.840358 0.003364
vt 0.840358 0.003077
vt 0.840592 0.003129
vt 0.840645 0.003364
vt 0.949908 0.786333
vt 0.949908 0.786046
vt 0.950142 0.786098
vt 0.950195 0.786333
vt 0.840900 0.696343
vt 0.841187 0.696343
vt 0.841134 0.696578
vt 0.840900 0.696630
vt 0.392635 0.189236
vt 0.392635 0.189523
vt 0.392400 0.189470
vt 0.392348 0.189236
vt 0.950062 0.465026
vt 0.950349 0.465026
vt 0.950296 0.465260
vt 0.950062 0.465313
vt 0.392635 0.003363
vt 0.392348 0.003364
vt 0.392400 0.003129
vt 0.392635 0.003077
vt 0.840900 0.510470
vt 0.840900 0.510183
vt 0.841134 0.510236
vt 0.841187 0.510470
vt 0.949096 0.786333
vt 0.948809 0.786333
vt 0.948862 0.786098
vt 0.949096 0.786046
vt 0.394780 0.400337
vt 0.395067 0.400337
vt 0.395014 0.400571
vt 0.394780 0.400624
vt 0.840088 0.696343
vt 0.840088 0.696630
vt 0.839854 0.696578
vt 0.839801 0.696343
vt 0.949250 0.465026
vt 0.949250 0.465313
vt 0.949016 0.465260
vt 0.948963 0.465026
vt 0.840088 0.510470
vt 0.839801 0.510470
vt 0.839854 0.510236
vt 0.840088 0.510183
vt 0.394780 0.214465
vt 0.394780 0.214177
vt 0.395014 0.214230
vt 0.395067 0.214464
vt 0.108731 0.913023
vt 0.108731 0.912687
vt 0.109269 0.912687
vt 0.109171 0.913023
vt 0.108731 0.911876
vt 0.108731 0.911456
vt 0.109331 0.911456
vt 0.109353 0.911876
vt 0.291618 0.985083
vt 0.291289 0.985148
vt 0.291167 0.984856
vt 0.291447 0.984669
vt 0.041636 0.985180
vt 0.041966 0.985114
vt 0.041966 0.985562
vt 0.041637 0.985497
vt 0.108731 0.912296
vt 0.109331 0.912296
vt 0.108731 0.911064
vt 0.108731 0.910727
vt 0.109171 0.910727
vt 0.109269 0.911064
vt 0.041253 0.985256
vt 0.041252 0.985420
vt 0.290905 0.985225
vt 0.290493 0.985307
vt 0.290842 0.985073
vt 0.040840 0.985338
vt 0.109543 0.910726
vt 0.109725 0.911063
vt 0.041515 0.985789
vt 0.041190 0.985572
vt 0.290726 0.984957
vt 0.109840 0.912295
vt 0.109725 0.912686
vt 0.109840 0.911455
vt 0.290944 0.984632
vt 0.109543 0.913022
vt 0.109879 0.911875
vt 0.291130 0.984352
vt 0.041795 0.985976
vt 0.418188 0.985385
vt 0.417768 0.985346
vt 0.417768 0.984837
vt 0.418188 0.984858
vt 0.290651 0.984511
vt 0.290716 0.984181
vt 0.041478 0.986293
vt 0.041291 0.986013
vt 0.418609 0.985346
vt 0.418609 0.984837
vt 0.417377 0.985231
vt 0.417041 0.985049
vt 0.417041 0.984676
vt 0.417377 0.984775
vt 0.041074 0.985688
vt 0.290575 0.984895
vt 0.419000 0.985231
vt 0.419000 0.984775
vt 0.419336 0.985049
vt 0.419336 0.984676
vt 0.417377 0.984237
vt 0.417768 0.984237
vt 0.040922 0.985750
vt 0.290411 0.984895
vt 0.290334 0.984511
vt 0.419000 0.984237
vt 0.419336 0.984237
vt 0.418188 0.984237
vt 0.290269 0.984181
vt 0.041064 0.986464
vt 0.040999 0.986134
vt 0.418609 0.984237
vt 0.417041 0.984237
vt 0.418188 0.983616
vt 0.418609 0.983637
vt 0.417041 0.983798
vt 0.417377 0.983699
vt 0.040682 0.986134
vt 0.040758 0.985750
vt 0.290259 0.984957
vt 0.419000 0.983699
vt 0.417768 0.983637
vt 0.290042 0.984632
vt 0.419336 0.983798
vt 0.289855 0.984352
vt 0.040616 0.986464
vt 0.417768 0.983128
vt 0.418188 0.983089
vt 0.289818 0.984856
vt 0.289538 0.984669
vt 0.040203 0.986293
vt 0.040389 0.986013
vt 0.418609 0.983128
vt 0.417041 0.983425
vt 0.417377 0.983243
vt 0.040607 0.985688
vt 0.290143 0.985073
vt 0.419000 0.983243
vt 0.419336 0.983425
vt 0.969911 0.468657
vt 0.969796 0.468265
vt 0.970305 0.468264
vt 0.970367 0.468656
vt 0.969796 0.467424
vt 0.969911 0.467033
vt 0.970367 0.467032
vt 0.970305 0.467423
vt 0.040491 0.985572
vt 0.290080 0.985225
vt 0.289696 0.985148
vt 0.970093 0.468993
vt 0.970466 0.468993
vt 0.969757 0.467844
vt 0.970284 0.467843
vt 0.289367 0.985083
vt 0.039886 0.985976
vt 0.040166 0.985789
vt 0.970093 0.466698
vt 0.970466 0.466697
vt 0.970905 0.467843
vt 0.970905 0.468263
vt 0.970905 0.466697
vt 0.970905 0.467032
vt 0.040044 0.985497
vt 0.040428 0.985420
vt 0.290080 0.985389
vt 0.970905 0.468655
vt 0.970905 0.467423
vt 0.289697 0.985465
vt 0.970905 0.468992
vt 0.289367 0.985531
vt 0.039715 0.985562
vt 0.971443 0.468656
vt 0.971344 0.468993
vt 0.971505 0.467423
vt 0.971526 0.467843
vt 0.289818 0.985758
vt 0.289538 0.985944
vt 0.039715 0.985114
vt 0.040044 0.985180
vt 0.971505 0.468264
vt 0.971344 0.466697
vt 0.971443 0.467032
vt 0.040428 0.985256
vt 0.290143 0.985540
vt 0.290259 0.985656
vt 0.972014 0.468265
vt 0.971899 0.468657
vt 0.971899 0.467033
vt 0.972014 0.467424
vt 0.040491 0.985105
vt 0.290042 0.985982
vt 0.971716 0.468993
vt 0.972053 0.467844
vt 0.289855 0.986261
vt 0.039886 0.984701
vt 0.040166 0.984887
vt 0.971716 0.466698
vt 0.040203 0.984384
vt 0.040389 0.984663
vt 0.373594 0.985767
vt 0.373174 0.985807
vt 0.373174 0.985280
vt 0.373594 0.985259
vt 0.372362 0.985653
vt 0.372026 0.985470
vt 0.372026 0.985098
vt 0.372362 0.985197
vt 0.040607 0.984989
vt 0.290411 0.985719
vt 0.373985 0.985653
vt 0.373985 0.985197
vt 0.372754 0.985767
vt 0.372754 0.985259
vt 0.290334 0.986103
vt 0.374322 0.985470
vt 0.374322 0.985098
vt 0.290269 0.986433
vt 0.290575 0.985719
vt 0.290651 0.986103
vt 0.373985 0.984659
vt 0.374322 0.984659
vt 0.372754 0.984659
vt 0.373174 0.984659
vt 0.290717 0.986433
vt 0.040616 0.984213
vt 0.040682 0.984542
vt 0.373594 0.984659
vt 0.372026 0.984659
vt 0.372362 0.984659
vt 0.040758 0.984926
vt 0.040999 0.984542
vt 0.040922 0.984926
vt 0.290726 0.985656
vt 0.373594 0.984059
vt 0.373985 0.984121
vt 0.372362 0.984121
vt 0.372754 0.984059
vt 0.290944 0.985982
vt 0.374322 0.984219
vt 0.373174 0.984037
vt 0.291130 0.986261
vt 0.041064 0.984213
vt 0.372026 0.984219
vt 0.291167 0.985758
vt 0.291447 0.985944
vt 0.041478 0.984384
vt 0.041291 0.984663
vt 0.373174 0.983511
vt 0.373594 0.983550
vt 0.372026 0.983847
vt 0.372362 0.983665
vt 0.041074 0.984989
vt 0.290842 0.985540
vt 0.373985 0.983665
vt 0.372754 0.983550
vt 0.374322 0.983847
vt 0.041190 0.985105
vt 0.290905 0.985389
vt 0.291289 0.985465
vt 0.107920 0.913022
vt 0.107737 0.912686
vt 0.108193 0.912687
vt 0.108292 0.913023
vt 0.107584 0.911875
vt 0.107623 0.911455
vt 0.108131 0.911456
vt 0.108110 0.911876
vt 0.291618 0.985531
vt 0.041795 0.984701
vt 0.041515 0.984887
vt 0.107623 0.912295
vt 0.108131 0.912296
vt 0.107737 0.911063
vt 0.107920 0.910726
vt 0.108292 0.910727
vt 0.108193 0.911064
vt 0.985186 0.534294
vt 0.984774 0.534213
vt 0.984837 0.534061
vt 0.032277 0.984542
vt 0.032354 0.984926
vt 0.032202 0.984989
vt 0.031985 0.984663
vt 0.826613 0.985360
vt 0.826613 0.985025
vt 0.827151 0.985024
vt 0.827052 0.985360
vt 0.826613 0.984213
vt 0.826613 0.983793
vt 0.827213 0.983793
vt 0.827234 0.984213
vt 0.032212 0.984213
vt 0.031798 0.984384
vt 0.984390 0.534136
vt 0.984060 0.534071
vt 0.984231 0.533657
vt 0.984511 0.533844
vt 0.826613 0.984633
vt 0.827213 0.984633
vt 0.826613 0.983401
vt 0.826613 0.983064
vt 0.827052 0.983064
vt 0.827151 0.983401
vt 0.032436 0.985338
vt 0.827761 0.984212
vt 0.827721 0.984632
vt 0.827424 0.983063
vt 0.827607 0.983400
vt 0.984735 0.533620
vt 0.984952 0.533945
vt 0.032086 0.985105
vt 0.827607 0.985023
vt 0.827721 0.983792
vt 0.031761 0.984887
vt 0.827424 0.985359
vt 0.031481 0.984701
vt 0.984548 0.533340
vt 0.986143 0.922497
vt 0.985807 0.922680
vt 0.985807 0.922224
vt 0.986143 0.922125
vt 0.984995 0.922834
vt 0.984575 0.922794
vt 0.984575 0.922286
vt 0.984995 0.922307
vt 0.031640 0.985180
vt 0.031310 0.985114
vt 0.984962 0.533169
vt 0.985028 0.533498
vt 0.985415 0.922794
vt 0.985415 0.922286
vt 0.984183 0.922680
vt 0.983847 0.922497
vt 0.983847 0.922125
vt 0.984183 0.922224
vt 0.985104 0.533882
vt 0.032024 0.985256
vt 0.032024 0.985420
vt 0.985415 0.921686
vt 0.985807 0.921686
vt 0.984183 0.921686
vt 0.984575 0.921686
vt 0.985268 0.533882
vt 0.031640 0.985497
vt 0.986143 0.921686
vt 0.984995 0.921686
vt 0.031310 0.985562
vt 0.985410 0.533169
vt 0.985344 0.533498
vt 0.983847 0.921686
vt 0.985824 0.533340
vt 0.985637 0.533620
vt 0.984995 0.921064
vt 0.985415 0.921086
vt 0.983847 0.921246
vt 0.984183 0.921148
vt 0.985419 0.533945
vt 0.032086 0.985572
vt 0.985807 0.921148
vt 0.984575 0.921086
vt 0.031761 0.985789
vt 0.986143 0.921246
vt 0.031481 0.985976
vt 0.032202 0.985688
vt 0.031985 0.986013
vt 0.985807 0.920692
vt 0.986143 0.920874
vt 0.984575 0.920577
vt 0.984995 0.920538
vt 0.031798 0.986293
vt 0.986140 0.533657
vt 0.985861 0.533844
vt 0.985415 0.920577
vt 0.983847 0.920874
vt 0.984183 0.920692
vt 0.985535 0.534061
vt 0.985982 0.534136
vt 0.985598 0.534213
vt 0.032354 0.985750
vt 0.408745 0.985049
vt 0.408631 0.984657
vt 0.409139 0.984656
vt 0.409201 0.985048
vt 0.408631 0.983817
vt 0.408745 0.983426
vt 0.409201 0.983425
vt 0.409139 0.983816
vt 0.032277 0.986134
vt 0.408928 0.985386
vt 0.409300 0.985385
vt 0.408592 0.984237
vt 0.409118 0.984236
vt 0.032212 0.986464
vt 0.986312 0.534071
vt 0.408928 0.983090
vt 0.409300 0.983089
vt 0.032594 0.986134
vt 0.032660 0.986464
vt 0.986312 0.534518
vt 0.985982 0.534453
vt 0.409739 0.984236
vt 0.409739 0.984656
vt 0.409739 0.983089
vt 0.409739 0.983425
vt 0.985598 0.534376
vt 0.032518 0.985750
vt 0.409739 0.985048
vt 0.409739 0.983816
vt 0.409739 0.985385
vt 0.985535 0.534528
vt 0.032669 0.985688
vt 0.032887 0.986013
vt 0.410277 0.985048
vt 0.410179 0.985385
vt 0.410340 0.983816
vt 0.410361 0.984236
vt 0.033073 0.986293
vt 0.986140 0.534932
vt 0.985861 0.534745
vt 0.410340 0.984656
vt 0.410179 0.983089
vt 0.410277 0.983425
vt 0.410551 0.983090
vt 0.410734 0.983426
vt 0.985637 0.534969
vt 0.985419 0.534644
vt 0.032785 0.985572
vt 0.410848 0.984657
vt 0.410734 0.985049
vt 0.410848 0.983817
vt 0.033110 0.985789
vt 0.410551 0.985386
vt 0.410887 0.984237
vt 0.033390 0.985976
vt 0.985824 0.535249
vt 0.033232 0.985497
vt 0.033561 0.985562
vt 0.985410 0.535420
vt 0.985344 0.535091
vt 0.985440 0.742870
vt 0.985020 0.742909
vt 0.985020 0.742383
vt 0.985440 0.742361
vt 0.984209 0.742755
vt 0.983872 0.742573
vt 0.983872 0.742201
vt 0.984209 0.742299
vt 0.985268 0.534707
vt 0.032848 0.985420
vt 0.985832 0.742755
vt 0.985832 0.742299
vt 0.984600 0.742870
vt 0.984600 0.742361
vt 0.986168 0.742573
vt 0.986168 0.742201
vt 0.984209 0.741761
vt 0.984600 0.741761
vt 0.985104 0.534707
vt 0.032848 0.985256
vt 0.033232 0.985180
vt 0.985832 0.741761
vt 0.986168 0.741761
vt 0.985020 0.741761
vt 0.033561 0.985114
vt 0.984962 0.535420
vt 0.985027 0.535091
vt 0.985440 0.741761
vt 0.983872 0.741761
vt 0.983872 0.741322
vt 0.984209 0.741223
vt 0.984735 0.534969
vt 0.984952 0.534644
vt 0.032785 0.985105
vt 0.985440 0.741161
vt 0.985832 0.741223
vt 0.984600 0.741161
vt 0.033110 0.984887
vt 0.986168 0.741322
vt 0.985020 0.741140
vt 0.033390 0.984701
vt 0.984548 0.535249
vt 0.984600 0.740653
vt 0.985020 0.740613
vt 0.032887 0.984663
vt 0.033073 0.984384
vt 0.984231 0.534932
vt 0.984511 0.534745
vt 0.985440 0.740653
vt 0.983872 0.740950
vt 0.984209 0.740767
vt 0.984837 0.534528
vt 0.032669 0.984989
vt 0.985832 0.740767
vt 0.986168 0.740950
vt 0.825504 0.983792
vt 0.825619 0.983400
vt 0.826075 0.983401
vt 0.826013 0.983793
vt 0.984774 0.534376
vt 0.032518 0.984926
vt 0.032594 0.984542
vt 0.825801 0.985359
vt 0.825619 0.985023
vt 0.826075 0.985024
vt 0.826173 0.985360
vt 0.825465 0.984212
vt 0.825991 0.984213
vt 0.032660 0.984213
vt 0.984060 0.534518
vt 0.984390 0.534453
vt 0.825504 0.984632
vt 0.826013 0.984633
vt 0.825801 0.983063
vt 0.826173 0.983064
vt 0.610272 0.198451
vt 0.605199 0.198451
vt 0.605199 0.145692
vt 0.610272 0.145692
vt 0.382688 0.869814
vt 0.377615 0.869814
vt 0.377615 0.774442
vt 0.382688 0.774442
vt 0.262252 0.898484
vt 0.257179 0.898484
vt 0.257179 0.845726
vt 0.262252 0.845726
vt 0.311180 0.869844
vt 0.306107 0.869844
vt 0.306107 0.774473
vt 0.311180 0.774473
vt 0.576130 0.499409
vt 0.576130 0.594780
vt 0.523372 0.594780
vt 0.523372 0.499409
vt 0.399870 0.559538
vt 0.399870 0.654910
vt 0.347111 0.654910
vt 0.347111 0.559538
vt 0.711369 0.947993
vt 0.711369 0.962197
vt 0.710892 0.962096
vt 0.710892 0.947892
vt 0.696027 0.729532
vt 0.696027 0.748240
vt 0.695621 0.748240
vt 0.695621 0.729532
vt 0.695120 0.748240
vt 0.695120 0.729532
vt 0.694714 0.748240
vt 0.694714 0.729532
vt 0.854011 0.964457
vt 0.854011 0.978661
vt 0.853534 0.978561
vt 0.853534 0.964356
vt 0.853057 0.978661
vt 0.853057 0.964457
vt 0.547350 0.845326
vt 0.547350 0.864035
vt 0.546944 0.864035
vt 0.546944 0.845326
vt 0.546442 0.864035
vt 0.546442 0.845326
vt 0.734690 0.415089
vt 0.734919 0.415524
vt 0.734919 0.416015
vt 0.734690 0.416376
vt 0.734320 0.416467
vt 0.733949 0.416255
vt 0.733720 0.415820
vt 0.733720 0.415329
vt 0.733949 0.414969
vt 0.734320 0.414877
vt 0.546037 0.864035
vt 0.546037 0.845326
vt 0.711846 0.947892
vt 0.711846 0.962096
vt 0.696444 0.415507
vt 0.696870 0.415263
vt 0.697297 0.415283
vt 0.697560 0.415559
vt 0.697560 0.415986
vt 0.697297 0.416401
vt 0.696870 0.416645
vt 0.696444 0.416625
vt 0.696180 0.416349
vt 0.696180 0.415922
vt 0.877675 0.938365
vt 0.877675 0.924161
vt 0.878152 0.924262
vt 0.878152 0.938466
vt 0.299644 0.854807
vt 0.299644 0.872128
vt 0.299160 0.872079
vt 0.299160 0.854757
vt 0.298691 0.872146
vt 0.298691 0.854824
vt 0.719955 0.872756
vt 0.720322 0.886846
vt 0.719834 0.886930
vt 0.719467 0.872840
vt 0.860219 0.916673
vt 0.860219 0.902468
vt 0.860696 0.902569
vt 0.860696 0.916773
vt 0.861173 0.902468
vt 0.861173 0.916673
vt 0.944218 0.759683
vt 0.944218 0.777005
vt 0.943734 0.777055
vt 0.943734 0.759733
vt 0.943265 0.776988
vt 0.943265 0.759666
vt 0.064088 0.961969
vt 0.064350 0.961692
vt 0.064813 0.961572
vt 0.065301 0.961655
vt 0.065627 0.961911
vt 0.065667 0.962240
vt 0.065406 0.962518
vt 0.064943 0.962638
vt 0.064455 0.962554
vt 0.064129 0.962299
vt 0.065667 0.947565
vt 0.065179 0.947481
vt 0.877198 0.938466
vt 0.877198 0.924262
vt 0.720060 0.871893
vt 0.720322 0.872171
vt 0.720282 0.872501
vt 0.719004 0.872720
vt 0.718743 0.872442
vt 0.718783 0.872112
vt 0.719110 0.871857
vt 0.719597 0.871773
vt 0.440145 0.970268
vt 0.440145 0.956064
vt 0.440622 0.956165
vt 0.440622 0.970369
vt 0.898819 0.947563
vt 0.899185 0.961653
vt 0.898698 0.961737
vt 0.898331 0.947646
vt 0.211269 0.765880
vt 0.211269 0.783201
vt 0.210800 0.783268
vt 0.210800 0.765947
vt 0.210316 0.783219
vt 0.210316 0.765897
vt 0.563996 0.936067
vt 0.563996 0.921863
vt 0.564473 0.921964
vt 0.564473 0.936168
vt 0.564950 0.921863
vt 0.564950 0.936067
vt 0.957752 0.396168
vt 0.957385 0.410259
vt 0.956897 0.410175
vt 0.957264 0.396084
vt 0.957475 0.092690
vt 0.957475 0.110012
vt 0.957006 0.109945
vt 0.957006 0.092623
vt 0.899648 0.961773
vt 0.899910 0.962051
vt 0.899870 0.962380
vt 0.899543 0.962635
vt 0.899055 0.962719
vt 0.898592 0.962599
vt 0.898331 0.962321
vt 0.898371 0.961992
vt 0.956522 0.109995
vt 0.956522 0.092673
vt 0.439668 0.970369
vt 0.439668 0.956165
vt 0.957159 0.395222
vt 0.957622 0.395102
vt 0.958110 0.395186
vt 0.958436 0.395441
vt 0.958476 0.395770
vt 0.958215 0.396048
vt 0.956938 0.395829
vt 0.956897 0.395500
vt 0.854270 0.180079
vt 0.854270 0.003107
vt 0.854928 0.003077
vt 0.854928 0.180049
vt 0.855589 0.003105
vt 0.855589 0.180077
vt 0.823842 0.376567
vt 0.823842 0.197946
vt 0.824329 0.197993
vt 0.824329 0.376614
vt 0.824990 0.198010
vt 0.824990 0.376631
vt 0.825648 0.197992
vt 0.825648 0.376613
vt 0.826127 0.197944
vt 0.826127 0.376565
vt 0.854812 0.687155
vt 0.854812 0.510183
vt 0.855470 0.510214
vt 0.855470 0.687186
vt 0.856131 0.510185
vt 0.856131 0.687157
vt 0.815405 0.376629
vt 0.815405 0.198008
vt 0.815892 0.197961
vt 0.815892 0.376582
vt 0.816553 0.197944
vt 0.816553 0.376565
vt 0.417658 0.618800
vt 0.417658 0.619482
vt 0.417322 0.620076
vt 0.416742 0.620422
vt 0.416071 0.620429
vt 0.415490 0.620093
vt 0.415155 0.619506
vt 0.415155 0.618824
vt 0.415490 0.618230
vt 0.416071 0.617884
vt 0.416742 0.617877
vt 0.417322 0.618213
vt 0.817211 0.197962
vt 0.817211 0.376583
vt 0.817689 0.198010
vt 0.817689 0.376631
vt 0.423811 0.619482
vt 0.423811 0.618800
vt 0.424146 0.618213
vt 0.424727 0.617877
vt 0.425398 0.617884
vt 0.425979 0.618230
vt 0.426314 0.618824
vt 0.426314 0.619506
vt 0.425979 0.620093
vt 0.425398 0.620429
vt 0.424727 0.620422
vt 0.424146 0.620076
vt 0.817434 0.688871
vt 0.817434 0.510250
vt 0.817913 0.510202
vt 0.817913 0.688822
vt 0.818571 0.510183
vt 0.818571 0.688804
vt 0.819232 0.510200
vt 0.819232 0.688821
vt 0.819719 0.510248
vt 0.819719 0.688869
vt 0.846798 0.180050
vt 0.846798 0.003078
vt 0.847459 0.003107
vt 0.847459 0.180079
vt 0.848117 0.003077
vt 0.848117 0.180049
vt 0.815744 0.181698
vt 0.815744 0.003077
vt 0.816223 0.003125
vt 0.816223 0.181746
vt 0.816881 0.003143
vt 0.816881 0.181764
vt 0.817542 0.003126
vt 0.817542 0.181747
vt 0.818029 0.003079
vt 0.818029 0.181699
vt 0.877010 0.159095
vt 0.877011 0.158413
vt 0.877346 0.157819
vt 0.877927 0.157473
vt 0.878597 0.157467
vt 0.879178 0.157802
vt 0.879514 0.158389
vt 0.879514 0.159071
vt 0.879178 0.159665
vt 0.878597 0.160011
vt 0.877927 0.160018
vt 0.877346 0.159682
vt 0.847340 0.687184
vt 0.847340 0.510212
vt 0.848001 0.510183
vt 0.848001 0.687155
vt 0.848659 0.510214
vt 0.848659 0.687186
vt 0.443626 0.618824
vt 0.443626 0.619506
vt 0.443291 0.620093
vt 0.442710 0.620429
vt 0.442039 0.620422
vt 0.441459 0.620076
vt 0.441123 0.619482
vt 0.441123 0.618800
vt 0.441459 0.618213
vt 0.442040 0.617877
vt 0.442710 0.617884
vt 0.443291 0.618230
vt 0.856066 0.374159
vt 0.856066 0.197944
vt 0.856725 0.197977
vt 0.856725 0.374193
vt 0.808996 0.689697
vt 0.808996 0.510183
vt 0.809479 0.510183
vt 0.809479 0.689697
vt 0.810139 0.510183
vt 0.810139 0.689697
vt 0.810798 0.510183
vt 0.810798 0.689697
vt 0.811281 0.510183
vt 0.811281 0.689697
vt 0.861742 0.179292
vt 0.861742 0.003077
vt 0.862402 0.003110
vt 0.862402 0.179325
vt 0.863061 0.003077
vt 0.863061 0.179292
vt 0.806967 0.377458
vt 0.806967 0.197944
vt 0.807450 0.197944
vt 0.807450 0.377458
vt 0.808109 0.197944
vt 0.808109 0.377458
vt 0.808769 0.197944
vt 0.808769 0.377458
vt 0.434635 0.618230
vt 0.434970 0.618824
vt 0.434970 0.619506
vt 0.434635 0.620093
vt 0.434054 0.620429
vt 0.433383 0.620422
vt 0.432802 0.620076
vt 0.432467 0.619482
vt 0.432467 0.618800
vt 0.432802 0.618213
vt 0.433383 0.617877
vt 0.434054 0.617884
vt 0.809252 0.197944
vt 0.809252 0.377458
vt 0.855406 0.374193
vt 0.855406 0.197977
vt 0.817665 0.189846
vt 0.817665 0.190528
vt 0.817330 0.191115
vt 0.816749 0.191450
vt 0.816078 0.191444
vt 0.815497 0.191097
vt 0.815162 0.190504
vt 0.815162 0.189822
vt 0.815497 0.189234
vt 0.816078 0.188899
vt 0.816749 0.188905
vt 0.817329 0.189252
vt 0.986495 0.524720
vt 0.984060 0.524720
vt 0.984060 0.523477
vt 0.986495 0.523477
vt 0.984060 0.522424
vt 0.986495 0.522424
vt 0.109611 0.982148
vt 0.112046 0.982148
vt 0.112046 0.983201
vt 0.109611 0.983201
vt 0.112046 0.984443
vt 0.109611 0.984443
vt 0.112046 0.985686
vt 0.109611 0.985686
vt 0.112046 0.986739
vt 0.109611 0.986739
vt 0.075715 0.986687
vt 0.073280 0.986687
vt 0.073280 0.985634
vt 0.075715 0.985634
vt 0.073280 0.984392
vt 0.075715 0.984392
vt 0.073280 0.983149
vt 0.075715 0.983149
vt 0.073280 0.982096
vt 0.075715 0.982096
vt 0.120634 0.986739
vt 0.118199 0.986739
vt 0.118199 0.985686
vt 0.120634 0.985686
vt 0.118199 0.984443
vt 0.120634 0.984443
vt 0.118199 0.983201
vt 0.120634 0.983201
vt 0.118199 0.982148
vt 0.120634 0.982148
vt 0.946867 0.499022
vt 0.947352 0.500192
vt 0.947352 0.501459
vt 0.946867 0.502629
vt 0.945972 0.503525
vt 0.944801 0.504010
vt 0.943534 0.504010
vt 0.942364 0.503525
vt 0.941468 0.502629
vt 0.940984 0.501459
vt 0.940984 0.500192
vt 0.941468 0.499022
vt 0.942364 0.498126
vt 0.943534 0.497641
vt 0.944801 0.497641
vt 0.945972 0.498126
vt 0.986495 0.527016
vt 0.984060 0.527016
vt 0.984060 0.525962
vt 0.986495 0.525962
vt 0.681877 0.970519
vt 0.681877 0.971786
vt 0.681392 0.972956
vt 0.680496 0.973852
vt 0.679326 0.974337
vt 0.678059 0.974337
vt 0.676889 0.973852
vt 0.675993 0.972956
vt 0.675508 0.971786
vt 0.675508 0.970519
vt 0.675993 0.969349
vt 0.676889 0.968453
vt 0.678059 0.967968
vt 0.679326 0.967968
vt 0.680496 0.968453
vt 0.681392 0.969349
vt 0.084303 0.984391
vt 0.081868 0.984391
vt 0.081868 0.983149
vt 0.084303 0.983149
vt 0.081868 0.982096
vt 0.084303 0.982096
vt 0.984887 0.873366
vt 0.987322 0.873366
vt 0.987322 0.874419
vt 0.984887 0.874419
vt 0.987322 0.875662
vt 0.984887 0.875662
vt 0.987322 0.876904
vt 0.984887 0.876904
vt 0.987322 0.877958
vt 0.984887 0.877958
vt 0.019806 0.986729
vt 0.017371 0.986729
vt 0.017371 0.985675
vt 0.019806 0.985675
vt 0.017371 0.984433
vt 0.019806 0.984433
vt 0.017371 0.983191
vt 0.019806 0.983191
vt 0.017371 0.982137
vt 0.019806 0.982137
vt 0.987322 0.888702
vt 0.984887 0.888702
vt 0.984887 0.887649
vt 0.987322 0.887649
vt 0.984887 0.886407
vt 0.987322 0.886407
vt 0.984887 0.885164
vt 0.987322 0.885164
vt 0.984887 0.884111
vt 0.987322 0.884111
vt 0.846139 0.499287
vt 0.846139 0.498021
vt 0.846624 0.496850
vt 0.847520 0.495955
vt 0.848690 0.495470
vt 0.849957 0.495470
vt 0.851128 0.495955
vt 0.852023 0.496850
vt 0.852508 0.498021
vt 0.852508 0.499287
vt 0.852023 0.500458
vt 0.851128 0.501354
vt 0.849957 0.501838
vt 0.848690 0.501838
vt 0.847520 0.501354
vt 0.846624 0.500458
vt 0.084303 0.986687
vt 0.081868 0.986687
vt 0.081868 0.985634
vt 0.084303 0.985634
vt 0.281973 0.970433
vt 0.281973 0.971699
vt 0.281488 0.972870
vt 0.280592 0.973766
vt 0.279422 0.974250
vt 0.278155 0.974250
vt 0.276985 0.973766
vt 0.276089 0.972870
vt 0.275604 0.971700
vt 0.275604 0.970433
vt 0.276089 0.969262
vt 0.276985 0.968367
vt 0.278155 0.967882
vt 0.279422 0.967882
vt 0.280592 0.968367
vt 0.281488 0.969262
vt 0.987409 0.638257
vt 0.984974 0.638257
vt 0.984974 0.637014
vt 0.987409 0.637014
vt 0.984974 0.635961
vt 0.987409 0.635961
vt 0.984887 0.894855
vt 0.987322 0.894855
vt 0.987322 0.895909
vt 0.984887 0.895909
vt 0.987322 0.897151
vt 0.984887 0.897151
vt 0.987322 0.898394
vt 0.984887 0.898394
vt 0.987322 0.899447
vt 0.984887 0.899447
vt 0.987409 0.651297
vt 0.984974 0.651297
vt 0.984974 0.650244
vt 0.987409 0.650244
vt 0.984974 0.649001
vt 0.987409 0.649001
vt 0.984974 0.647759
vt 0.987409 0.647759
vt 0.984974 0.646706
vt 0.987409 0.646706
vt 0.987337 0.867062
vt 0.984902 0.867062
vt 0.984902 0.866008
vt 0.987337 0.866008
vt 0.984902 0.864766
vt 0.987337 0.864766
vt 0.984902 0.863523
vt 0.987337 0.863523
vt 0.984902 0.862470
vt 0.987337 0.862470
vt 0.567636 0.948641
vt 0.568120 0.947471
vt 0.569016 0.946575
vt 0.570186 0.946091
vt 0.571453 0.946091
vt 0.572624 0.946575
vt 0.573519 0.947471
vt 0.574004 0.948641
vt 0.574004 0.949908
vt 0.573519 0.951079
vt 0.572624 0.951974
vt 0.571453 0.952459
vt 0.570186 0.952459
vt 0.569016 0.951974
vt 0.568120 0.951079
vt 0.567636 0.949908
vt 0.987409 0.640553
vt 0.984974 0.640553
vt 0.984974 0.639499
vt 0.987409 0.639499
vt 0.956987 0.463511
vt 0.957882 0.462616
vt 0.959053 0.462131
vt 0.960320 0.462131
vt 0.961490 0.462616
vt 0.962386 0.463511
vt 0.962870 0.464682
vt 0.962870 0.465949
vt 0.962386 0.467119
vt 0.961490 0.468015
vt 0.960319 0.468499
vt 0.959053 0.468499
vt 0.957882 0.468015
vt 0.956987 0.467119
vt 0.956502 0.465949
vt 0.956502 0.464682
vt 0.987409 0.659746
vt 0.984974 0.659746
vt 0.984974 0.658504
vt 0.987409 0.658504
vt 0.984974 0.657450
vt 0.987409 0.657450
vt 0.719516 0.982770
vt 0.721951 0.982770
vt 0.721951 0.983824
vt 0.719516 0.983824
vt 0.721951 0.985066
vt 0.719516 0.985066
vt 0.721951 0.986309
vt 0.719516 0.986309
vt 0.721951 0.987362
vt 0.719516 0.987362
vt 0.987409 0.673151
vt 0.984974 0.673151
vt 0.984974 0.672097
vt 0.987409 0.672097
vt 0.984974 0.670855
vt 0.987409 0.670855
vt 0.984974 0.669613
vt 0.987409 0.669613
vt 0.984974 0.668559
vt 0.987409 0.668559
vt 0.730539 0.987362
vt 0.728104 0.987362
vt 0.728104 0.986309
vt 0.730539 0.986309
vt 0.728104 0.985066
vt 0.730539 0.985066
vt 0.728104 0.983824
vt 0.730539 0.983824
vt 0.728104 0.982770
vt 0.730539 0.982770
vt 0.838164 0.410425
vt 0.838649 0.411595
vt 0.838649 0.412862
vt 0.838164 0.414032
vt 0.837268 0.414928
vt 0.836098 0.415413
vt 0.834831 0.415413
vt 0.833661 0.414928
vt 0.832765 0.414032
vt 0.832280 0.412862
vt 0.832280 0.411595
vt 0.832765 0.410425
vt 0.833661 0.409529
vt 0.834831 0.409044
vt 0.836098 0.409044
vt 0.837268 0.409529
vt 0.987409 0.662042
vt 0.984974 0.662042
vt 0.984974 0.660989
vt 0.987409 0.660989
vt 0.958380 0.290769
vt 0.959276 0.289873
vt 0.960446 0.289388
vt 0.961713 0.289388
vt 0.962884 0.289873
vt 0.963779 0.290769
vt 0.964264 0.291939
vt 0.964264 0.293206
vt 0.963779 0.294376
vt 0.962884 0.295272
vt 0.961713 0.295757
vt 0.960446 0.295757
vt 0.959276 0.295272
vt 0.958380 0.294376
vt 0.957896 0.293206
vt 0.957896 0.291939
vt 0.622022 0.982310
vt 0.621718 0.982310
vt 0.621731 0.982018
vt 0.622022 0.982006
vt 0.621495 0.982310
vt 0.621574 0.982018
vt 0.695684 0.204488
vt 0.695988 0.204487
vt 0.695975 0.204778
vt 0.695684 0.204791
vt 0.141192 0.981246
vt 0.141416 0.981246
vt 0.141428 0.981537
vt 0.141271 0.981537
vt 0.141720 0.981246
vt 0.141720 0.981550
vt 0.622022 0.981782
vt 0.621731 0.981861
vt 0.695684 0.194545
vt 0.695684 0.194240
vt 0.695975 0.194253
vt 0.695988 0.194544
vt 0.695684 0.194016
vt 0.695975 0.194095
vt 0.869518 0.159490
vt 0.869518 0.159794
vt 0.869227 0.159781
vt 0.869214 0.159490
vt 0.869518 0.160018
vt 0.869227 0.159939
vt 0.141720 0.971303
vt 0.141416 0.971303
vt 0.141428 0.971012
vt 0.141720 0.970999
vt 0.696211 0.194544
vt 0.696132 0.194253
vt 0.622834 0.982310
vt 0.622834 0.982006
vt 0.623125 0.982018
vt 0.623138 0.982310
vt 0.622834 0.981782
vt 0.623125 0.981861
vt 0.142531 0.981246
vt 0.142835 0.981246
vt 0.142822 0.981537
vt 0.142531 0.981550
vt 0.972718 0.150105
vt 0.972942 0.150105
vt 0.972955 0.150396
vt 0.972797 0.150396
vt 0.973246 0.150104
vt 0.973246 0.150409
vt 0.973246 0.150633
vt 0.972955 0.150554
vt 0.870330 0.159490
vt 0.870634 0.159490
vt 0.870621 0.159781
vt 0.870330 0.159794
vt 0.870857 0.159490
vt 0.870778 0.159781
vt 0.973246 0.140161
vt 0.972942 0.140162
vt 0.972955 0.139871
vt 0.973246 0.139858
vt 0.143059 0.971303
vt 0.142835 0.971303
vt 0.142822 0.971012
vt 0.142980 0.971012
vt 0.142531 0.971303
vt 0.142531 0.970999
vt 0.870330 0.160018
vt 0.870621 0.159939
vt 0.622022 0.985658
vt 0.622022 0.985962
vt 0.621731 0.985949
vt 0.621718 0.985658
vt 0.979246 0.778949
vt 0.979246 0.778725
vt 0.979538 0.778713
vt 0.979538 0.778870
vt 0.979246 0.778421
vt 0.979550 0.778421
vt 0.979774 0.778421
vt 0.979695 0.778713
vt 0.692335 0.204488
vt 0.692335 0.204791
vt 0.692044 0.204778
vt 0.692032 0.204487
vt 0.621495 0.985658
vt 0.621574 0.985949
vt 0.869518 0.156142
vt 0.869214 0.156142
vt 0.869227 0.155851
vt 0.869518 0.155838
vt 0.692335 0.194016
vt 0.692335 0.194240
vt 0.692044 0.194253
vt 0.692044 0.194095
vt 0.692335 0.194545
vt 0.692032 0.194544
vt 0.691808 0.194544
vt 0.691887 0.194253
vt 0.979246 0.768478
vt 0.979246 0.768174
vt 0.979538 0.768187
vt 0.979550 0.768478
vt 0.979246 0.767951
vt 0.979538 0.768030
vt 0.622834 0.985658
vt 0.623138 0.985658
vt 0.623125 0.985949
vt 0.622834 0.985962
vt 0.976594 0.150633
vt 0.976594 0.150409
vt 0.976885 0.150396
vt 0.976885 0.150554
vt 0.976594 0.150104
vt 0.976898 0.150105
vt 0.977121 0.150105
vt 0.977042 0.150396
vt 0.978435 0.778421
vt 0.978435 0.778725
vt 0.978144 0.778713
vt 0.978131 0.778421
vt 0.978435 0.778949
vt 0.978144 0.778870
vt 0.870330 0.156142
vt 0.870330 0.155838
vt 0.870621 0.155851
vt 0.870634 0.156142
vt 0.978435 0.767951
vt 0.978435 0.768174
vt 0.978144 0.768187
vt 0.978144 0.768030
vt 0.978435 0.768478
vt 0.978131 0.768478
vt 0.977907 0.768478
vt 0.977986 0.768187
vt 0.976594 0.140161
vt 0.976594 0.139858
vt 0.976885 0.139871
vt 0.976898 0.140162
vt 0.870857 0.156142
vt 0.870778 0.155851
vt 0.696211 0.204487
vt 0.143059 0.981246
vt 0.977907 0.778421
vt 0.691808 0.204487
vt 0.986015 0.084876
vt 0.985711 0.084876
vt 0.985724 0.084585
vt 0.986015 0.084572
vt 0.985488 0.084876
vt 0.985567 0.084585
vt 0.976594 0.186920
vt 0.976898 0.186920
vt 0.976885 0.187210
vt 0.976594 0.187224
vt 0.318313 0.981193
vt 0.318537 0.981193
vt 0.318550 0.981484
vt 0.318392 0.981484
vt 0.318841 0.981193
vt 0.318841 0.981497
vt 0.318841 0.981720
vt 0.318550 0.981641
vt 0.976594 0.176977
vt 0.976594 0.176673
vt 0.976885 0.176685
vt 0.976898 0.176977
vt 0.976594 0.176449
vt 0.976885 0.176528
vt 0.746846 0.985390
vt 0.746846 0.985694
vt 0.746555 0.985681
vt 0.746542 0.985390
vt 0.318841 0.970722
vt 0.318841 0.970946
vt 0.318550 0.970959
vt 0.318550 0.970801
vt 0.318841 0.971250
vt 0.318537 0.971250
vt 0.977121 0.176976
vt 0.977042 0.176685
vt 0.986827 0.084876
vt 0.986827 0.084572
vt 0.987118 0.084585
vt 0.987131 0.084876
vt 0.319652 0.981720
vt 0.319652 0.981497
vt 0.319944 0.981484
vt 0.319944 0.981641
vt 0.319652 0.981193
vt 0.319956 0.981193
vt 0.973291 0.918175
vt 0.973514 0.918175
vt 0.973527 0.918466
vt 0.973370 0.918467
vt 0.973818 0.918175
vt 0.973818 0.918479
vt 0.973818 0.918703
vt 0.973527 0.918624
vt 0.747658 0.985390
vt 0.747962 0.985390
vt 0.747949 0.985681
vt 0.747658 0.985694
vt 0.748185 0.985390
vt 0.748106 0.985681
vt 0.973818 0.908232
vt 0.973514 0.908232
vt 0.973527 0.907941
vt 0.973818 0.907928
vt 0.320180 0.971250
vt 0.319956 0.971250
vt 0.319944 0.970959
vt 0.320101 0.970959
vt 0.319652 0.971250
vt 0.319652 0.970946
vt 0.319652 0.970722
vt 0.319944 0.970801
vt 0.986015 0.088224
vt 0.986015 0.088528
vt 0.985724 0.088515
vt 0.985711 0.088224
vt 0.986015 0.088751
vt 0.985724 0.088672
vt 0.333415 0.981193
vt 0.333719 0.981193
vt 0.333706 0.981484
vt 0.333415 0.981497
vt 0.333943 0.981193
vt 0.333863 0.981484
vt 0.973246 0.186920
vt 0.973246 0.187224
vt 0.972955 0.187210
vt 0.972942 0.186920
vt 0.985488 0.088224
vt 0.985567 0.088515
vt 0.746846 0.982041
vt 0.746542 0.982041
vt 0.746555 0.981750
vt 0.746846 0.981737
vt 0.973246 0.176449
vt 0.973246 0.176673
vt 0.972955 0.176685
vt 0.972955 0.176528
vt 0.973246 0.176977
vt 0.972942 0.176977
vt 0.972718 0.176976
vt 0.972797 0.176685
vt 0.333415 0.971250
vt 0.333415 0.970946
vt 0.333706 0.970959
vt 0.333719 0.971250
vt 0.746846 0.981514
vt 0.746555 0.981593
vt 0.986827 0.088224
vt 0.987131 0.088224
vt 0.987118 0.088515
vt 0.986827 0.088528
vt 0.977166 0.918703
vt 0.977166 0.918479
vt 0.977458 0.918466
vt 0.977458 0.918624
vt 0.977166 0.918175
vt 0.977470 0.918175
vt 0.977694 0.918175
vt 0.977615 0.918467
vt 0.332603 0.981193
vt 0.332603 0.981497
vt 0.332312 0.981484
vt 0.332299 0.981193
vt 0.986827 0.088751
vt 0.987118 0.088672
vt 0.747658 0.982041
vt 0.747658 0.981737
vt 0.747949 0.981750
vt 0.747962 0.982041
vt 0.747658 0.981514
vt 0.747949 0.981593
vt 0.332603 0.971250
vt 0.332299 0.971250
vt 0.332312 0.970959
vt 0.332603 0.970946
vt 0.332076 0.971250
vt 0.332155 0.970959
vt 0.977166 0.908232
vt 0.977166 0.907928
vt 0.977458 0.907941
vt 0.977470 0.908232
vt 0.748185 0.982041
vt 0.748106 0.981750
vt 0.977121 0.186919
vt 0.320180 0.981193
vt 0.332076 0.981193
vt 0.333415 0.981720
vt 0.332603 0.981720
vt 0.332603 0.970722
vt 0.333415 0.970722
vt 0.972718 0.186919
vt 0.985501 0.685386
vt 0.985197 0.685386
vt 0.985210 0.685095
vt 0.985501 0.685082
vt 0.984974 0.685386
vt 0.985053 0.685095
vt 0.976594 0.133401
vt 0.976898 0.133401
vt 0.976885 0.133691
vt 0.976594 0.133705
vt 0.149212 0.981246
vt 0.149435 0.981246
vt 0.149448 0.981537
vt 0.149291 0.981537
vt 0.149739 0.981246
vt 0.149739 0.981550
vt 0.985501 0.684858
vt 0.985210 0.684937
vt 0.976594 0.123458
vt 0.976594 0.123154
vt 0.976885 0.123166
vt 0.976898 0.123458
vt 0.976594 0.122930
vt 0.976885 0.123008
vt 0.651835 0.951988
vt 0.651835 0.952292
vt 0.651543 0.952279
vt 0.651531 0.951988
vt 0.651835 0.952516
vt 0.651543 0.952437
vt 0.149739 0.971303
vt 0.149435 0.971303
vt 0.149448 0.971012
vt 0.149739 0.970999
vt 0.977121 0.123457
vt 0.977042 0.123166
vt 0.986313 0.685386
vt 0.986313 0.685082
vt 0.986604 0.685095
vt 0.986617 0.685386
vt 0.986313 0.684858
vt 0.986604 0.684937
vt 0.150551 0.981246
vt 0.150855 0.981246
vt 0.150842 0.981537
vt 0.150551 0.981550
vt 0.972718 0.169768
vt 0.972942 0.169767
vt 0.972955 0.170059
vt 0.972797 0.170059
vt 0.973246 0.169767
vt 0.973246 0.170071
vt 0.973246 0.170295
vt 0.972955 0.170216
vt 0.652646 0.951988
vt 0.652950 0.951988
vt 0.652937 0.952279
vt 0.652646 0.952292
vt 0.653174 0.951988
vt 0.653095 0.952279
vt 0.973246 0.159824
vt 0.972942 0.159824
vt 0.972955 0.159534
vt 0.973246 0.159520
vt 0.151078 0.971303
vt 0.150855 0.971303
vt 0.150842 0.971012
vt 0.150999 0.971012
vt 0.150551 0.971303
vt 0.150551 0.970999
vt 0.652646 0.952516
vt 0.652937 0.952437
vt 0.985501 0.688734
vt 0.985501 0.689038
vt 0.985210 0.689025
vt 0.985197 0.688734
vt 0.102865 0.980539
vt 0.102865 0.980315
vt 0.103156 0.980303
vt 0.103156 0.980460
vt 0.102865 0.980011
vt 0.103169 0.980011
vt 0.103393 0.980011
vt 0.103314 0.980303
vt 0.973246 0.133401
vt 0.973246 0.133705
vt 0.972954 0.133691
vt 0.972942 0.133401
vt 0.984974 0.688734
vt 0.985053 0.689025
vt 0.651835 0.948640
vt 0.651531 0.948640
vt 0.651543 0.948349
vt 0.651835 0.948336
vt 0.973246 0.122930
vt 0.973246 0.123154
vt 0.972954 0.123166
vt 0.972954 0.123008
vt 0.973246 0.123458
vt 0.972942 0.123458
vt 0.972718 0.123457
vt 0.972797 0.123166
vt 0.102865 0.970068
vt 0.102865 0.969765
vt 0.103156 0.969777
vt 0.103169 0.970068
vt 0.102865 0.969541
vt 0.103156 0.969620
vt 0.986313 0.688734
vt 0.986617 0.688734
vt 0.986604 0.689025
vt 0.986313 0.689038
vt 0.976594 0.170295
vt 0.976594 0.170071
vt 0.976885 0.170059
vt 0.976885 0.170216
vt 0.976594 0.169767
vt 0.976898 0.169767
vt 0.977121 0.169768
vt 0.977042 0.170059
vt 0.102053 0.980011
vt 0.102053 0.980315
vt 0.101762 0.980303
vt 0.101749 0.980011
vt 0.102053 0.980539
vt 0.101762 0.980460
vt 0.652646 0.948640
vt 0.652646 0.948336
vt 0.652937 0.948349
vt 0.652950 0.948640
vt 0.102053 0.969541
vt 0.102053 0.969765
vt 0.101762 0.969777
vt 0.101762 0.969620
vt 0.102053 0.970068
vt 0.101749 0.970068
vt 0.101526 0.970068
vt 0.101605 0.969777
vt 0.976594 0.159824
vt 0.976594 0.159520
vt 0.976885 0.159534
vt 0.976898 0.159824
vt 0.653174 0.948640
vt 0.653095 0.948349
vt 0.977121 0.133400
vt 0.151078 0.981246
vt 0.101526 0.980011
vt 0.972718 0.133400
vt 0.978545 0.096849
vt 0.978545 0.084573
vt 0.978972 0.084572
vt 0.978972 0.096849
vt 0.979335 0.084572
vt 0.979335 0.096848
vt 0.710892 0.980627
vt 0.710892 0.968350
vt 0.711254 0.968350
vt 0.711254 0.980627
vt 0.711681 0.968350
vt 0.711681 0.980627
vt 0.712108 0.968350
vt 0.712108 0.980627
vt 0.712470 0.968350
vt 0.712470 0.980627
vt 0.977907 0.761798
vt 0.977907 0.749521
vt 0.978269 0.749520
vt 0.978269 0.761797
vt 0.978696 0.749520
vt 0.978696 0.761797
vt 0.979124 0.749520
vt 0.979124 0.761797
vt 0.979486 0.749521
vt 0.979486 0.761798
vt 0.064088 0.981067
vt 0.064088 0.968791
vt 0.064450 0.968791
vt 0.064450 0.981067
vt 0.064878 0.968791
vt 0.064878 0.981067
vt 0.065305 0.968791
vt 0.065305 0.981067
vt 0.065667 0.968791
vt 0.065667 0.981067
vt 0.942178 0.865024
vt 0.942581 0.865190
vt 0.942889 0.865498
vt 0.943055 0.865901
vt 0.943055 0.866336
vt 0.942889 0.866738
vt 0.942581 0.867046
vt 0.942178 0.867213
vt 0.941743 0.867213
vt 0.941341 0.867046
vt 0.941033 0.866738
vt 0.940866 0.866336
vt 0.940866 0.865901
vt 0.941033 0.865498
vt 0.941341 0.865191
vt 0.941743 0.865024
vt 0.977756 0.096848
vt 0.977756 0.084572
vt 0.978118 0.084572
vt 0.978118 0.096849
vt 0.949683 0.865190
vt 0.950085 0.865024
vt 0.950521 0.865024
vt 0.950923 0.865191
vt 0.951231 0.865498
vt 0.951398 0.865901
vt 0.951398 0.866336
vt 0.951231 0.866738
vt 0.950923 0.867046
vt 0.950521 0.867213
vt 0.950085 0.867213
vt 0.949683 0.867046
vt 0.949375 0.866738
vt 0.949208 0.866336
vt 0.949208 0.865901
vt 0.949375 0.865498
vt 0.979088 0.116776
vt 0.979088 0.104500
vt 0.979515 0.104500
vt 0.979515 0.116776
vt 0.979877 0.104499
vt 0.979877 0.116775
vt 0.898331 0.981149
vt 0.898331 0.968872
vt 0.898693 0.968872
vt 0.898693 0.981149
vt 0.899120 0.968872
vt 0.899120 0.981149
vt 0.899547 0.968872
vt 0.899547 0.981149
vt 0.899909 0.968872
vt 0.899909 0.981149
vt 0.978842 0.410321
vt 0.978842 0.398045
vt 0.979204 0.398044
vt 0.979204 0.410320
vt 0.979631 0.398044
vt 0.979631 0.410320
vt 0.980059 0.398044
vt 0.980059 0.410320
vt 0.980421 0.398045
vt 0.980421 0.410321
vt 0.980139 0.554992
vt 0.980139 0.542716
vt 0.980501 0.542716
vt 0.980501 0.554992
vt 0.980928 0.542716
vt 0.980928 0.554992
vt 0.981355 0.542716
vt 0.981355 0.554992
vt 0.981717 0.542716
vt 0.981717 0.554992
vt 0.957551 0.865901
vt 0.957717 0.865498
vt 0.958025 0.865190
vt 0.958427 0.865024
vt 0.958863 0.865024
vt 0.959265 0.865190
vt 0.959573 0.865498
vt 0.959740 0.865901
vt 0.959740 0.866336
vt 0.959573 0.866738
vt 0.959265 0.867046
vt 0.958863 0.867213
vt 0.958428 0.867213
vt 0.958025 0.867046
vt 0.957717 0.866738
vt 0.957551 0.866336
vt 0.978298 0.116775
vt 0.978298 0.104499
vt 0.978660 0.104500
vt 0.978660 0.116776
vt 0.967916 0.865498
vt 0.968082 0.865901
vt 0.968082 0.866336
vt 0.967916 0.866738
vt 0.967608 0.867046
vt 0.967205 0.867213
vt 0.966770 0.867213
vt 0.966368 0.867046
vt 0.966060 0.866738
vt 0.965893 0.866336
vt 0.965893 0.865901
vt 0.966060 0.865498
vt 0.966368 0.865190
vt 0.966770 0.865024
vt 0.967206 0.865024
vt 0.967608 0.865190
vt 0.808220 0.191450
vt 0.808220 0.147721
vt 0.808647 0.147721
vt 0.808647 0.191450
vt 0.809009 0.147721
vt 0.809009 0.191450
vt 0.949166 0.347321
vt 0.949166 0.303592
vt 0.949527 0.303592
vt 0.949527 0.347321
vt 0.949954 0.303592
vt 0.949954 0.347321
vt 0.950381 0.303592
vt 0.950381 0.347321
vt 0.950744 0.303592
vt 0.950744 0.347321
vt 0.950744 0.197944
vt 0.950744 0.241673
vt 0.950382 0.241673
vt 0.950382 0.197944
vt 0.949955 0.241673
vt 0.949955 0.197944
vt 0.949528 0.241673
vt 0.949528 0.197944
vt 0.949166 0.241673
vt 0.949166 0.197944
vt 0.950744 0.360475
vt 0.950744 0.404204
vt 0.950383 0.404204
vt 0.950383 0.360475
vt 0.949956 0.404204
vt 0.949956 0.360475
vt 0.949529 0.404204
vt 0.949529 0.360475
vt 0.949166 0.404204
vt 0.949166 0.360475
vt 0.659420 0.985094
vt 0.659587 0.984691
vt 0.659894 0.984383
vt 0.660297 0.984217
vt 0.660732 0.984217
vt 0.661135 0.984383
vt 0.661443 0.984691
vt 0.661609 0.985094
vt 0.661609 0.985529
vt 0.661443 0.985931
vt 0.661135 0.986239
vt 0.660732 0.986406
vt 0.660297 0.986406
vt 0.659895 0.986239
vt 0.659587 0.985931
vt 0.659420 0.985529
vt 0.807431 0.191450
vt 0.807431 0.147721
vt 0.807793 0.147721
vt 0.807793 0.191450
vt 0.597288 0.985464
vt 0.597455 0.985062
vt 0.597763 0.984754
vt 0.598165 0.984587
vt 0.598600 0.984587
vt 0.599003 0.984754
vt 0.599311 0.985062
vt 0.599477 0.985464
vt 0.599477 0.985899
vt 0.599311 0.986302
vt 0.599003 0.986610
vt 0.598600 0.986776
vt 0.598165 0.986776
vt 0.597763 0.986610
vt 0.597455 0.986302
vt 0.597288 0.985899
vt 0.340915 0.557881
vt 0.340307 0.557881
vt 0.340307 0.557450
vt 0.340915 0.557450
vt 0.995148 0.816707
vt 0.995757 0.816707
vt 0.995757 0.817138
vt 0.995148 0.817138
vt 0.995757 0.817568
vt 0.995148 0.817568
vt 0.340915 0.565325
vt 0.340306 0.565325
vt 0.340306 0.564895
vt 0.340915 0.564895
vt 0.340306 0.564465
vt 0.340915 0.564465
vt 0.995757 0.824582
vt 0.995148 0.824582
vt 0.995148 0.824152
vt 0.995757 0.824152
vt 0.986431 0.945600
vt 0.986431 0.945134
vt 0.986760 0.944805
vt 0.987226 0.944805
vt 0.987556 0.945134
vt 0.987556 0.945600
vt 0.987226 0.945930
vt 0.986760 0.945930
vt 0.995148 0.823721
vt 0.995757 0.823721
vt 0.340915 0.558311
vt 0.340307 0.558311
vt 0.784415 0.415593
vt 0.784415 0.416058
vt 0.784086 0.416388
vt 0.783620 0.416388
vt 0.783290 0.416058
vt 0.783290 0.415593
vt 0.783620 0.415263
vt 0.784086 0.415263
vt 0.340915 0.571909
vt 0.340307 0.571909
vt 0.340307 0.571479
vt 0.340915 0.571479
vt 0.995148 0.830735
vt 0.995757 0.830735
vt 0.995757 0.831166
vt 0.995148 0.831166
vt 0.995757 0.831596
vt 0.995148 0.831596
vt 0.340915 0.579354
vt 0.340306 0.579354
vt 0.340306 0.578923
vt 0.340915 0.578923
vt 0.340306 0.578493
vt 0.340915 0.578493
vt 0.995757 0.838610
vt 0.995148 0.838610
vt 0.995148 0.838180
vt 0.995757 0.838180
vt 0.986431 0.952878
vt 0.986431 0.952412
vt 0.986760 0.952083
vt 0.987226 0.952083
vt 0.987556 0.952412
vt 0.987556 0.952878
vt 0.987226 0.953208
vt 0.986760 0.953208
vt 0.995148 0.837749
vt 0.995757 0.837749
vt 0.340915 0.572339
vt 0.340307 0.572339
vt 0.988058 0.441264
vt 0.988058 0.441730
vt 0.987729 0.442060
vt 0.987263 0.442060
vt 0.986933 0.441730
vt 0.986933 0.441264
vt 0.987263 0.440935
vt 0.987729 0.440935
vt 0.995757 0.003507
vt 0.995148 0.003507
vt 0.995148 0.003077
vt 0.995757 0.003077
vt 0.995148 0.956988
vt 0.995757 0.956988
vt 0.995757 0.957419
vt 0.995148 0.957419
vt 0.995757 0.957849
vt 0.995148 0.957849
vt 0.995757 0.010952
vt 0.995148 0.010952
vt 0.995148 0.010521
vt 0.995757 0.010521
vt 0.995148 0.010091
vt 0.995757 0.010091
vt 0.995757 0.964863
vt 0.995148 0.964863
vt 0.995148 0.964433
vt 0.995757 0.964433
vt 0.986953 0.003406
vt 0.987283 0.003077
vt 0.987749 0.003077
vt 0.988078 0.003406
vt 0.988078 0.003872
vt 0.987749 0.004201
vt 0.987283 0.004201
vt 0.986953 0.003872
vt 0.995148 0.964002
vt 0.995757 0.964002
vt 0.995757 0.003937
vt 0.995148 0.003937
vt 0.210316 0.797933
vt 0.210645 0.797604
vt 0.211111 0.797604
vt 0.211440 0.797933
vt 0.211440 0.798399
vt 0.211111 0.798729
vt 0.210645 0.798729
vt 0.210316 0.798399
vt 0.995757 0.017535
vt 0.995148 0.017535
vt 0.995148 0.017105
vt 0.995757 0.017105
vt 0.995148 0.971016
vt 0.995757 0.971016
vt 0.995757 0.971447
vt 0.995148 0.971447
vt 0.995757 0.971877
vt 0.995148 0.971877
vt 0.995757 0.024980
vt 0.995148 0.024980
vt 0.995148 0.024549
vt 0.995757 0.024549
vt 0.995148 0.024119
vt 0.995757 0.024119
vt 0.995757 0.978891
vt 0.995148 0.978891
vt 0.995148 0.978461
vt 0.995757 0.978461
vt 0.754509 0.987355
vt 0.754510 0.986889
vt 0.754839 0.986560
vt 0.755305 0.986560
vt 0.755634 0.986889
vt 0.755634 0.987355
vt 0.755305 0.987685
vt 0.754839 0.987685
vt 0.995148 0.978031
vt 0.995757 0.978031
vt 0.995757 0.017966
vt 0.995148 0.017966
vt 0.987699 0.398373
vt 0.987699 0.398839
vt 0.987369 0.399169
vt 0.986903 0.399169
vt 0.986574 0.398839
vt 0.986574 0.398373
vt 0.986903 0.398044
vt 0.987369 0.398044
vt 0.995757 0.031563
vt 0.995148 0.031563
vt 0.995148 0.031133
vt 0.995757 0.031133
vt 0.995148 0.985045
vt 0.995757 0.985045
vt 0.995757 0.985475
vt 0.995148 0.985475
vt 0.995757 0.985905
vt 0.995148 0.985905
vt 0.995757 0.039008
vt 0.995148 0.039008
vt 0.995148 0.038577
vt 0.995757 0.038577
vt 0.995148 0.038147
vt 0.995757 0.038147
vt 0.003685 0.996923
vt 0.003077 0.996923
vt 0.003077 0.996493
vt 0.003685 0.996493
vt 0.443043 0.847135
vt 0.443373 0.846806
vt 0.443839 0.846806
vt 0.444168 0.847135
vt 0.444168 0.847601
vt 0.443839 0.847931
vt 0.443373 0.847931
vt 0.443043 0.847601
vt 0.003077 0.996063
vt 0.003685 0.996063
vt 0.995757 0.031994
vt 0.995148 0.031994
vt 0.986903 0.405322
vt 0.987369 0.405322
vt 0.987699 0.405651
vt 0.987699 0.406117
vt 0.987369 0.406446
vt 0.986903 0.406446
vt 0.986574 0.406117
vt 0.986574 0.405651
vt 0.995757 0.045591
vt 0.995148 0.045591
vt 0.995148 0.045161
vt 0.995757 0.045161
vt 0.009838 0.996062
vt 0.010447 0.996062
vt 0.010447 0.996493
vt 0.009838 0.996493
vt 0.010447 0.996923
vt 0.009838 0.996923
vt 0.995757 0.053036
vt 0.995148 0.053036
vt 0.995148 0.052605
vt 0.995757 0.052605
vt 0.995148 0.052175
vt 0.995757 0.052175
vt 0.017209 0.996923
vt 0.016600 0.996923
vt 0.016600 0.996493
vt 0.017209 0.996493
vt 0.326333 0.988203
vt 0.326662 0.987873
vt 0.327128 0.987873
vt 0.327458 0.988203
vt 0.327458 0.988669
vt 0.327128 0.988998
vt 0.326663 0.988998
vt 0.326333 0.988669
vt 0.016600 0.996062
vt 0.017209 0.996062
vt 0.995757 0.046022
vt 0.995148 0.046022
vt 0.871481 0.663274
vt 0.871811 0.662945
vt 0.872277 0.662945
vt 0.872606 0.663274
vt 0.872606 0.663740
vt 0.872277 0.664070
vt 0.871811 0.664070
vt 0.871481 0.663740
vt 0.995757 0.059619
vt 0.995148 0.059619
vt 0.995148 0.059189
vt 0.995757 0.059189
vt 0.995148 0.066203
vt 0.995757 0.066203
vt 0.995757 0.066633
vt 0.995148 0.066633
vt 0.995757 0.067064
vt 0.995148 0.067064
vt 0.995757 0.074078
vt 0.995148 0.074078
vt 0.995148 0.073648
vt 0.995757 0.073648
vt 0.995148 0.073217
vt 0.995757 0.073217
vt 0.995757 0.081092
vt 0.995148 0.081092
vt 0.995148 0.080662
vt 0.995757 0.080662
vt 0.718270 0.415593
vt 0.718599 0.415263
vt 0.719065 0.415263
vt 0.719394 0.415593
vt 0.719394 0.416059
vt 0.719065 0.416388
vt 0.718599 0.416388
vt 0.718270 0.416059
vt 0.995148 0.080231
vt 0.995757 0.080231
vt 0.995757 0.060050
vt 0.995148 0.060050
vt 0.704838 0.415593
vt 0.704838 0.416059
vt 0.704509 0.416388
vt 0.704043 0.416388
vt 0.703714 0.416058
vt 0.703714 0.415593
vt 0.704043 0.415263
vt 0.704509 0.415263
vt 0.995757 0.087676
vt 0.995148 0.087676
vt 0.995148 0.087245
vt 0.995757 0.087245
vt 0.995148 0.094259
vt 0.995757 0.094259
vt 0.995757 0.094690
vt 0.995148 0.094690
vt 0.995757 0.095120
vt 0.995148 0.095120
vt 0.995757 0.102134
vt 0.995148 0.102134
vt 0.995148 0.101704
vt 0.995757 0.101704
vt 0.995148 0.101273
vt 0.995757 0.101273
vt 0.995757 0.109148
vt 0.995148 0.109148
vt 0.995148 0.108718
vt 0.995757 0.108718
vt 0.542712 0.935703
vt 0.542712 0.935237
vt 0.543042 0.934907
vt 0.543507 0.934907
vt 0.543837 0.935237
vt 0.543837 0.935703
vt 0.543507 0.936032
vt 0.543042 0.936032
vt 0.995148 0.108287
vt 0.995757 0.108287
vt 0.995757 0.088106
vt 0.995148 0.088106
vt 0.725877 0.415263
vt 0.726343 0.415263
vt 0.726672 0.415593
vt 0.726672 0.416058
vt 0.726343 0.416388
vt 0.725877 0.416388
vt 0.725547 0.416058
vt 0.725547 0.415593
vt 0.995757 0.115732
vt 0.995148 0.115732
vt 0.995148 0.115301
vt 0.995757 0.115301
vt 0.995148 0.122315
vt 0.995757 0.122315
vt 0.995757 0.122746
vt 0.995148 0.122746
vt 0.995757 0.123176
vt 0.995148 0.123176
vt 0.995757 0.130190
vt 0.995148 0.130190
vt 0.995148 0.129760
vt 0.995757 0.129760
vt 0.995148 0.129329
vt 0.995757 0.129329
vt 0.995757 0.137204
vt 0.995148 0.137204
vt 0.995148 0.136774
vt 0.995757 0.136774
vt 0.987749 0.010355
vt 0.988078 0.010684
vt 0.988078 0.011150
vt 0.987749 0.011479
vt 0.987283 0.011479
vt 0.986953 0.011150
vt 0.986953 0.010684
vt 0.987283 0.010354
vt 0.995148 0.136344
vt 0.995757 0.136344
vt 0.995757 0.116162
vt 0.995148 0.116162
vt 0.231072 0.987002
vt 0.231072 0.987468
vt 0.230743 0.987797
vt 0.230277 0.987797
vt 0.229948 0.987468
vt 0.229948 0.987002
vt 0.230277 0.986672
vt 0.230743 0.986672
vt 0.995757 0.143788
vt 0.995148 0.143788
vt 0.995148 0.143358
vt 0.995757 0.143358
vt 0.995148 0.844763
vt 0.995757 0.844763
vt 0.995757 0.845194
vt 0.995148 0.845194
vt 0.995757 0.845624
vt 0.995148 0.845624
vt 0.995757 0.151233
vt 0.995148 0.151233
vt 0.995148 0.150802
vt 0.995757 0.150802
vt 0.995148 0.150372
vt 0.995757 0.150372
vt 0.995757 0.852638
vt 0.995148 0.852638
vt 0.995148 0.852208
vt 0.995757 0.852208
vt 0.987283 0.017633
vt 0.987749 0.017633
vt 0.988078 0.017962
vt 0.988078 0.018428
vt 0.987749 0.018757
vt 0.987283 0.018757
vt 0.986953 0.018428
vt 0.986953 0.017962
vt 0.995148 0.851777
vt 0.995757 0.851777
vt 0.995757 0.144219
vt 0.995148 0.144219
vt 0.092329 0.986169
vt 0.092659 0.985840
vt 0.093124 0.985840
vt 0.093454 0.986169
vt 0.093454 0.986635
vt 0.093124 0.986965
vt 0.092659 0.986965
vt 0.092329 0.986635
vt 0.995757 0.157816
vt 0.995148 0.157816
vt 0.995148 0.157386
vt 0.995757 0.157386
vt 0.995148 0.858791
vt 0.995757 0.858791
vt 0.995757 0.859222
vt 0.995148 0.859222
vt 0.995757 0.859652
vt 0.995148 0.859652
vt 0.995757 0.165261
vt 0.995148 0.165261
vt 0.995148 0.164830
vt 0.995757 0.164830
vt 0.995148 0.164400
vt 0.995757 0.164400
vt 0.995757 0.866666
vt 0.995148 0.866666
vt 0.995148 0.866236
vt 0.995757 0.866236
vt 0.333611 0.988203
vt 0.333940 0.987873
vt 0.334406 0.987873
vt 0.334736 0.988203
vt 0.334736 0.988669
vt 0.334406 0.988998
vt 0.333940 0.988998
vt 0.333611 0.988669
vt 0.995148 0.865806
vt 0.995757 0.865806
vt 0.995757 0.158247
vt 0.995148 0.158247
vt 0.486771 0.952142
vt 0.486771 0.952608
vt 0.486442 0.952937
vt 0.485976 0.952937
vt 0.485646 0.952608
vt 0.485646 0.952142
vt 0.485976 0.951812
vt 0.486442 0.951812
vt 0.995757 0.171844
vt 0.995148 0.171844
vt 0.995148 0.171414
vt 0.995757 0.171414
vt 0.023362 0.996063
vt 0.023971 0.996063
vt 0.023971 0.996493
vt 0.023362 0.996493
vt 0.023971 0.996923
vt 0.023362 0.996923
vt 0.995757 0.179289
vt 0.995148 0.179289
vt 0.995148 0.178858
vt 0.995757 0.178858
vt 0.995148 0.178428
vt 0.995757 0.178428
vt 0.030733 0.996923
vt 0.030124 0.996923
vt 0.030124 0.996493
vt 0.030733 0.996493
vt 0.986953 0.025240
vt 0.987283 0.024910
vt 0.987749 0.024910
vt 0.988078 0.025240
vt 0.988078 0.025706
vt 0.987749 0.026035
vt 0.987283 0.026035
vt 0.986953 0.025706
vt 0.030124 0.996063
vt 0.030733 0.996063
vt 0.995757 0.172275
vt 0.995148 0.172275
vt 0.951853 0.920432
vt 0.952183 0.920103
vt 0.952649 0.920103
vt 0.952978 0.920432
vt 0.952978 0.920898
vt 0.952649 0.921228
vt 0.952183 0.921228
vt 0.951853 0.920898
vt 0.995757 0.185872
vt 0.995148 0.185872
vt 0.995148 0.185442
vt 0.995757 0.185442
vt 0.036886 0.996062
vt 0.037495 0.996062
vt 0.037495 0.996493
vt 0.036886 0.996493
vt 0.037495 0.996923
vt 0.036886 0.996923
vt 0.995757 0.193317
vt 0.995148 0.193317
vt 0.995148 0.192886
vt 0.995757 0.192886
vt 0.995148 0.192456
vt 0.995757 0.192456
vt 0.044257 0.996923
vt 0.043648 0.996923
vt 0.043648 0.996493
vt 0.044257 0.996493
vt 0.651463 0.988730
vt 0.651929 0.988730
vt 0.652258 0.989060
vt 0.652258 0.989526
vt 0.651929 0.989855
vt 0.651463 0.989855
vt 0.651134 0.989526
vt 0.651134 0.989060
vt 0.043648 0.996063
vt 0.044257 0.996063
vt 0.995757 0.186303
vt 0.995148 0.186303
vt 0.127053 0.985912
vt 0.127383 0.985582
vt 0.127849 0.985582
vt 0.128178 0.985912
vt 0.128178 0.986378
vt 0.127849 0.986707
vt 0.127383 0.986707
vt 0.127053 0.986378
vt 0.995757 0.199900
vt 0.995148 0.199900
vt 0.995148 0.199470
vt 0.995757 0.199470
vt 0.050410 0.996062
vt 0.051019 0.996062
vt 0.051019 0.996493
vt 0.050410 0.996493
vt 0.051019 0.996923
vt 0.050410 0.996923
vt 0.995757 0.207345
vt 0.995148 0.207345
vt 0.995148 0.206914
vt 0.995757 0.206914
vt 0.995148 0.206484
vt 0.995757 0.206484
vt 0.057781 0.996923
vt 0.057172 0.996923
vt 0.057172 0.996493
vt 0.057781 0.996493
vt 0.986722 0.767951
vt 0.987052 0.768280
vt 0.987052 0.768746
vt 0.986722 0.769076
vt 0.986256 0.769076
vt 0.985927 0.768746
vt 0.985927 0.768280
vt 0.986256 0.767951
vt 0.057172 0.996063
vt 0.057781 0.996063
vt 0.995757 0.200331
vt 0.995148 0.200331
vt 0.986434 0.749520
vt 0.986764 0.749850
vt 0.986764 0.750316
vt 0.986434 0.750645
vt 0.985968 0.750645
vt 0.985639 0.750316
vt 0.985639 0.749850
vt 0.985968 0.749520
vt 0.995757 0.213928
vt 0.995148 0.213928
vt 0.995148 0.213498
vt 0.995757 0.213498
vt 0.063934 0.996062
vt 0.064542 0.996062
vt 0.064542 0.996493
vt 0.063934 0.996493
vt 0.064542 0.996923
vt 0.063934 0.996923
vt 0.995757 0.221373
vt 0.995148 0.221373
vt 0.995148 0.220943
vt 0.995757 0.220943
vt 0.995148 0.220512
vt 0.995757 0.220512
vt 0.071304 0.996923
vt 0.070696 0.996923
vt 0.070696 0.996493
vt 0.071304 0.996493
vt 0.237225 0.987468
vt 0.237225 0.987002
vt 0.237555 0.986672
vt 0.238021 0.986672
vt 0.238350 0.987002
vt 0.238350 0.987468
vt 0.238021 0.987797
vt 0.237555 0.987797
vt 0.070696 0.996062
vt 0.071304 0.996062
vt 0.995757 0.214359
vt 0.995148 0.214359
vt 0.985639 0.757128
vt 0.985968 0.756798
vt 0.986434 0.756798
vt 0.986764 0.757128
vt 0.986764 0.757594
vt 0.986434 0.757923
vt 0.985968 0.757923
vt 0.985639 0.757594
vt 0.995757 0.227957
vt 0.995148 0.227957
vt 0.995148 0.227526
vt 0.995757 0.227526
vt 0.995148 0.234540
vt 0.995757 0.234540
vt 0.995757 0.234971
vt 0.995148 0.234971
vt 0.995757 0.235401
vt 0.995148 0.235401
vt 0.995757 0.242415
vt 0.995148 0.242415
vt 0.995148 0.241985
vt 0.995757 0.241985
vt 0.995148 0.241554
vt 0.995757 0.241554
vt 0.995757 0.249429
vt 0.995148 0.249429
vt 0.995148 0.248999
vt 0.995757 0.248999
vt 0.776808 0.415263
vt 0.777137 0.415593
vt 0.777137 0.416058
vt 0.776808 0.416388
vt 0.776342 0.416388
vt 0.776012 0.416058
vt 0.776012 0.415593
vt 0.776342 0.415263
vt 0.995148 0.248568
vt 0.995757 0.248568
vt 0.995757 0.228387
vt 0.995148 0.228387
vt 0.742197 0.415206
vt 0.742197 0.415672
vt 0.741868 0.416002
vt 0.741402 0.416002
vt 0.741072 0.415672
vt 0.741072 0.415206
vt 0.741402 0.414877
vt 0.741868 0.414877
vt 0.995757 0.256013
vt 0.995148 0.256013
vt 0.995148 0.255582
vt 0.995757 0.255582
vt 0.995148 0.262596
vt 0.995757 0.262596
vt 0.995757 0.263027
vt 0.995148 0.263027
vt 0.995757 0.263457
vt 0.995148 0.263457
vt 0.995757 0.270471
vt 0.995148 0.270471
vt 0.995148 0.270041
vt 0.995757 0.270041
vt 0.995148 0.269611
vt 0.995757 0.269611
vt 0.995757 0.277486
vt 0.995148 0.277486
vt 0.995148 0.277055
vt 0.995757 0.277055
vt 0.956348 0.823432
vt 0.956348 0.822966
vt 0.956678 0.822637
vt 0.957144 0.822637
vt 0.957473 0.822966
vt 0.957473 0.823432
vt 0.957144 0.823761
vt 0.956678 0.823761
vt 0.995148 0.276625
vt 0.995757 0.276625
vt 0.995757 0.256443
vt 0.995148 0.256443
vt 0.985927 0.775558
vt 0.986256 0.775229
vt 0.986722 0.775229
vt 0.987052 0.775558
vt 0.987052 0.776024
vt 0.986722 0.776354
vt 0.986256 0.776354
vt 0.985927 0.776024
vt 0.995757 0.284069
vt 0.995148 0.284069
vt 0.995148 0.283639
vt 0.995757 0.283639
vt 0.995148 0.290653
vt 0.995757 0.290653
vt 0.995757 0.291083
vt 0.995148 0.291083
vt 0.995757 0.291514
vt 0.995148 0.291514
vt 0.995757 0.298528
vt 0.995148 0.298528
vt 0.995148 0.298097
vt 0.995757 0.298097
vt 0.995148 0.297667
vt 0.995757 0.297667
vt 0.995757 0.305542
vt 0.995148 0.305542
vt 0.995148 0.305111
vt 0.995757 0.305111
vt 0.963626 0.823432
vt 0.963626 0.822966
vt 0.963956 0.822637
vt 0.964422 0.822637
vt 0.964751 0.822966
vt 0.964751 0.823432
vt 0.964422 0.823761
vt 0.963956 0.823761
vt 0.995148 0.304681
vt 0.995757 0.304681
vt 0.995757 0.284500
vt 0.995148 0.284500
vt 0.986825 0.104499
vt 0.987155 0.104828
vt 0.987155 0.105294
vt 0.986825 0.105624
vt 0.986359 0.105624
vt 0.986030 0.105294
vt 0.986030 0.104828
vt 0.986359 0.104499
vt 0.995757 0.312125
vt 0.995148 0.312125
vt 0.995148 0.311695
vt 0.995757 0.311695
vt 0.995148 0.872820
vt 0.995757 0.872820
vt 0.995757 0.873250
vt 0.995148 0.873250
vt 0.995757 0.873681
vt 0.995148 0.873681
vt 0.995757 0.319570
vt 0.995148 0.319570
vt 0.995148 0.319139
vt 0.995757 0.319139
vt 0.995148 0.318709
vt 0.995757 0.318709
vt 0.995757 0.880695
vt 0.995148 0.880695
vt 0.995148 0.880264
vt 0.995757 0.880264
vt 0.222448 0.983805
vt 0.222448 0.983339
vt 0.222777 0.983009
vt 0.223243 0.983009
vt 0.223572 0.983339
vt 0.223572 0.983805
vt 0.223243 0.984134
vt 0.222777 0.984134
vt 0.995148 0.879834
vt 0.995757 0.879834
vt 0.995757 0.312556
vt 0.995148 0.312556
vt 0.984399 0.190541
vt 0.984399 0.191006
vt 0.984070 0.191336
vt 0.983604 0.191336
vt 0.983274 0.191006
vt 0.983274 0.190541
vt 0.983604 0.190211
vt 0.984070 0.190211
vt 0.995757 0.326153
vt 0.995148 0.326153
vt 0.995148 0.325723
vt 0.995757 0.325723
vt 0.995148 0.886848
vt 0.995757 0.886848
vt 0.995757 0.887278
vt 0.995148 0.887278
vt 0.995757 0.887709
vt 0.995148 0.887709
vt 0.995757 0.333598
vt 0.995148 0.333598
vt 0.995148 0.333168
vt 0.995757 0.333168
vt 0.995148 0.332737
vt 0.995757 0.332737
vt 0.995757 0.894723
vt 0.995148 0.894723
vt 0.995148 0.894292
vt 0.995757 0.894292
vt 0.986825 0.111777
vt 0.987155 0.112106
vt 0.987155 0.112572
vt 0.986825 0.112902
vt 0.986359 0.112902
vt 0.986030 0.112572
vt 0.986030 0.112106
vt 0.986359 0.111777
vt 0.995148 0.893862
vt 0.995757 0.893862
vt 0.995757 0.326584
vt 0.995148 0.326584
vt 0.668887 0.984546
vt 0.668887 0.985012
vt 0.668558 0.985342
vt 0.668092 0.985342
vt 0.667762 0.985012
vt 0.667762 0.984546
vt 0.668092 0.984217
vt 0.668558 0.984217
vt 0.995757 0.340182
vt 0.995148 0.340182
vt 0.995148 0.339751
vt 0.995757 0.339751
vt 0.077457 0.996063
vt 0.078066 0.996063
vt 0.078066 0.996493
vt 0.077457 0.996493
vt 0.078066 0.996923
vt 0.077457 0.996923
vt 0.995757 0.347626
vt 0.995148 0.347626
vt 0.995148 0.347196
vt 0.995757 0.347196
vt 0.995148 0.346765
vt 0.995757 0.346765
vt 0.084828 0.996923
vt 0.084219 0.996923
vt 0.084219 0.996493
vt 0.084828 0.996493
vt 0.986953 0.036004
vt 0.987283 0.035675
vt 0.987749 0.035675
vt 0.988078 0.036004
vt 0.988078 0.036470
vt 0.987749 0.036799
vt 0.987283 0.036799
vt 0.986953 0.036470
vt 0.084219 0.996063
vt 0.084828 0.996063
vt 0.995757 0.340612
vt 0.995148 0.340612
vt 0.101855 0.986692
vt 0.102321 0.986692
vt 0.102651 0.987021
vt 0.102651 0.987487
vt 0.102321 0.987817
vt 0.101855 0.987817
vt 0.101526 0.987487
vt 0.101526 0.987021
vt 0.995757 0.354210
vt 0.995148 0.354210
vt 0.995148 0.353779
vt 0.995757 0.353779
vt 0.090981 0.996062
vt 0.091590 0.996062
vt 0.091590 0.996493
vt 0.090981 0.996493
vt 0.091590 0.996923
vt 0.090981 0.996923
vt 0.995757 0.361654
vt 0.995148 0.361654
vt 0.995148 0.361224
vt 0.995757 0.361224
vt 0.995148 0.360793
vt 0.995757 0.360793
vt 0.098352 0.996923
vt 0.097743 0.996923
vt 0.097743 0.996493
vt 0.098352 0.996493
vt 0.523372 0.985418
vt 0.523372 0.984952
vt 0.523701 0.984623
vt 0.524167 0.984623
vt 0.524496 0.984952
vt 0.524496 0.985418
vt 0.524167 0.985748
vt 0.523701 0.985748
vt 0.097743 0.996063
vt 0.098352 0.996063
vt 0.995757 0.354640
vt 0.995148 0.354640
vt 0.531774 0.984952
vt 0.531774 0.985418
vt 0.531445 0.985748
vt 0.530979 0.985748
vt 0.530650 0.985418
vt 0.530650 0.984952
vt 0.530979 0.984623
vt 0.531445 0.984623
vt 0.995757 0.368238
vt 0.995148 0.368238
vt 0.995148 0.367807
vt 0.995757 0.367807
vt 0.104505 0.996062
vt 0.105114 0.996062
vt 0.105114 0.996493
vt 0.104505 0.996493
vt 0.105114 0.996923
vt 0.104505 0.996923
vt 0.995757 0.375682
vt 0.995148 0.375682
vt 0.995148 0.375252
vt 0.995757 0.375252
vt 0.995148 0.374821
vt 0.995757 0.374821
vt 0.111876 0.996923
vt 0.111267 0.996923
vt 0.111267 0.996493
vt 0.111876 0.996493
vt 0.050833 0.985440
vt 0.050833 0.984975
vt 0.051163 0.984645
vt 0.051628 0.984645
vt 0.051958 0.984975
vt 0.051958 0.985440
vt 0.051628 0.985770
vt 0.051163 0.985770
vt 0.111267 0.996063
vt 0.111876 0.996063
vt 0.995757 0.368668
vt 0.995148 0.368668
vt 0.854181 0.985144
vt 0.854181 0.985610
vt 0.853852 0.985939
vt 0.853386 0.985939
vt 0.853057 0.985610
vt 0.853057 0.985144
vt 0.853386 0.984815
vt 0.853852 0.984815
vt 0.995757 0.382266
vt 0.995148 0.382266
vt 0.995148 0.381835
vt 0.995757 0.381835
vt 0.118029 0.996062
vt 0.118638 0.996062
vt 0.118638 0.996493
vt 0.118029 0.996493
vt 0.118638 0.996923
vt 0.118029 0.996923
vt 0.995757 0.389710
vt 0.995148 0.389710
vt 0.995148 0.389280
vt 0.995757 0.389280
vt 0.995148 0.388850
vt 0.995757 0.388850
vt 0.125399 0.996923
vt 0.124791 0.996923
vt 0.124791 0.996493
vt 0.125399 0.996493
vt 0.986953 0.043748
vt 0.986953 0.043282
vt 0.987283 0.042953
vt 0.987749 0.042953
vt 0.988078 0.043282
vt 0.988078 0.043748
vt 0.987749 0.044078
vt 0.987283 0.044078
vt 0.124791 0.996062
vt 0.125399 0.996062
vt 0.995757 0.382696
vt 0.995148 0.382696
vt 0.252833 0.987098
vt 0.252833 0.987564
vt 0.252503 0.987894
vt 0.252038 0.987894
vt 0.251708 0.987564
vt 0.251708 0.987098
vt 0.252038 0.986769
vt 0.252503 0.986769
vt 0.995757 0.396294
vt 0.995148 0.396294
vt 0.995148 0.395864
vt 0.995757 0.395864
vt 0.995148 0.402878
vt 0.995757 0.402878
vt 0.995757 0.403308
vt 0.995148 0.403308
vt 0.995757 0.403739
vt 0.995148 0.403739
vt 0.995757 0.410753
vt 0.995148 0.410753
vt 0.995148 0.410322
vt 0.995757 0.410322
vt 0.995148 0.409892
vt 0.995757 0.409892
vt 0.995757 0.417767
vt 0.995148 0.417767
vt 0.995148 0.417336
vt 0.995757 0.417336
vt 0.748350 0.415672
vt 0.748350 0.415206
vt 0.748680 0.414877
vt 0.749146 0.414877
vt 0.749475 0.415206
vt 0.749475 0.415672
vt 0.749146 0.416002
vt 0.748680 0.416002
vt 0.995148 0.416906
vt 0.995757 0.416906
vt 0.995757 0.396725
vt 0.995148 0.396725
vt 0.986099 0.695520
vt 0.986099 0.695986
vt 0.985769 0.696316
vt 0.985303 0.696316
vt 0.984974 0.695986
vt 0.984974 0.695520
vt 0.985303 0.695191
vt 0.985769 0.695191
vt 0.995757 0.424350
vt 0.995148 0.424350
vt 0.995148 0.423920
vt 0.995757 0.423920
vt 0.995148 0.430934
vt 0.995757 0.430934
vt 0.995757 0.431364
vt 0.995148 0.431364
vt 0.995757 0.431795
vt 0.995148 0.431795
vt 0.995757 0.438809
vt 0.995148 0.438809
vt 0.995148 0.438378
vt 0.995757 0.438378
vt 0.995148 0.437948
vt 0.995757 0.437948
vt 0.995757 0.445823
vt 0.995148 0.445823
vt 0.995148 0.445392
vt 0.995757 0.445392
vt 0.986953 0.052303
vt 0.987283 0.051974
vt 0.987749 0.051974
vt 0.988078 0.052303
vt 0.988078 0.052769
vt 0.987749 0.053099
vt 0.987283 0.053099
vt 0.986953 0.052769
vt 0.995148 0.444962
vt 0.995757 0.444962
vt 0.995757 0.424781
vt 0.995148 0.424781
vt 0.712017 0.987109
vt 0.712017 0.987575
vt 0.711687 0.987905
vt 0.711221 0.987905
vt 0.710892 0.987575
vt 0.710892 0.987109
vt 0.711221 0.986780
vt 0.711687 0.986780
vt 0.995757 0.452406
vt 0.995148 0.452406
vt 0.995148 0.451976
vt 0.995757 0.451976
vt 0.995148 0.458990
vt 0.995757 0.458990
vt 0.995757 0.459421
vt 0.995148 0.459421
vt 0.995757 0.459851
vt 0.995148 0.459851
vt 0.995757 0.466865
vt 0.995148 0.466865
vt 0.995148 0.466435
vt 0.995757 0.466435
vt 0.995148 0.466004
vt 0.995757 0.466004
vt 0.995757 0.473879
vt 0.995148 0.473879
vt 0.995148 0.473449
vt 0.995757 0.473449
vt 0.987283 0.068273
vt 0.987749 0.068273
vt 0.988078 0.068602
vt 0.988078 0.069068
vt 0.987749 0.069398
vt 0.987283 0.069398
vt 0.986953 0.069068
vt 0.986953 0.068602
vt 0.995148 0.473018
vt 0.995757 0.473018
vt 0.995757 0.452837
vt 0.995148 0.452837
vt 0.631055 0.985509
vt 0.631055 0.985974
vt 0.630726 0.986304
vt 0.630260 0.986304
vt 0.629930 0.985974
vt 0.629930 0.985509
vt 0.630260 0.985179
vt 0.630726 0.985179
vt 0.995757 0.480463
vt 0.995148 0.480463
vt 0.995148 0.480032
vt 0.995757 0.480032
vt 0.995148 0.900876
vt 0.995757 0.900876
vt 0.995757 0.901306
vt 0.995148 0.901306
vt 0.995757 0.901737
vt 0.995148 0.901737
vt 0.995757 0.487907
vt 0.995148 0.487907
vt 0.995148 0.487477
vt 0.995757 0.487477
vt 0.995148 0.487046
vt 0.995757 0.487046
vt 0.995757 0.908751
vt 0.995148 0.908751
vt 0.995148 0.908320
vt 0.995757 0.908320
vt 0.986953 0.061790
vt 0.986953 0.061324
vt 0.987283 0.060995
vt 0.987749 0.060995
vt 0.988078 0.061324
vt 0.988078 0.061790
vt 0.987749 0.062120
vt 0.987283 0.062120
vt 0.995148 0.907890
vt 0.995757 0.907890
vt 0.995757 0.480893
vt 0.995148 0.480893
vt 0.861516 0.985563
vt 0.861516 0.986029
vt 0.861187 0.986358
vt 0.860721 0.986358
vt 0.860391 0.986029
vt 0.860391 0.985563
vt 0.860721 0.985234
vt 0.861187 0.985234
vt 0.995757 0.494491
vt 0.995148 0.494491
vt 0.995148 0.494060
vt 0.995757 0.494060
vt 0.995148 0.914904
vt 0.995757 0.914904
vt 0.995757 0.915334
vt 0.995148 0.915334
vt 0.995757 0.915765
vt 0.995148 0.915765
vt 0.995757 0.501935
vt 0.995148 0.501935
vt 0.995148 0.501505
vt 0.995757 0.501505
vt 0.995148 0.501074
vt 0.995757 0.501074
vt 0.995757 0.922779
vt 0.995148 0.922779
vt 0.995148 0.922348
vt 0.995757 0.922348
vt 0.299661 0.986324
vt 0.299990 0.986654
vt 0.299990 0.987120
vt 0.299661 0.987449
vt 0.299195 0.987449
vt 0.298866 0.987120
vt 0.298866 0.986654
vt 0.299195 0.986324
vt 0.995148 0.921918
vt 0.995757 0.921918
vt 0.995757 0.494921
vt 0.995148 0.494921
vt 0.867669 0.985563
vt 0.867999 0.985234
vt 0.868465 0.985233
vt 0.868794 0.985563
vt 0.868794 0.986029
vt 0.868465 0.986358
vt 0.867999 0.986358
vt 0.867669 0.986029
vt 0.995757 0.508519
vt 0.995148 0.508519
vt 0.995148 0.508089
vt 0.995757 0.508089
vt 0.131553 0.996063
vt 0.132161 0.996063
vt 0.132161 0.996493
vt 0.131553 0.996493
vt 0.132161 0.996923
vt 0.131553 0.996923
vt 0.995757 0.515963
vt 0.995148 0.515963
vt 0.995148 0.515533
vt 0.995757 0.515533
vt 0.995148 0.515103
vt 0.995757 0.515103
vt 0.138923 0.996923
vt 0.138315 0.996923
vt 0.138315 0.996493
vt 0.138923 0.996493
vt 0.986953 0.075880
vt 0.987283 0.075551
vt 0.987748 0.075551
vt 0.988078 0.075880
vt 0.988078 0.076346
vt 0.987748 0.076676
vt 0.987283 0.076676
vt 0.986953 0.076346
vt 0.138315 0.996063
vt 0.138923 0.996063
vt 0.995757 0.508949
vt 0.995148 0.508949
vt 0.876072 0.985563
vt 0.876072 0.986029
vt 0.875743 0.986358
vt 0.875277 0.986358
vt 0.874947 0.986029
vt 0.874947 0.985563
vt 0.875277 0.985234
vt 0.875743 0.985234
vt 0.995757 0.522547
vt 0.995148 0.522547
vt 0.995148 0.522117
vt 0.995757 0.522117
vt 0.145076 0.996062
vt 0.145685 0.996062
vt 0.145685 0.996493
vt 0.145076 0.996493
vt 0.145685 0.996923
vt 0.145076 0.996923
vt 0.995757 0.529992
vt 0.995148 0.529992
vt 0.995148 0.529561
vt 0.995757 0.529561
vt 0.995148 0.529131
vt 0.995757 0.529131
vt 0.152447 0.996923
vt 0.151838 0.996923
vt 0.151838 0.996493
vt 0.152447 0.996493
vt 0.064088 0.987550
vt 0.064418 0.987221
vt 0.064884 0.987221
vt 0.065213 0.987550
vt 0.065213 0.988016
vt 0.064884 0.988345
vt 0.064418 0.988345
vt 0.064088 0.988016
vt 0.151838 0.996063
vt 0.152447 0.996063
vt 0.995757 0.522978
vt 0.995148 0.522978
vt 0.306144 0.986654
vt 0.306473 0.986324
vt 0.306939 0.986324
vt 0.307269 0.986654
vt 0.307269 0.987120
vt 0.306939 0.987449
vt 0.306473 0.987449
vt 0.306144 0.987120
vt 0.995757 0.536575
vt 0.995148 0.536575
vt 0.995148 0.536145
vt 0.995757 0.536145
vt 0.158600 0.996062
vt 0.159209 0.996062
vt 0.159209 0.996493
vt 0.158600 0.996493
vt 0.159209 0.996923
vt 0.158600 0.996923
vt 0.995757 0.544020
vt 0.995148 0.544020
vt 0.995148 0.543589
vt 0.995757 0.543589
vt 0.995148 0.543159
vt 0.995757 0.543159
vt 0.165971 0.996923
vt 0.165362 0.996923
vt 0.165362 0.996493
vt 0.165971 0.996493
vt 0.512543 0.988494
vt 0.512872 0.988164
vt 0.513338 0.988164
vt 0.513668 0.988494
vt 0.513668 0.988960
vt 0.513338 0.989289
vt 0.512872 0.989289
vt 0.512543 0.988960
vt 0.165362 0.996063
vt 0.165971 0.996063
vt 0.995757 0.537006
vt 0.995148 0.537006
vt 0.174850 0.985705
vt 0.174850 0.986171
vt 0.174520 0.986501
vt 0.174054 0.986501
vt 0.173725 0.986171
vt 0.173725 0.985705
vt 0.174054 0.985376
vt 0.174520 0.985376
vt 0.995757 0.550603
vt 0.995148 0.550603
vt 0.995148 0.550173
vt 0.995757 0.550173
vt 0.172124 0.996062
vt 0.172733 0.996062
vt 0.172733 0.996493
vt 0.172124 0.996493
vt 0.172733 0.996923
vt 0.172124 0.996923
vt 0.995757 0.558048
vt 0.995148 0.558048
vt 0.995148 0.557617
vt 0.995757 0.557617
vt 0.995148 0.557187
vt 0.995757 0.557187
vt 0.179495 0.996923
vt 0.178886 0.996923
vt 0.178886 0.996493
vt 0.179495 0.996493
vt 0.898660 0.987302
vt 0.899126 0.987302
vt 0.899456 0.987631
vt 0.899456 0.988097
vt 0.899126 0.988427
vt 0.898660 0.988427
vt 0.898331 0.988097
vt 0.898331 0.987631
vt 0.178886 0.996062
vt 0.179495 0.996062
vt 0.995757 0.551034
vt 0.995148 0.551034
vt 0.987940 0.615775
vt 0.987940 0.616241
vt 0.987611 0.616571
vt 0.987145 0.616571
vt 0.986816 0.616241
vt 0.986816 0.615775
vt 0.987145 0.615446
vt 0.987611 0.615446
vt 0.995757 0.564631
vt 0.995148 0.564631
vt 0.995148 0.564201
vt 0.995757 0.564201
vt 0.995148 0.571215
vt 0.995757 0.571215
vt 0.995757 0.571645
vt 0.995148 0.571645
vt 0.995757 0.572076
vt 0.995148 0.572076
vt 0.995757 0.579090
vt 0.995148 0.579090
vt 0.995148 0.578660
vt 0.995757 0.578660
vt 0.995148 0.578229
vt 0.995757 0.578229
vt 0.995757 0.586104
vt 0.995148 0.586104
vt 0.995148 0.585674
vt 0.995757 0.585674
vt 0.986933 0.433986
vt 0.987263 0.433657
vt 0.987729 0.433657
vt 0.988058 0.433986
vt 0.988058 0.434452
vt 0.987729 0.434782
vt 0.987263 0.434782
vt 0.986933 0.434452
vt 0.995148 0.585243
vt 0.995757 0.585243
vt 0.995757 0.565062
vt 0.995148 0.565062
vt 0.695839 0.754723
vt 0.695839 0.755189
vt 0.695509 0.755518
vt 0.695043 0.755518
vt 0.694714 0.755189
vt 0.694714 0.754723
vt 0.695043 0.754393
vt 0.695509 0.754393
vt 0.995757 0.592688
vt 0.995148 0.592688
vt 0.995148 0.592257
vt 0.995757 0.592257
vt 0.995148 0.599271
vt 0.995757 0.599271
vt 0.995757 0.599702
vt 0.995148 0.599702
vt 0.995757 0.600132
vt 0.995148 0.600132
vt 0.995757 0.607146
vt 0.995148 0.607146
vt 0.995148 0.606716
vt 0.995757 0.606716
vt 0.995148 0.606285
vt 0.995757 0.606285
vt 0.995757 0.614160
vt 0.995148 0.614160
vt 0.995148 0.613730
vt 0.995757 0.613730
vt 0.987145 0.622724
vt 0.987611 0.622724
vt 0.987940 0.623053
vt 0.987940 0.623519
vt 0.987611 0.623849
vt 0.987145 0.623849
vt 0.986816 0.623519
vt 0.986816 0.623053
vt 0.995148 0.613299
vt 0.995757 0.613299
vt 0.995757 0.593118
vt 0.995148 0.593118
vt 0.784450 0.986669
vt 0.784779 0.986340
vt 0.785245 0.986340
vt 0.785574 0.986669
vt 0.785574 0.987135
vt 0.785245 0.987464
vt 0.784779 0.987464
vt 0.784450 0.987135
vt 0.995757 0.620744
vt 0.995148 0.620744
vt 0.995148 0.620314
vt 0.995757 0.620314
vt 0.995148 0.627328
vt 0.995757 0.627328
vt 0.995757 0.627758
vt 0.995148 0.627758
vt 0.995757 0.628188
vt 0.995148 0.628188
vt 0.995757 0.635202
vt 0.995148 0.635202
vt 0.995148 0.634772
vt 0.995757 0.634772
vt 0.995148 0.634342
vt 0.995757 0.634342
vt 0.995757 0.642217
vt 0.995148 0.642217
vt 0.995148 0.641786
vt 0.995757 0.641786
vt 0.793976 0.987354
vt 0.794442 0.987354
vt 0.794771 0.987684
vt 0.794771 0.988150
vt 0.794442 0.988479
vt 0.793976 0.988479
vt 0.793646 0.988150
vt 0.793646 0.987684
vt 0.995148 0.641356
vt 0.995757 0.641356
vt 0.995757 0.621174
vt 0.995148 0.621174
vt 0.184047 0.985705
vt 0.184047 0.986171
vt 0.183717 0.986501
vt 0.183251 0.986501
vt 0.182922 0.986171
vt 0.182922 0.985705
vt 0.183251 0.985376
vt 0.183717 0.985376
vt 0.995757 0.648800
vt 0.995148 0.648800
vt 0.995148 0.648370
vt 0.995757 0.648370
vt 0.995148 0.928932
vt 0.995757 0.928932
vt 0.995757 0.929363
vt 0.995148 0.929363
vt 0.995757 0.929793
vt 0.995148 0.929793
vt 0.995757 0.656245
vt 0.995148 0.656245
vt 0.995148 0.655814
vt 0.995757 0.655814
vt 0.995148 0.655384
vt 0.995757 0.655384
vt 0.995757 0.936807
vt 0.995148 0.936807
vt 0.995148 0.936377
vt 0.995757 0.936377
vt 0.986933 0.418153
vt 0.986933 0.417687
vt 0.987263 0.417358
vt 0.987729 0.417358
vt 0.988058 0.417687
vt 0.988058 0.418153
vt 0.987729 0.418483
vt 0.987263 0.418483
vt 0.995148 0.935946
vt 0.995757 0.935946
vt 0.995757 0.649231
vt 0.995148 0.649231
vt 0.141522 0.987703
vt 0.141988 0.987703
vt 0.142317 0.988033
vt 0.142317 0.988499
vt 0.141988 0.988828
vt 0.141522 0.988828
vt 0.141192 0.988499
vt 0.141192 0.988033
vt 0.995757 0.662828
vt 0.995148 0.662828
vt 0.995148 0.662398
vt 0.995757 0.662398
vt 0.995148 0.942960
vt 0.995757 0.942960
vt 0.995757 0.943391
vt 0.995148 0.943391
vt 0.995757 0.943821
vt 0.995148 0.943821
vt 0.995757 0.670273
vt 0.995148 0.670273
vt 0.995148 0.669842
vt 0.995757 0.669842
vt 0.995148 0.669412
vt 0.995757 0.669412
vt 0.995757 0.950835
vt 0.995148 0.950835
vt 0.995148 0.950405
vt 0.995757 0.950405
vt 0.987226 0.930249
vt 0.987556 0.930578
vt 0.987556 0.931044
vt 0.987226 0.931374
vt 0.986760 0.931374
vt 0.986431 0.931044
vt 0.986431 0.930578
vt 0.986760 0.930249
vt 0.995148 0.949974
vt 0.995757 0.949974
vt 0.995757 0.663259
vt 0.995148 0.663259
vt 0.644651 0.988730
vt 0.644980 0.989060
vt 0.644980 0.989526
vt 0.644651 0.989855
vt 0.644185 0.989855
vt 0.643855 0.989526
vt 0.643855 0.989060
vt 0.644185 0.988730
vt 0.995757 0.676856
vt 0.995148 0.676856
vt 0.995148 0.676426
vt 0.995757 0.676426
vt 0.185648 0.996063
vt 0.186256 0.996063
vt 0.186256 0.996493
vt 0.185648 0.996493
vt 0.186256 0.996923
vt 0.185648 0.996923
vt 0.995757 0.684301
vt 0.995148 0.684301
vt 0.995148 0.683870
vt 0.995757 0.683870
vt 0.995148 0.683440
vt 0.995757 0.683440
vt 0.193018 0.996923
vt 0.192410 0.996923
vt 0.192410 0.996493
vt 0.193018 0.996493
vt 0.149212 0.988033
vt 0.149541 0.987704
vt 0.150007 0.987704
vt 0.150337 0.988033
vt 0.150337 0.988499
vt 0.150007 0.988828
vt 0.149541 0.988828
vt 0.149212 0.988499
vt 0.192410 0.996063
vt 0.193018 0.996063
vt 0.995757 0.677287
vt 0.995148 0.677287
vt 0.449087 0.987750
vt 0.449417 0.988080
vt 0.449417 0.988546
vt 0.449087 0.988875
vt 0.448621 0.988875
vt 0.448292 0.988546
vt 0.448292 0.988080
vt 0.448621 0.987750
vt 0.995757 0.690885
vt 0.995148 0.690885
vt 0.995148 0.690454
vt 0.995757 0.690454
vt 0.199172 0.996062
vt 0.199780 0.996062
vt 0.199780 0.996493
vt 0.199172 0.996493
vt 0.199780 0.996923
vt 0.199172 0.996923
vt 0.995757 0.698329
vt 0.995148 0.698329
vt 0.995148 0.697899
vt 0.995757 0.697899
vt 0.995148 0.697468
vt 0.995757 0.697468
vt 0.206542 0.996923
vt 0.205933 0.996923
vt 0.205933 0.996493
vt 0.206542 0.996493
vt 0.455570 0.988080
vt 0.455899 0.987750
vt 0.456365 0.987750
vt 0.456695 0.988080
vt 0.456695 0.988545
vt 0.456365 0.988875
vt 0.455899 0.988875
vt 0.455570 0.988546
vt 0.205933 0.996063
vt 0.206542 0.996063
vt 0.995757 0.691315
vt 0.995148 0.691315
vt 0.988200 0.542716
vt 0.988666 0.542716
vt 0.988995 0.543045
vt 0.988995 0.543511
vt 0.988666 0.543841
vt 0.988200 0.543841
vt 0.987870 0.543511
vt 0.987870 0.543045
vt 0.995757 0.704913
vt 0.995148 0.704913
vt 0.995148 0.704482
vt 0.995757 0.704482
vt 0.212695 0.996062
vt 0.213304 0.996062
vt 0.213304 0.996493
vt 0.212695 0.996493
vt 0.213304 0.996923
vt 0.212695 0.996923
vt 0.995757 0.712357
vt 0.995148 0.712357
vt 0.995148 0.711927
vt 0.995757 0.711927
vt 0.995148 0.711496
vt 0.995757 0.711496
vt 0.220066 0.996923
vt 0.219457 0.996923
vt 0.219457 0.996493
vt 0.220066 0.996493
vt 0.711787 0.415263
vt 0.712116 0.415593
vt 0.712116 0.416058
vt 0.711787 0.416388
vt 0.711321 0.416388
vt 0.710992 0.416058
vt 0.710992 0.415593
vt 0.711321 0.415263
vt 0.219457 0.996063
vt 0.220066 0.996063
vt 0.995757 0.705343
vt 0.995148 0.705343
vt 0.988058 0.424965
vt 0.988058 0.425431
vt 0.987729 0.425761
vt 0.987263 0.425761
vt 0.986933 0.425431
vt 0.986933 0.424965
vt 0.987263 0.424636
vt 0.987729 0.424636
vt 0.995757 0.718941
vt 0.995148 0.718941
vt 0.995148 0.718510
vt 0.995757 0.718510
vt 0.226219 0.996062
vt 0.226828 0.996062
vt 0.226828 0.996493
vt 0.226219 0.996493
vt 0.226828 0.996923
vt 0.226219 0.996923
vt 0.995757 0.726385
vt 0.995148 0.726385
vt 0.995148 0.725955
vt 0.995757 0.725955
vt 0.995148 0.725524
vt 0.995757 0.725524
vt 0.233590 0.996923
vt 0.232981 0.996923
vt 0.232981 0.996493
vt 0.233590 0.996493
vt 0.959550 0.989580
vt 0.959550 0.989114
vt 0.959880 0.988785
vt 0.960346 0.988785
vt 0.960675 0.989114
vt 0.960675 0.989580
vt 0.960346 0.989910
vt 0.959880 0.989910
vt 0.232981 0.996062
vt 0.233590 0.996062
vt 0.995757 0.719371
vt 0.995148 0.719371
vt 0.986431 0.937856
vt 0.986760 0.937527
vt 0.987226 0.937527
vt 0.987556 0.937856
vt 0.987556 0.938322
vt 0.987226 0.938652
vt 0.986760 0.938652
vt 0.986431 0.938322
vt 0.995757 0.732969
vt 0.995148 0.732969
vt 0.995148 0.732538
vt 0.995757 0.732538
vt 0.995148 0.739552
vt 0.995757 0.739552
vt 0.995757 0.739983
vt 0.995148 0.739983
vt 0.995757 0.740413
vt 0.995148 0.740413
vt 0.995757 0.747427
vt 0.995148 0.747427
vt 0.995148 0.746997
vt 0.995757 0.746997
vt 0.995148 0.746567
vt 0.995757 0.746567
vt 0.995757 0.754441
vt 0.995148 0.754441
vt 0.995148 0.754011
vt 0.995757 0.754011
vt 0.755628 0.415206
vt 0.755958 0.414877
vt 0.756424 0.414877
vt 0.756753 0.415206
vt 0.756753 0.415672
vt 0.756424 0.416002
vt 0.755958 0.416002
vt 0.755628 0.415672
vt 0.995148 0.753581
vt 0.995757 0.753581
vt 0.995757 0.733399
vt 0.995148 0.733399
vt 0.764031 0.415206
vt 0.764031 0.415672
vt 0.763702 0.416002
vt 0.763236 0.416002
vt 0.762906 0.415672
vt 0.762906 0.415206
vt 0.763236 0.414877
vt 0.763702 0.414877
vt 0.995757 0.761025
vt 0.995148 0.761025
vt 0.995148 0.760595
vt 0.995757 0.760595
vt 0.995148 0.767609
vt 0.995757 0.767609
vt 0.995757 0.768039
vt 0.995148 0.768039
vt 0.995757 0.768470
vt 0.995148 0.768470
vt 0.995757 0.775484
vt 0.995148 0.775484
vt 0.995148 0.775053
vt 0.995757 0.775053
vt 0.995148 0.774623
vt 0.995757 0.774623
vt 0.995757 0.782498
vt 0.995148 0.782498
vt 0.995148 0.782067
vt 0.995757 0.782067
vt 0.987870 0.550323
vt 0.988200 0.549994
vt 0.988666 0.549994
vt 0.988995 0.550323
vt 0.988995 0.550789
vt 0.988666 0.551119
vt 0.988200 0.551119
vt 0.987870 0.550789
vt 0.995148 0.781637
vt 0.995757 0.781637
vt 0.995757 0.761456
vt 0.995148 0.761456
vt 0.985817 0.094904
vt 0.986283 0.094904
vt 0.986613 0.095234
vt 0.986613 0.095700
vt 0.986283 0.096029
vt 0.985817 0.096029
vt 0.985488 0.095700
vt 0.985488 0.095234
vt 0.995757 0.789081
vt 0.995148 0.789081
vt 0.995148 0.788651
vt 0.995757 0.788651
vt 0.995148 0.795665
vt 0.995757 0.795665
vt 0.995757 0.796095
vt 0.995148 0.796095
vt 0.995757 0.796526
vt 0.995148 0.796526
vt 0.995757 0.803540
vt 0.995148 0.803540
vt 0.995148 0.803109
vt 0.995757 0.803109
vt 0.995148 0.802679
vt 0.995757 0.802679
vt 0.995757 0.810554
vt 0.995148 0.810554
vt 0.995148 0.810124
vt 0.995757 0.810124
vt 0.318643 0.987873
vt 0.319109 0.987873
vt 0.319438 0.988203
vt 0.319438 0.988669
vt 0.319109 0.988998
vt 0.318643 0.988998
vt 0.318313 0.988669
vt 0.318313 0.988203
vt 0.995148 0.809693
vt 0.995757 0.809693
vt 0.995757 0.789512
vt 0.995148 0.789512
vt 0.348236 0.985866
vt 0.348236 0.986332
vt 0.347907 0.986661
vt 0.347441 0.986661
vt 0.347111 0.986332
vt 0.347111 0.985866
vt 0.347441 0.985537
vt 0.347907 0.985537
vt 0.804014 0.908468
vt 0.803710 0.908468
vt 0.803723 0.908177
vt 0.804014 0.908165
vt 0.803487 0.908468
vt 0.803566 0.908177
vt 0.183115 0.646043
vt 0.183419 0.646043
vt 0.183406 0.646334
vt 0.183115 0.646347
vt 0.838323 0.501311
vt 0.838546 0.501311
vt 0.838559 0.501602
vt 0.838402 0.501602
vt 0.838850 0.501311
vt 0.838850 0.501615
vt 0.838850 0.501838
vt 0.838559 0.501759
vt 0.183115 0.568123
vt 0.183115 0.567819
vt 0.183406 0.567831
vt 0.183419 0.568123
vt 0.183115 0.567595
vt 0.183406 0.567674
vt 0.949890 0.552106
vt 0.949890 0.552410
vt 0.949599 0.552397
vt 0.949586 0.552106
vt 0.838850 0.422863
vt 0.838850 0.423086
vt 0.838559 0.423099
vt 0.838559 0.422942
vt 0.838850 0.423390
vt 0.838546 0.423390
vt 0.183642 0.568122
vt 0.183563 0.567831
vt 0.804623 0.908468
vt 0.804623 0.908165
vt 0.804914 0.908177
vt 0.804927 0.908468
vt 0.839459 0.501838
vt 0.839459 0.501615
vt 0.839750 0.501602
vt 0.839750 0.501759
vt 0.839459 0.501311
vt 0.839763 0.501311
vt 0.217707 0.645821
vt 0.217930 0.645821
vt 0.217943 0.646112
vt 0.217786 0.646112
vt 0.218234 0.645820
vt 0.218234 0.646125
vt 0.218234 0.646349
vt 0.217943 0.646270
vt 0.950499 0.552106
vt 0.950803 0.552106
vt 0.950790 0.552397
vt 0.950499 0.552410
vt 0.951026 0.552106
vt 0.950947 0.552397
vt 0.218234 0.567900
vt 0.217930 0.567900
vt 0.217943 0.567609
vt 0.218234 0.567596
vt 0.839986 0.423390
vt 0.839763 0.423390
vt 0.839750 0.423099
vt 0.839907 0.423099
vt 0.839459 0.423390
vt 0.839459 0.423086
vt 0.839459 0.422863
vt 0.839750 0.422942
vt 0.804014 0.949864
vt 0.804014 0.950168
vt 0.803723 0.950155
vt 0.803710 0.949864
vt 0.804014 0.950391
vt 0.803723 0.950312
vt 0.644992 0.905251
vt 0.645296 0.905251
vt 0.645283 0.905542
vt 0.644992 0.905555
vt 0.645519 0.905251
vt 0.645440 0.905542
vt 0.141720 0.646043
vt 0.141720 0.646347
vt 0.141429 0.646334
vt 0.141416 0.646043
vt 0.803487 0.949864
vt 0.803566 0.950155
vt 0.949890 0.510711
vt 0.949586 0.510711
vt 0.949599 0.510420
vt 0.949890 0.510407
vt 0.141720 0.567595
vt 0.141720 0.567819
vt 0.141429 0.567831
vt 0.141429 0.567674
vt 0.141720 0.568123
vt 0.141416 0.568123
vt 0.141192 0.568122
vt 0.141271 0.567831
vt 0.644992 0.827331
vt 0.644992 0.827027
vt 0.645283 0.827040
vt 0.645296 0.827331
vt 0.949890 0.510183
vt 0.949599 0.510262
vt 0.804623 0.949864
vt 0.804927 0.949864
vt 0.804914 0.950155
vt 0.804623 0.950168
vt 0.259630 0.646349
vt 0.259630 0.646125
vt 0.259921 0.646112
vt 0.259921 0.646270
vt 0.259630 0.645820
vt 0.259934 0.645821
vt 0.260157 0.645821
vt 0.260078 0.646112
vt 0.644383 0.905251
vt 0.644383 0.905555
vt 0.644092 0.905542
vt 0.644079 0.905251
vt 0.804623 0.950391
vt 0.804914 0.950312
vt 0.950499 0.510711
vt 0.950499 0.510407
vt 0.950790 0.510420
vt 0.950803 0.510711
vt 0.950499 0.510183
vt 0.950790 0.510262
vt 0.644383 0.827331
vt 0.644079 0.827331
vt 0.644092 0.827040
vt 0.644383 0.827027
vt 0.643856 0.827331
vt 0.643935 0.827040
vt 0.259630 0.567900
vt 0.259630 0.567596
vt 0.259921 0.567609
vt 0.259934 0.567900
vt 0.951026 0.510711
vt 0.950947 0.510420
vt 0.838323 0.423390
vt 0.839986 0.501311
vt 0.643856 0.905251
vt 0.644992 0.905779
vt 0.644383 0.905779
vt 0.644383 0.826803
vt 0.644992 0.826803
vt 0.645519 0.827331
vt 0.950114 0.567370
vt 0.949810 0.567370
vt 0.949822 0.567079
vt 0.950114 0.567066
vt 0.949586 0.567370
vt 0.949665 0.567079
vt 0.565294 0.679382
vt 0.565598 0.679382
vt 0.565585 0.679673
vt 0.565294 0.679686
vt 0.907828 0.081525
vt 0.908051 0.081525
vt 0.908064 0.081816
vt 0.907907 0.081816
vt 0.908355 0.081525
vt 0.908355 0.081829
vt 0.908355 0.082052
vt 0.908064 0.081973
vt 0.565294 0.601462
vt 0.565294 0.601157
vt 0.565585 0.601170
vt 0.565598 0.601461
vt 0.565294 0.600933
vt 0.565585 0.601012
vt 0.950606 0.296749
vt 0.950606 0.297053
vt 0.950315 0.297040
vt 0.950302 0.296749
vt 0.908355 0.003077
vt 0.908355 0.003300
vt 0.908064 0.003313
vt 0.908064 0.003156
vt 0.908355 0.003604
vt 0.908051 0.003604
vt 0.565822 0.601461
vt 0.565743 0.601170
vt 0.950722 0.567370
vt 0.950722 0.567066
vt 0.951013 0.567079
vt 0.951026 0.567370
vt 0.908964 0.082052
vt 0.908964 0.081829
vt 0.909255 0.081816
vt 0.909255 0.081973
vt 0.908964 0.081525
vt 0.909268 0.081525
vt 0.652421 0.503503
vt 0.652645 0.503502
vt 0.652658 0.503793
vt 0.652500 0.503794
vt 0.652949 0.503502
vt 0.652949 0.503806
vt 0.652949 0.504030
vt 0.652658 0.503951
vt 0.951215 0.296749
vt 0.951519 0.296749
vt 0.951506 0.297040
vt 0.951215 0.297053
vt 0.951742 0.296749
vt 0.951663 0.297040
vt 0.652949 0.425582
vt 0.652645 0.425582
vt 0.652658 0.425291
vt 0.652949 0.425278
vt 0.909492 0.003604
vt 0.909268 0.003604
vt 0.909255 0.003313
vt 0.909413 0.003313
vt 0.908964 0.003604
vt 0.908964 0.003300
vt 0.908964 0.003077
vt 0.909255 0.003156
vt 0.950114 0.608765
vt 0.950114 0.609069
vt 0.949822 0.609056
vt 0.949810 0.608765
vt 0.950114 0.609293
vt 0.949822 0.609214
vt 0.908964 0.166653
vt 0.909268 0.166653
vt 0.909255 0.166944
vt 0.908964 0.166957
vt 0.909492 0.166653
vt 0.909413 0.166944
vt 0.523899 0.679382
vt 0.523899 0.679686
vt 0.523608 0.679673
vt 0.523595 0.679382
vt 0.949586 0.608765
vt 0.949665 0.609056
vt 0.950606 0.255354
vt 0.950302 0.255354
vt 0.950315 0.255063
vt 0.950606 0.255050
vt 0.523899 0.600933
vt 0.523899 0.601157
vt 0.523608 0.601170
vt 0.523608 0.601012
vt 0.523899 0.601462
vt 0.523595 0.601461
vt 0.523372 0.601461
vt 0.523451 0.601170
vt 0.908964 0.088733
vt 0.908964 0.088429
vt 0.909255 0.088441
vt 0.909268 0.088733
vt 0.950606 0.254826
vt 0.950315 0.254905
vt 0.950722 0.608765
vt 0.951026 0.608765
vt 0.951013 0.609056
vt 0.950722 0.609069
vt 0.694344 0.504030
vt 0.694344 0.503806
vt 0.694635 0.503793
vt 0.694635 0.503951
vt 0.694344 0.503502
vt 0.694648 0.503502
vt 0.694872 0.503503
vt 0.694793 0.503794
vt 0.908355 0.166653
vt 0.908355 0.166957
vt 0.908064 0.166944
vt 0.908051 0.166653
vt 0.950722 0.609293
vt 0.951013 0.609214
vt 0.951215 0.255354
vt 0.951215 0.255050
vt 0.951506 0.255063
vt 0.951519 0.255354
vt 0.951215 0.254826
vt 0.951506 0.254905
vt 0.908355 0.088733
vt 0.908051 0.088733
vt 0.908064 0.088441
vt 0.908355 0.088429
vt 0.907828 0.088733
vt 0.907907 0.088441
vt 0.694344 0.425582
vt 0.694344 0.425278
vt 0.694635 0.425291
vt 0.694648 0.425582
vt 0.951742 0.255354
vt 0.951663 0.255063
vt 0.907828 0.003604
vt 0.909492 0.081525
vt 0.907828 0.166653
vt 0.908964 0.167181
vt 0.908355 0.167181
vt 0.908355 0.088205
vt 0.908964 0.088205
vt 0.909492 0.088733
vt 0.174252 0.719833
vt 0.173948 0.719833
vt 0.173961 0.719542
vt 0.174252 0.719529
vt 0.173725 0.719833
vt 0.173804 0.719542
vt 0.915783 0.460433
vt 0.915783 0.460129
vt 0.916074 0.460141
vt 0.916087 0.460433
vt 0.349972 0.946785
vt 0.349972 0.946562
vt 0.350264 0.946549
vt 0.350264 0.946706
vt 0.349972 0.946258
vt 0.350276 0.946258
vt 0.350500 0.946258
vt 0.350421 0.946549
vt 0.913450 0.460433
vt 0.913145 0.460433
vt 0.913158 0.460141
vt 0.913449 0.460129
vt 0.912921 0.460433
vt 0.913000 0.460141
vt 0.218011 0.759424
vt 0.218011 0.759728
vt 0.217720 0.759715
vt 0.217707 0.759424
vt 0.347111 0.946258
vt 0.347335 0.946258
vt 0.347348 0.946549
vt 0.347190 0.946549
vt 0.347639 0.946258
vt 0.347639 0.946562
vt 0.913449 0.459905
vt 0.913158 0.459984
vt 0.209560 0.719833
vt 0.209560 0.719529
vt 0.209851 0.719542
vt 0.209864 0.719833
vt 0.350500 0.910950
vt 0.350276 0.910950
vt 0.350264 0.910659
vt 0.350421 0.910659
vt 0.349972 0.910950
vt 0.349972 0.910646
vt 0.755037 0.893691
vt 0.755038 0.893914
vt 0.754746 0.893927
vt 0.754746 0.893770
vt 0.755038 0.894218
vt 0.754734 0.894218
vt 0.754510 0.894218
vt 0.754588 0.893927
vt 0.253319 0.759424
vt 0.253623 0.759424
vt 0.253610 0.759715
vt 0.253319 0.759728
vt 0.253846 0.759424
vt 0.253767 0.759715
vt 0.757371 0.894218
vt 0.757371 0.893914
vt 0.757662 0.893927
vt 0.757675 0.894218
vt 0.347639 0.910423
vt 0.347639 0.910646
vt 0.347348 0.910659
vt 0.347348 0.910502
vt 0.347639 0.910950
vt 0.347335 0.910950
vt 0.347111 0.910950
vt 0.347190 0.910659
vt 0.174252 0.759199
vt 0.174252 0.759503
vt 0.173961 0.759490
vt 0.173948 0.759199
vt 0.174252 0.759726
vt 0.173961 0.759647
vt 0.359514 0.910950
vt 0.359514 0.910646
vt 0.359805 0.910659
vt 0.359818 0.910950
vt 0.359514 0.910423
vt 0.359805 0.910502
vt 0.915783 0.499799
vt 0.916087 0.499799
vt 0.916074 0.500090
vt 0.915783 0.500103
vt 0.173725 0.759199
vt 0.173804 0.759490
vt 0.218011 0.720058
vt 0.217707 0.720058
vt 0.217720 0.719767
vt 0.218011 0.719754
vt 0.912921 0.499799
vt 0.913145 0.499799
vt 0.913158 0.500090
vt 0.913000 0.500090
vt 0.913450 0.499799
vt 0.913449 0.500103
vt 0.913449 0.500326
vt 0.913158 0.500247
vt 0.357180 0.910950
vt 0.356876 0.910950
vt 0.356889 0.910659
vt 0.357180 0.910646
vt 0.218011 0.719530
vt 0.217720 0.719609
vt 0.209560 0.759199
vt 0.209864 0.759199
vt 0.209851 0.759490
vt 0.209560 0.759503
vt 0.754510 0.933584
vt 0.754734 0.933584
vt 0.754746 0.933875
vt 0.754588 0.933875
vt 0.755038 0.933584
vt 0.755038 0.933888
vt 0.755037 0.934112
vt 0.754746 0.934033
vt 0.359514 0.946258
vt 0.359818 0.946258
vt 0.359805 0.946549
vt 0.359514 0.946562
vt 0.209560 0.759726
vt 0.209851 0.759647
vt 0.253319 0.720058
vt 0.253319 0.719754
vt 0.253610 0.719767
vt 0.253623 0.720058
vt 0.253319 0.719530
vt 0.253610 0.719609
vt 0.357180 0.946258
vt 0.357180 0.946562
vt 0.356889 0.946549
vt 0.356876 0.946258
vt 0.357180 0.946785
vt 0.356889 0.946706
vt 0.757371 0.933584
vt 0.757675 0.933584
vt 0.757662 0.933875
vt 0.757371 0.933888
vt 0.253846 0.720058
vt 0.253767 0.719767
vt 0.915782 0.459905
vt 0.757370 0.893691
vt 0.757370 0.934112
vt 0.360041 0.910950
vt 0.360041 0.946258
vt 0.356653 0.946258
vt 0.356653 0.910950
vt 0.915782 0.500326
vt 0.347639 0.728396
vt 0.347335 0.728396
vt 0.347348 0.728104
vt 0.347639 0.728092
vt 0.347111 0.728396
vt 0.347190 0.728104
vt 0.556737 0.896584
vt 0.556737 0.896280
vt 0.557028 0.896293
vt 0.557041 0.896584
vt 0.129914 0.946831
vt 0.129914 0.946608
vt 0.130206 0.946595
vt 0.130206 0.946752
vt 0.129914 0.946304
vt 0.130218 0.946304
vt 0.130442 0.946304
vt 0.130363 0.946595
vt 0.554403 0.896584
vt 0.554099 0.896584
vt 0.554112 0.896293
vt 0.554403 0.896280
vt 0.553875 0.896584
vt 0.553954 0.896293
vt 0.652726 0.769425
vt 0.652726 0.769729
vt 0.652434 0.769717
vt 0.652421 0.769425
vt 0.127053 0.946304
vt 0.127277 0.946304
vt 0.127290 0.946595
vt 0.127132 0.946595
vt 0.127581 0.946304
vt 0.127581 0.946608
vt 0.554402 0.896056
vt 0.554111 0.896135
vt 0.382947 0.728396
vt 0.382947 0.728092
vt 0.383238 0.728104
vt 0.383251 0.728396
vt 0.130442 0.910996
vt 0.130218 0.910996
vt 0.130206 0.910705
vt 0.130363 0.910705
vt 0.129914 0.910996
vt 0.129914 0.910692
vt 0.935778 0.646270
vt 0.935779 0.646493
vt 0.935487 0.646506
vt 0.935487 0.646349
vt 0.935779 0.646797
vt 0.935475 0.646797
vt 0.935251 0.646797
vt 0.935330 0.646506
vt 0.688033 0.769425
vt 0.688337 0.769425
vt 0.688324 0.769717
vt 0.688033 0.769729
vt 0.688561 0.769425
vt 0.688482 0.769717
vt 0.938113 0.646797
vt 0.938112 0.646493
vt 0.938403 0.646506
vt 0.938416 0.646797
vt 0.127581 0.910469
vt 0.127581 0.910692
vt 0.127290 0.910705
vt 0.127290 0.910548
vt 0.127581 0.910996
vt 0.127277 0.910996
vt 0.127053 0.910996
vt 0.127132 0.910705
vt 0.347639 0.767762
vt 0.347639 0.768066
vt 0.347348 0.768053
vt 0.347335 0.767762
vt 0.347639 0.768289
vt 0.347348 0.768210
vt 0.099411 0.911254
vt 0.099411 0.910950
vt 0.099702 0.910963
vt 0.099715 0.911254
vt 0.099411 0.910726
vt 0.099702 0.910805
vt 0.556737 0.935950
vt 0.557041 0.935950
vt 0.557028 0.936241
vt 0.556737 0.936254
vt 0.347111 0.767762
vt 0.347190 0.768053
vt 0.652726 0.730059
vt 0.652421 0.730059
vt 0.652434 0.729768
vt 0.652726 0.729755
vt 0.553875 0.935950
vt 0.554099 0.935950
vt 0.554112 0.936241
vt 0.553954 0.936241
vt 0.554403 0.935950
vt 0.554403 0.936254
vt 0.554402 0.936477
vt 0.554111 0.936398
vt 0.097078 0.911254
vt 0.096774 0.911254
vt 0.096786 0.910963
vt 0.097078 0.910950
vt 0.652726 0.729532
vt 0.652434 0.729611
vt 0.382947 0.767762
vt 0.383251 0.767762
vt 0.383238 0.768053
vt 0.382947 0.768066
vt 0.935251 0.686163
vt 0.935475 0.686163
vt 0.935487 0.686454
vt 0.935330 0.686454
vt 0.935779 0.686163
vt 0.935779 0.686467
vt 0.935778 0.686691
vt 0.935487 0.686612
vt 0.099411 0.946561
vt 0.099715 0.946561
vt 0.099702 0.946853
vt 0.099411 0.946865
vt 0.382947 0.768289
vt 0.383238 0.768210
vt 0.688033 0.730059
vt 0.688033 0.729755
vt 0.688324 0.729768
vt 0.688337 0.730059
vt 0.688033 0.729532
vt 0.688324 0.729611
vt 0.097078 0.946561
vt 0.097078 0.946865
vt 0.096786 0.946853
vt 0.096774 0.946561
vt 0.097078 0.947089
vt 0.096786 0.947010
vt 0.938113 0.686163
vt 0.938416 0.686163
vt 0.938403 0.686454
vt 0.938112 0.686467
vt 0.688561 0.730059
vt 0.688482 0.729768
vt 0.556736 0.896056
vt 0.938112 0.646270
vt 0.938112 0.686691
vt 0.099939 0.911254
vt 0.099939 0.946561
vt 0.096550 0.946561
vt 0.096550 0.911254
vt 0.556736 0.936477
vt 0.734247 0.368830
vt 0.733943 0.368830
vt 0.733956 0.368539
vt 0.734247 0.368526
vt 0.733720 0.368830
vt 0.733799 0.368539
vt 0.943845 0.255354
vt 0.943845 0.255050
vt 0.944136 0.255063
vt 0.944149 0.255354
vt 0.636505 0.940340
vt 0.636505 0.940117
vt 0.636796 0.940104
vt 0.636796 0.940261
vt 0.636505 0.939813
vt 0.636809 0.939813
vt 0.637032 0.939813
vt 0.636953 0.940104
vt 0.941512 0.255354
vt 0.941208 0.255354
vt 0.941220 0.255063
vt 0.941512 0.255050
vt 0.940983 0.255354
vt 0.941062 0.255063
vt 0.096854 0.769954
vt 0.096854 0.770258
vt 0.096563 0.770245
vt 0.096550 0.769954
vt 0.633644 0.939813
vt 0.633868 0.939813
vt 0.633880 0.940104
vt 0.633723 0.940104
vt 0.634171 0.939813
vt 0.634171 0.940117
vt 0.941511 0.254826
vt 0.941220 0.254905
vt 0.769555 0.368830
vt 0.769555 0.368526
vt 0.769846 0.368539
vt 0.769859 0.368830
vt 0.637032 0.904505
vt 0.636809 0.904505
vt 0.636796 0.904214
vt 0.636953 0.904214
vt 0.636505 0.904505
vt 0.636505 0.904201
vt 0.337758 0.944224
vt 0.337757 0.944001
vt 0.338049 0.943988
vt 0.338049 0.944146
vt 0.337757 0.943697
vt 0.338061 0.943697
vt 0.338285 0.943697
vt 0.338206 0.943988
vt 0.132162 0.769954
vt 0.132466 0.769954
vt 0.132453 0.770245
vt 0.132162 0.770258
vt 0.132689 0.769954
vt 0.132610 0.770245
vt 0.335423 0.943697
vt 0.335424 0.944001
vt 0.335133 0.943988
vt 0.335120 0.943697
vt 0.634171 0.903978
vt 0.634171 0.904201
vt 0.633880 0.904214
vt 0.633880 0.904057
vt 0.634171 0.904505
vt 0.633868 0.904505
vt 0.633644 0.904505
vt 0.633723 0.904214
vt 0.734247 0.408196
vt 0.734247 0.408500
vt 0.733956 0.408488
vt 0.733943 0.408196
vt 0.734247 0.408724
vt 0.733956 0.408645
vt 0.666502 0.909123
vt 0.666502 0.908819
vt 0.666793 0.908832
vt 0.666806 0.909123
vt 0.666502 0.908596
vt 0.666793 0.908675
vt 0.943845 0.294720
vt 0.944149 0.294720
vt 0.944136 0.295011
vt 0.943845 0.295024
vt 0.733720 0.408196
vt 0.733799 0.408488
vt 0.096854 0.730588
vt 0.096550 0.730588
vt 0.096563 0.730297
vt 0.096854 0.730284
vt 0.940983 0.294720
vt 0.941208 0.294720
vt 0.941220 0.295011
vt 0.941062 0.295011
vt 0.941512 0.294720
vt 0.941512 0.295024
vt 0.941511 0.295247
vt 0.941220 0.295168
vt 0.664168 0.909123
vt 0.663864 0.909123
vt 0.663877 0.908832
vt 0.664168 0.908819
vt 0.096854 0.730061
vt 0.096563 0.730140
vt 0.769555 0.408196
vt 0.769859 0.408196
vt 0.769846 0.408488
vt 0.769555 0.408500
vt 0.338285 0.904331
vt 0.338061 0.904331
vt 0.338049 0.904040
vt 0.338206 0.904040
vt 0.337757 0.904331
vt 0.337757 0.904027
vt 0.337758 0.903803
vt 0.338049 0.903882
vt 0.666502 0.944431
vt 0.666806 0.944431
vt 0.666793 0.944722
vt 0.666502 0.944735
vt 0.769555 0.408724
vt 0.769846 0.408645
vt 0.132162 0.730588
vt 0.132162 0.730284
vt 0.132453 0.730297
vt 0.132466 0.730588
vt 0.132162 0.730061
vt 0.132453 0.730140
vt 0.664168 0.944431
vt 0.664168 0.944735
vt 0.663877 0.944722
vt 0.663864 0.944431
vt 0.664168 0.944958
vt 0.663877 0.944879
vt 0.335423 0.904331
vt 0.335120 0.904331
vt 0.335133 0.904040
vt 0.335424 0.904027
vt 0.132689 0.730588
vt 0.132610 0.730297
vt 0.943844 0.254826
vt 0.335424 0.944224
vt 0.335424 0.903803
vt 0.667029 0.909123
vt 0.667029 0.944431
vt 0.663641 0.944431
vt 0.663641 0.909123
vt 0.943844 0.295247
vt 0.986959 0.236600
vt 0.983915 0.236600
vt 0.983915 0.231527
vt 0.986959 0.231527
vt 0.980800 0.062120
vt 0.977756 0.062120
vt 0.977756 0.051974
vt 0.980800 0.051974
vt 0.986959 0.247826
vt 0.983915 0.247826
vt 0.983915 0.242753
vt 0.986959 0.242753
vt 0.980800 0.078419
vt 0.977756 0.078419
vt 0.977756 0.068273
vt 0.980800 0.068273
vt 0.927313 0.490180
vt 0.927313 0.500326
vt 0.922240 0.500326
vt 0.922240 0.490180
vt 0.929098 0.683875
vt 0.929098 0.694021
vt 0.924025 0.694021
vt 0.924025 0.683875
vt 0.864821 0.663959
vt 0.862284 0.663959
vt 0.862284 0.654828
vt 0.864821 0.654828
vt 0.864279 0.191566
vt 0.861742 0.191566
vt 0.861742 0.185479
vt 0.864279 0.185479
vt 0.976797 0.296556
vt 0.974260 0.296556
vt 0.974260 0.287425
vt 0.976797 0.287425
vt 0.690590 0.984202
vt 0.688053 0.984202
vt 0.688053 0.978114
vt 0.690590 0.978114
vt 0.972689 0.410321
vt 0.966602 0.410321
vt 0.966602 0.401190
vt 0.972689 0.401190
vt 0.560977 0.974148
vt 0.554890 0.974148
vt 0.554890 0.965017
vt 0.560977 0.965017
vt 0.584001 0.789103
vt 0.583596 0.789103
vt 0.583613 0.788715
vt 0.584001 0.788698
vt 0.583298 0.789103
vt 0.583403 0.788715
vt 0.657083 0.909299
vt 0.657082 0.908894
vt 0.657470 0.908911
vt 0.657488 0.909299
vt 0.945186 0.930249
vt 0.945186 0.930547
vt 0.944798 0.930564
vt 0.944798 0.930354
vt 0.945186 0.930952
vt 0.944781 0.930952
vt 0.944483 0.930952
vt 0.944588 0.930564
vt 0.653126 0.909299
vt 0.652720 0.909299
vt 0.652737 0.908911
vt 0.653126 0.908894
vt 0.652421 0.909299
vt 0.652527 0.908911
vt 0.616236 0.820245
vt 0.616236 0.820650
vt 0.615848 0.820633
vt 0.615831 0.820245
vt 0.949846 0.930952
vt 0.949548 0.930952
vt 0.949531 0.930564
vt 0.949741 0.930564
vt 0.949143 0.930952
vt 0.949143 0.930547
vt 0.653125 0.908596
vt 0.652737 0.908701
vt 0.606728 0.789103
vt 0.606728 0.788698
vt 0.607116 0.788715
vt 0.607134 0.789103
vt 0.944483 0.953679
vt 0.944781 0.953679
vt 0.944798 0.954067
vt 0.944588 0.954067
vt 0.945186 0.953679
vt 0.945186 0.954084
vt 0.796995 0.753534
vt 0.796994 0.753236
vt 0.797383 0.753219
vt 0.797383 0.753429
vt 0.796994 0.752831
vt 0.797399 0.752831
vt 0.797698 0.752831
vt 0.797593 0.753219
vt 0.638963 0.820245
vt 0.639368 0.820245
vt 0.639351 0.820633
vt 0.638963 0.820650
vt 0.639666 0.820245
vt 0.639561 0.820633
vt 0.793037 0.752831
vt 0.793037 0.753236
vt 0.792649 0.753219
vt 0.792632 0.752831
vt 0.949143 0.954382
vt 0.949143 0.954084
vt 0.949531 0.954067
vt 0.949531 0.954277
vt 0.949143 0.953679
vt 0.949548 0.953679
vt 0.949846 0.953679
vt 0.949741 0.954067
vt 0.584001 0.819947
vt 0.584001 0.820352
vt 0.583613 0.820335
vt 0.583596 0.819947
vt 0.584001 0.820650
vt 0.583613 0.820545
vt 0.951230 0.772983
vt 0.951234 0.773388
vt 0.950845 0.773374
vt 0.950825 0.772986
vt 0.951236 0.773686
vt 0.950847 0.773584
vt 0.657083 0.940143
vt 0.657488 0.940143
vt 0.657470 0.940531
vt 0.657082 0.940548
vt 0.583298 0.819947
vt 0.583403 0.820335
vt 0.950636 0.773376
vt 0.616236 0.789401
vt 0.615831 0.789401
vt 0.615848 0.789013
vt 0.616236 0.788996
vt 0.652421 0.940143
vt 0.652720 0.940143
vt 0.652737 0.940531
vt 0.652527 0.940531
vt 0.653126 0.940143
vt 0.653126 0.940548
vt 0.653125 0.940846
vt 0.652737 0.940740
vt 0.955187 0.772950
vt 0.955592 0.772946
vt 0.955578 0.773335
vt 0.955190 0.773355
vt 0.616236 0.788698
vt 0.615848 0.788803
vt 0.606728 0.819947
vt 0.607134 0.819947
vt 0.607116 0.820335
vt 0.606728 0.820352
vt 0.797698 0.721987
vt 0.797399 0.721987
vt 0.797383 0.721599
vt 0.797593 0.721599
vt 0.796994 0.721987
vt 0.796994 0.721582
vt 0.796995 0.721284
vt 0.797383 0.721389
vt 0.951041 0.750256
vt 0.950636 0.750260
vt 0.950650 0.749872
vt 0.951038 0.749851
vt 0.606728 0.820650
vt 0.607116 0.820545
vt 0.638963 0.789401
vt 0.638963 0.788996
vt 0.639351 0.789013
vt 0.639368 0.789401
vt 0.638963 0.788698
vt 0.639351 0.788803
vt 0.954998 0.750224
vt 0.954994 0.749818
vt 0.955383 0.749832
vt 0.955403 0.750220
vt 0.954992 0.749520
vt 0.955381 0.749622
vt 0.793037 0.721987
vt 0.792632 0.721987
vt 0.792649 0.721599
vt 0.793037 0.721582
vt 0.639666 0.789401
vt 0.639561 0.789013
vt 0.955592 0.749830
vt 0.949143 0.930249
vt 0.945186 0.954382
vt 0.793038 0.721284
vt 0.657082 0.940846
vt 0.243710 0.960162
vt 0.243710 0.954074
vt 0.245232 0.954074
vt 0.245232 0.960162
vt 0.133141 0.904315
vt 0.127053 0.904315
vt 0.127053 0.863732
vt 0.133141 0.863732
vt 0.385281 0.982938
vt 0.385281 0.976850
vt 0.386803 0.976850
vt 0.386803 0.982938
vt 0.906768 0.500489
vt 0.900681 0.500489
vt 0.900681 0.459905
vt 0.906768 0.459905
vt 0.952157 0.702784
vt 0.952157 0.743367
vt 0.950636 0.743367
vt 0.950636 0.702784
vt 0.645377 0.911932
vt 0.645377 0.952516
vt 0.643856 0.952516
vt 0.643856 0.911932
vt 0.504040 0.983081
vt 0.504040 0.976994
vt 0.505562 0.976994
vt 0.505562 0.983081
vt 0.223794 0.914374
vt 0.217707 0.914374
vt 0.217707 0.873790
vt 0.223794 0.873790
vt 0.984060 0.516271
vt 0.984060 0.510183
vt 0.985582 0.510183
vt 0.985582 0.516271
vt 0.383702 0.916551
vt 0.377615 0.916551
vt 0.377615 0.875967
vt 0.383702 0.875967
vt 0.953375 0.873366
vt 0.953375 0.913950
vt 0.951853 0.913950
vt 0.951853 0.873366
vt 0.953462 0.635961
vt 0.953462 0.676545
vt 0.951940 0.676545
vt 0.951940 0.635961
s 0
usemtl exp_west
f 1/1/1 2/2/1 4/3/1 3/4/1
f 3/5/2 4/6/2 8/7/2 7/8/2
f 7/9/3 8/10/3 6/11/3 5/12/3
f 5/13/4 6/14/4 2/15/4 1/16/4
f 3/17/5 7/18/5 5/19/5 1/20/5
f 8/21/6 4/22/6 2/23/6 6/24/6
f 9/25/1 10/26/1 12/27/1 11/28/1
f 11/29/2 12/30/2 16/31/2 15/32/2
f 15/33/3 16/34/3 14/35/3 13/36/3
f 13/37/4 14/38/4 10/39/4 9/40/4
f 11/41/5 15/42/5 13/43/5 9/44/5
f 16/45/6 12/46/6 10/47/6 14/48/6
f 17/49/4 18/50/4 20/51/4 19/52/4
f 19/53/1 20/54/1 24/55/1 23/56/1
f 23/57/2 24/58/2 22/59/2 21/60/2
f 21/61/3 22/62/3 18/63/3 17/64/3
f 19/65/5 23/66/5 21/67/5 17/68/5
f 24/69/6 20/70/6 18/71/6 22/72/6
f 25/73/4 26/74/4 28/75/4 27/76/4
f 27/77/1 28/78/1 32/79/1 31/80/1
f 31/81/2 32/82/2 30/83/2 29/84/2
f 29/85/3 30/86/3 26/87/3 25/88/3
f 27/89/5 31/90/5 29/91/5 25/92/5
f 32/93/6 28/94/6 26/95/6 30/96/6
f 33/97/4 34/98/4 36/99/4 35/100/4
f 35/101/1 36/102/1 40/103/1 39/104/1
f 39/105/2 40/106/2 38/107/2 37/108/2
f 37/109/3 38/110/3 34/111/3 33/112/3
f 35/113/5 39/114/5 37/115/5 33/116/5
f 40/117/6 36/118/6 34/119/6 38/120/6
f 41/121/4 42/122/4 44/123/4 43/124/4
f 43/125/1 44/126/1 48/127/1 47/128/1
f 47/129/2 48/130/2 46/131/2 45/132/2
f 45/133/3 46/134/3 42/135/3 41/136/3
f 43/137/5 47/138/5 45/139/5 41/140/5
f 48/141/6 44/142/6 42/143/6 46/144/6
f 49/145/4 50/146/4 52/147/4 51/148/4
f 51/149/1 52/150/1 56/151/1 55/152/1
f 55/153/2 56/154/2 54/155/2 53/156/2
f 53/157/3 54/158/3 50/159/3 49/160/3
f 51/161/5 55/162/5 53/163/5 49/164/5
f 56/165/6 52/166/6 50/167/6 54/168/6
f 57/169/4 58/170/4 60/171/4 59/172/4
f 59/173/1 60/174/1 64/175/1 63/176/1
f 63/177/2 64/178/2 62/179/2 61/180/2
f 61/181/3 62/182/3 58/183/3 57/184/3
f 59/185/5 63/186/5 61/187/5 57/188/5
f 64/189/6 60/190/6 58/191/6 62/192/6
f 65/193/4 66/194/4 68/195/4 67/196/4
f 67/197/1 68/198/1 72/199/1 71/200/1
f 71/201/2 72/202/2 70/203/2 69/204/2
f 69/205/3 70/206/3 66/207/3 65/208/3
f 67/209/5 71/210/5 69/211/5 65/212/5
f 72/213/6 68/214/6 66/215/6 70/216/6
f 73/217/4 74/218/4 76/219/4 75/220/4
f 75/221/1 76/222/1 80/223/1 79/224/1
f 79/225/2 80/226/2 78/227/2 77/228/2
f 77/229/3 78/230/3 74/231/3 73/232/3
f 75/233/5 79/234/5 77/235/5 73/236/5
f 80/237/6 76/238/6 74/239/6 78/240/6
f 81/241/4 82/242/4 84/243/4 83/244/4
f 83/245/1 84/246/1 88/247/1 87/248/1
f 87/249/2 88/250/2 86/251/2 85/252/2
f 85/253/3 86/254/3 82/255/3 81/256/3
f 83/257/5 87/258/5 85/259/5 81/260/5
f 88/261/6 84/262/6 82/263/6 86/264/6
f 89/265/4 90/266/4 92/267/4 91/268/4
f 91/269/1 92/270/1 96/271/1 95/272/1
f 95/273/2 96/274/2 94/275/2 93/276/2
f 93/277/3 94/278/3 90/279/3 89/280/3
f 91/281/5 95/282/5 93/283/5 89/284/5
f 96/285/6 92/286/6 90/287/6 94/288/6
f 97/289/4 98/290/4 100/291/4 99/292/4
f 99/293/1 100/294/1 104/295/1 103/296/1
f 103/297/2 104/298/2 102/299/2 101/300/2
f 101/301/3 102/302/3 98/303/3 97/304/3
f 99/305/5 103/306/5 101/307/5 97/308/5
f 104/309/6 100/310/6 98/311/6 102/312/6
f 105/313/4 106/314/4 108/315/4 107/316/4
f 107/317/1 108/318/1 112/319/1 111/320/1
f 111/321/2 112/322/2 110/323/2 109/324/2
f 109/325/3 110/326/3 106/327/3 105/328/3
f 107/329/5 111/330/5 109/331/5 105/332/5
f 112/333/6 108/334/6 106/335/6 110/336/6
f 113/337/4 114/338/4 116/339/4 115/340/4
f 115/341/1 116/342/1 120/343/1 119/344/1
f 119/345/2 120/346/2 118/347/2 117/348/2
f 117/349/3 118/350/3 114/351/3 113/352/3
f 115/353/5 119/354/5 117/355/5 113/356/5
f 120/357/6 116/358/6 114/359/6 118/360/6
f 121/361/4 122/362/4 124/363/4 123/364/4
f 123/365/1 124/366/1 128/367/1 127/368/1
f 127/369/2 128/370/2 126/371/2 125/372/2
f 125/373/3 126/374/3 122/375/3 121/376/3
f 123/377/5 127/378/5 125/379/5 121/380/5
f 128/381/6 124/382/6 122/383/6 126/384/6
f 129/385/4 130/386/4 132/387/4 131/388/4
f 131/389/1 132/390/1 136/391/1 135/392/1
f 135/393/2 136/394/2 134/395/2 133/396/2
f 133/397/3 134/398/3 130/399/3 129/400/3
f 131/401/5 135/402/5 133/403/5 129/404/5
f 136/405/6 132/406/6 130/407/6 134/408/6
f 137/409/4 138/410/4 140/411/4 139/412/4
f 139/413/1 140/414/1 144/415/1 143/416/1
f 143/417/2 144/418/2 142/419/2 141/420/2
f 141/421/3 142/422/3 138/423/3 137/424/3
f 139/425/5 143/426/5 141/427/5 137/428/5
f 144/429/6 140/430/6 138/431/6 142/432/6
f 145/433/4 146/434/4 148/435/4 147/436/4
f 147/437/1 148/438/1 152/439/1 151/440/1
f 151/441/2 152/442/2 150/443/2 149/444/2
f 149/445/3 150/446/3 146/447/3 145/448/3
f 147/449/5 151/450/5 149/451/5 145/452/5
f 152/453/6 148/454/6 146/455/6 150/456/6
f 153/457/4 154/458/4 156/459/4 155/460/4
f 155/461/1 156/462/1 160/463/1 159/464/1
f 159/465/2 160/466/2 158/467/2 157/468/2
f 157/469/3 158/470/3 154/471/3 153/472/3
f 155/473/5 159/474/5 157/475/5 153/476/5
f 160/477/6 156/478/6 154/479/6 158/480/6
f 161/481/4 162/482/4 164/483/4 163/484/4
f 163/485/1 164/486/1 168/487/1 167/488/1
f 167/489/2 168/490/2 166/491/2 165/492/2
f 165/493/3 166/494/3 162/495/3 161/496/3
f 163/497/5 167/498/5 165/499/5 161/500/5
f 168/501/6 164/502/6 162/503/6 166/504/6
f 169/505/4 170/506/4 172/507/4 171/508/4
f 171/509/1 172/510/1 176/511/1 175/512/1
f 175/513/2 176/514/2 174/515/2 173/516/2
f 173/517/3 174/518/3 170/519/3 169/520/3
f 171/521/5 175/522/5 173/523/5 169/524/5
f 176/525/6 172/526/6 170/527/6 174/528/6
f 177/529/4 178/530/4 180/531/4 179/532/4
f 179/533/1 180/534/1 184/535/1 183/536/1
f 183/537/2 184/538/2 182/539/2 181/540/2
f 181/541/3 182/542/3 178/543/3 177/544/3
f 179/545/5 183/546/5 181/547/5 177/548/5
f 184/549/6 180/550/6 178/551/6 182/552/6
f 185/553/4 186/554/4 188/555/4 187/556/4
f 187/557/1 188/558/1 192/559/1 191/560/1
f 191/561/2 192/562/2 190/563/2 189/564/2
f 189/565/3 190/566/3 186/567/3 185/568/3
f 187/569/5 191/570/5 189/571/5 185/572/5
f 192/573/6 188/574/6 186/575/6 190/576/6
f 193/577/4 194/578/4 196/579/4 195/580/4
f 195/581/1 196/582/1 200/583/1 199/584/1
f 199/585/2 200/586/2 198/587/2 197/588/2
f 197/589/3 198/590/3 194/591/3 193/592/3
f 195/593/5 199/594/5 197/595/5 193/596/5
f 200/597/6 196/598/6 194/599/6 198/600/6
f 201/601/4 202/602/4 204/603/4 203/604/4
f 203/605/1 204/606/1 208/607/1 207/608/1
f 207/609/2 208/610/2 206/611/2 205/612/2
f 205/613/3 206/614/3 202/615/3 201/616/3
f 203/617/5 207/618/5 205/619/5 201/620/5
f 208/621/6 204/622/6 202/623/6 206/624/6
f 209/625/7 210/626/7 212/627/7 211/628/7
f 211/628/8 212/627/8 214/629/8 213/630/8
f 213/631/9 214/632/9 216/633/9 215/634/9
f 215/634/10 216/633/10 218/635/10 217/636/10
f 217/636/11 218/635/11 220/637/11 219/638/11
f 219/638/12 220/637/12 222/639/12 221/640/12
f 221/641/13 222/642/13 224/643/13 223/644/13
f 223/644/14 224/643/14 226/645/14 225/646/14
f 225/646/15 226/645/15 228/647/15 227/648/15
f 227/648/16 228/647/16 230/649/16 229/650/16
f 229/651/17 230/652/17 232/653/17 231/654/17
f 231/654/18 232/653/18 234/655/18 233/656/18
f 233/656/19 234/655/19 236/657/19 235/658/19
f 235/658/20 236/657/20 238/659/20 237/660/20
f 212/661/2 210/662/2 240/663/2 238/664/2 236/665/2 234/666/2 232/667/2 230/668/2 228/669/2 226/670/2 224/671/2 222/672/2 220/673/2 218/674/2 216/675/2 214/676/2
f 237/677/21 238/678/21 240/679/21 239/680/21
f 239/680/22 240/679/22 210/626/22 209/625/22
f 209/681/4 211/682/4 213/683/4 215/684/4 217/685/4 219/686/4 221/687/4 223/688/4 225/689/4 227/690/4 229/691/4 231/692/4 233/693/4 235/694/4 237/695/4 239/696/4
f 241/697/7 242/698/7 244/699/7 243/700/7
f 243/700/8 244/699/8 246/701/8 245/702/8
f 245/703/9 246/704/9 248/705/9 247/706/9
f 247/706/10 248/705/10 250/707/10 249/708/10
f 249/708/11 250/707/11 252/709/11 251/710/11
f 251/710/12 252/709/12 254/711/12 253/712/12
f 253/713/13 254/714/13 256/715/13 255/716/13
f 255/716/14 256/715/14 258/717/14 257/718/14
f 257/718/15 258/717/15 260/719/15 259/720/15
f 259/720/16 260/719/16 262/721/16 261/722/16
f 261/723/17 262/724/17 264/725/17 263/726/17
f 263/726/18 264/725/18 266/727/18 265/728/18
f 265/728/19 266/727/19 268/729/19 267/730/19
f 267/730/20 268/729/20 270/731/20 269/732/20
f 244/733/2 242/734/2 272/735/2 270/736/2 268/737/2 266/738/2 264/739/2 262/740/2 260/741/2 258/742/2 256/743/2 254/744/2 252/745/2 250/746/2 248/747/2 246/748/2
f 269/749/21 270/750/21 272/751/21 271/752/21
f 271/752/22 272/751/22 242/698/22 241/697/22
f 241/753/4 243/754/4 245/755/4 247/756/4 249/757/4 251/758/4 253/759/4 255/760/4 257/761/4 259/762/4 261/763/4 263/764/4 265/765/4 267/766/4 269/767/4 271/768/4
f 273/769/7 274/770/7 276/771/7 275/772/7
f 275/772/8 276/771/8 278/773/8 277/774/8
f 277/775/9 278/776/9 280/777/9 279/778/9
f 279/778/10 280/777/10 282/779/10 281/780/10
f 281/780/11 282/779/11 284/781/11 283/782/11
f 283/782/12 284/781/12 286/783/12 285/784/12
f 285/785/13 286/786/13 288/787/13 287/788/13
f 287/788/14 288/787/14 290/789/14 289/790/14
f 289/790/15 290/789/15 292/791/15 291/792/15
f 291/792/16 292/791/16 294/793/16 293/794/16
f 293/795/17 294/796/17 296/797/17 295/798/17
f 295/798/18 296/797/18 298/799/18 297/800/18
f 297/800/19 298/799/19 300/801/19 299/802/19
f 299/802/20 300/801/20 302/803/20 301/804/20
f 276/805/2 274/806/2 304/807/2 302/808/2 300/809/2 298/810/2 296/811/2 294/812/2 292/813/2 290/814/2 288/815/2 286/816/2 284/817/2 282/818/2 280/819/2 278/820/2
f 301/821/21 302/822/21 304/823/21 303/824/21
f 303/824/22 304/823/22 274/770/22 273/769/22
f 273/825/4 275/826/4 277/827/4 279/828/4 281/829/4 283/830/4 285/831/4 287/832/4 289/833/4 291/834/4 293/835/4 295/836/4 297/837/4 299/838/4 301/839/4 303/840/4
f 305/841/7 306/842/7 308/843/7 307/844/7
f 307/844/8 308/843/8 310/845/8 309/846/8
f 309/847/9 310/848/9 312/849/9 311/850/9
f 311/850/10 312/849/10 314/851/10 313/852/10
f 313/852/11 314/851/11 316/853/11 315/854/11
f 315/854/12 316/853/12 318/855/12 317/856/12
f 317/857/13 318/858/13 320/859/13 319/860/13
f 319/860/14 320/859/14 322/861/14 321/862/14
f 321/862/15 322/861/15 324/863/15 323/864/15
f 323/864/16 324/863/16 326/865/16 325/866/16
f 325/867/17 326/868/17 328/869/17 327/870/17
f 327/870/18 328/869/18 330/871/18 329/872/18
f 329/872/19 330/871/19 332/873/19 331/874/19
f 331/874/20 332/873/20 334/875/20 333/876/20
f 308/877/2 306/878/2 336/879/2 334/880/2 332/881/2 330/882/2 328/883/2 326/884/2 324/885/2 322/886/2 320/887/2 318/888/2 316/889/2 314/890/2 312/891/2 310/892/2
f 333/893/21 334/894/21 336/895/21 335/896/21
f 335/896/22 336/895/22 306/842/22 305/841/22
f 305/897/4 307/898/4 309/899/4 311/900/4 313/901/4 315/902/4 317/903/4 319/904/4 321/905/4 323/906/4 325/907/4 327/908/4 329/909/4 331/910/4 333/911/4 335/912/4
f 337/913/4 338/914/4 340/915/4 339/916/4
f 339/917/1 340/918/1 344/919/1 343/920/1
f 343/921/2 344/922/2 342/923/2 341/924/2
f 341/925/3 342/926/3 338/927/3 337/928/3
f 339/929/5 343/930/5 341/931/5 337/932/5
f 344/933/6 340/934/6 338/935/6 342/936/6
f 345/937/4 346/938/4 348/939/4 347/940/4
f 347/941/1 348/942/1 352/943/1 351/944/1
f 351/945/2 352/946/2 350/947/2 349/948/2
f 349/949/3 350/950/3 346/951/3 345/952/3
f 347/953/5 351/954/5 349/955/5 345/956/5
f 352/957/6 348/958/6 346/959/6 350/960/6
f 353/961/4 354/962/4 356/963/4 355/964/4
f 355/965/1 356/966/1 360/967/1 359/968/1
f 359/969/2 360/970/2 358/971/2 357/972/2
f 357/973/3 358/974/3 354/975/3 353/976/3
f 355/977/5 359/978/5 357/979/5 353/980/5
f 360/981/6 356/982/6 354/983/6 358/984/6
f 361/985/4 362/986/4 364/987/4 363/988/4
f 363/989/1 364/990/1 368/991/1 367/992/1
f 367/993/2 368/994/2 366/995/2 365/996/2
f 365/997/3 366/998/3 362/999/3 361/1000/3
f 363/1001/5 367/1002/5 365/1003/5 361/1004/5
f 368/1005/6 364/1006/6 362/1007/6 366/1008/6
f 369/1009/4 370/1010/4 372/1011/4 371/1012/4
f 371/1013/1 372/1014/1 376/1015/1 375/1016/1
f 375/1017/2 376/1018/2 374/1019/2 373/1020/2
f 373/1021/3 374/1022/3 370/1023/3 369/1024/3
f 371/1025/5 375/1026/5 373/1027/5 369/1028/5
f 376/1029/6 372/1030/6 370/1031/6 374/1032/6
f 377/1033/4 378/1034/4 380/1035/4 379/1036/4
f 379/1037/1 380/1038/1 384/1039/1 383/1040/1
f 383/1041/2 384/1042/2 382/1043/2 381/1044/2
f 381/1045/3 382/1046/3 378/1047/3 377/1048/3
f 379/1049/5 383/1050/5 381/1051/5 377/1052/5
f 384/1053/6 380/1054/6 378/1055/6 382/1056/6
f 385/1057/4 386/1058/4 388/1059/4 387/1060/4
f 387/1061/1 388/1062/1 392/1063/1 391/1064/1
f 391/1065/2 392/1066/2 390/1067/2 389/1068/2
f 389/1069/3 390/1070/3 386/1071/3 385/1072/3
f 387/1073/5 391/1074/5 389/1075/5 385/1076/5
f 392/1077/6 388/1078/6 386/1079/6 390/1080/6
f 393/1081/4 394/1082/4 396/1083/4 395/1084/4
f 395/1085/1 396/1086/1 400/1087/1 399/1088/1
f 399/1089/2 400/1090/2 398/1091/2 397/1092/2
f 397/1093/3 398/1094/3 394/1095/3 393/1096/3
f 395/1097/5 399/1098/5 397/1099/5 393/1100/5
f 400/1101/6 396/1102/6 394/1103/6 398/1104/6
f 401/1105/4 402/1106/4 404/1107/4 403/1108/4
f 403/1109/1 404/1110/1 408/1111/1 407/1112/1
f 407/1113/2 408/1114/2 406/1115/2 405/1116/2
f 405/1117/3 406/1118/3 402/1119/3 401/1120/3
f 403/1121/5 407/1122/5 405/1123/5 401/1124/5
f 408/1125/6 404/1126/6 402/1127/6 406/1128/6
f 409/1129/1 410/1130/1 412/1131/1 411/1132/1
f 411/1133/2 412/1134/2 416/1135/2 415/1136/2
f 415/1137/3 416/1138/3 414/1139/3 413/1140/3
f 413/1141/4 414/1142/4 410/1143/4 409/1144/4
f 411/1145/5 415/1146/5 413/1147/5 409/1148/5
f 416/1149/6 412/1150/6 410/1151/6 414/1152/6
f 417/1153/1 418/1154/1 420/1155/1 419/1156/1
f 419/1157/2 420/1158/2 424/1159/2 423/1160/2
f 423/1161/3 424/1162/3 422/1163/3 421/1164/3
f 421/1165/4 422/1166/4 418/1167/4 417/1168/4
f 419/1169/5 423/1170/5 421/1171/5 417/1172/5
f 424/1173/6 420/1174/6 418/1175/6 422/1176/6
f 425/1177/1 426/1178/1 428/1179/1 427/1180/1
f 427/1181/2 428/1182/2 432/1183/2 431/1184/2
f 431/1185/3 432/1186/3 430/1187/3 429/1188/3
f 429/1189/4 430/1190/4 426/1191/4 425/1192/4
f 427/1193/5 431/1194/5 429/1195/5 425/1196/5
f 432/1197/6 428/1198/6 426/1199/6 430/1200/6
f 433/1201/1 434/1202/1 436/1203/1 435/1204/1
f 435/1205/2 436/1206/2 440/1207/2 439/1208/2
f 439/1209/3 440/1210/3 438/1211/3 437/1212/3
f 437/1213/4 438/1214/4 434/1215/4 433/1216/4
f 435/1217/5 439/1218/5 437/1219/5 433/1220/5
f 440/1221/6 436/1222/6 434/1223/6 438/1224/6
f 441/1225/4 442/1226/4 444/1227/4 443/1228/4
f 443/1229/1 444/1230/1 448/1231/1 447/1232/1
f 447/1233/2 448/1234/2 446/1235/2 445/1236/2
f 445/1237/3 446/1238/3 442/1239/3 441/1240/3
f 443/1241/5 447/1242/5 445/1243/5 441/1244/5
f 448/1245/6 444/1246/6 442/1247/6 446/1248/6
f 449/1249/4 450/1250/4 452/1251/4 451/1252/4
f 451/1253/1 452/1254/1 456/1255/1 455/1256/1
f 455/1257/2 456/1258/2 454/1259/2 453/1260/2
f 453/1261/3 454/1262/3 450/1263/3 449/1264/3
f 451/1265/5 455/1266/5 453/1267/5 449/1268/5
f 456/1269/6 452/1270/6 450/1271/6 454/1272/6
f 457/1273/4 458/1274/4 460/1275/4 459/1276/4
f 459/1277/1 460/1278/1 464/1279/1 463/1280/1
f 463/1281/2 464/1282/2 462/1283/2 461/1284/2
f 461/1285/3 462/1286/3 458/1287/3 457/1288/3
f 459/1289/5 463/1290/5 461/1291/5 457/1292/5
f 464/1293/6 460/1294/6 458/1295/6 462/1296/6
f 465/1297/4 466/1298/4 468/1299/4 467/1300/4
f 467/1301/1 468/1302/1 472/1303/1 471/1304/1
f 471/1305/2 472/1306/2 470/1307/2 469/1308/2
f 469/1309/3 470/1310/3 466/1311/3 465/1312/3
f 467/1313/5 471/1314/5 469/1315/5 465/1316/5
f 472/1317/6 468/1318/6 466/1319/6 470/1320/6
f 473/1321/4 474/1322/4 476/1323/4 475/1324/4
f 475/1325/1 476/1326/1 480/1327/1 479/1328/1
f 479/1329/2 480/1330/2 478/1331/2 477/1332/2
f 477/1333/3 478/1334/3 474/1335/3 473/1336/3
f 475/1337/5 479/1338/5 477/1339/5 473/1340/5
f 480/1341/6 476/1342/6 474/1343/6 478/1344/6
f 481/1345/4 482/1346/4 484/1347/4 483/1348/4
f 483/1349/1 484/1350/1 488/1351/1 487/1352/1
f 487/1353/2 488/1354/2 486/1355/2 485/1356/2
f 485/1357/3 486/1358/3 482/1359/3 481/1360/3
f 483/1361/5 487/1362/5 485/1363/5 481/1364/5
f 488/1365/6 484/1366/6 482/1367/6 486/1368/6
f 489/1369/4 490/1370/4 492/1371/4 491/1372/4
f 491/1373/1 492/1374/1 496/1375/1 495/1376/1
f 495/1377/2 496/1378/2 494/1379/2 493/1380/2
f 493/1381/3 494/1382/3 490/1383/3 489/1384/3
f 491/1385/5 495/1386/5 493/1387/5 489/1388/5
f 496/1389/6 492/1390/6 490/1391/6 494/1392/6
f 497/1393/4 498/1394/4 500/1395/4 499/1396/4
f 499/1397/1 500/1398/1 504/1399/1 503/1400/1
f 503/1401/2 504/1402/2 502/1403/2 501/1404/2
f 501/1405/3 502/1406/3 498/1407/3 497/1408/3
f 499/1409/5 503/1410/5 501/1411/5 497/1412/5
f 504/1413/6 500/1414/6 498/1415/6 502/1416/6
f 505/1417/4 506/1418/4 508/1419/4 507/1420/4
f 507/1421/1 508/1422/1 512/1423/1 511/1424/1
f 511/1425/2 512/1426/2 510/1427/2 509/1428/2
f 509/1429/3 510/1430/3 506/1431/3 505/1432/3
f 507/1433/5 511/1434/5 509/1435/5 505/1436/5
f 512/1437/6 508/1438/6 506/1439/6 510/1440/6
f 513/1441/4 514/1442/4 516/1443/4 515/1444/4
f 515/1445/1 516/1446/1 520/1447/1 519/1448/1
f 519/1449/2 520/1450/2 518/1451/2 517/1452/2
f 517/1453/3 518/1454/3 514/1455/3 513/1456/3
f 515/1457/5 519/1458/5 517/1459/5 513/1460/5
f 520/1461/6 516/1462/6 514/1463/6 518/1464/6
f 521/1465/4 522/1466/4 524/1467/4 523/1468/4
f 523/1469/1 524/1470/1 528/1471/1 527/1472/1
f 527/1473/2 528/1474/2 526/1475/2 525/1476/2
f 525/1477/3 526/1478/3 522/1479/3 521/1480/3
f 523/1481/5 527/1482/5 525/1483/5 521/1484/5
f 528/1485/6 524/1486/6 522/1487/6 526/1488/6
f 529/1489/4 530/1490/4 532/1491/4 531/1492/4
f 531/1493/1 532/1494/1 536/1495/1 535/1496/1
f 535/1497/2 536/1498/2 534/1499/2 533/1500/2
f 533/1501/3 534/1502/3 530/1503/3 529/1504/3
f 531/1505/5 535/1506/5 533/1507/5 529/1508/5
f 536/1509/6 532/1510/6 530/1511/6 534/1512/6
f 537/1513/4 538/1514/4 540/1515/4 539/1516/4
f 539/1517/1 540/1518/1 544/1519/1 543/1520/1
f 543/1521/2 544/1522/2 542/1523/2 541/1524/2
f 541/1525/3 542/1526/3 538/1527/3 537/1528/3
f 539/1529/5 543/1530/5 541/1531/5 537/1532/5
f 544/1533/6 540/1534/6 538/1535/6 542/1536/6
f 545/1537/4 546/1538/4 548/1539/4 547/1540/4
f 547/1541/1 548/1542/1 552/1543/1 551/1544/1
f 551/1545/2 552/1546/2 550/1547/2 549/1548/2
f 549/1549/3 550/1550/3 546/1551/3 545/1552/3
f 547/1553/5 551/1554/5 549/1555/5 545/1556/5
f 552/1557/6 548/1558/6 546/1559/6 550/1560/6
f 553/1561/4 554/1562/4 556/1563/4 555/1564/4
f 555/1565/1 556/1566/1 560/1567/1 559/1568/1
f 559/1569/2 560/1570/2 558/1571/2 557/1572/2
f 557/1573/3 558/1574/3 554/1575/3 553/1576/3
f 555/1577/5 559/1578/5 557/1579/5 553/1580/5
f 560/1581/6 556/1582/6 554/1583/6 558/1584/6
f 561/1585/4 562/1586/4 564/1587/4 563/1588/4
f 563/1589/1 564/1590/1 568/1591/1 567/1592/1
f 567/1593/2 568/1594/2 566/1595/2 565/1596/2
f 565/1597/3 566/1598/3 562/1599/3 561/1600/3
f 563/1601/5 567/1602/5 565/1603/5 561/1604/5
f 568/1605/6 564/1606/6 562/1607/6 566/1608/6
f 569/1609/4 570/1610/4 572/1611/4 571/1612/4
f 571/1613/1 572/1614/1 576/1615/1 575/1616/1
f 575/1617/2 576/1618/2 574/1619/2 573/1620/2
f 573/1621/3 574/1622/3 570/1623/3 569/1624/3
f 571/1625/5 575/1626/5 573/1627/5 569/1628/5
f 576/1629/6 572/1630/6 570/1631/6 574/1632/6
f 577/1633/4 578/1634/4 580/1635/4 579/1636/4
f 579/1637/1 580/1638/1 584/1639/1 583/1640/1
f 583/1641/2 584/1642/2 582/1643/2 581/1644/2
f 581/1645/3 582/1646/3 578/1647/3 577/1648/3
f 579/1649/5 583/1650/5 581/1651/5 577/1652/5
f 584/1653/6 580/1654/6 578/1655/6 582/1656/6
f 585/1657/4 586/1658/4 588/1659/4 587/1660/4
f 587/1661/1 588/1662/1 592/1663/1 591/1664/1
f 591/1665/2 592/1666/2 590/1667/2 589/1668/2
f 589/1669/3 590/1670/3 586/1671/3 585/1672/3
f 587/1673/5 591/1674/5 589/1675/5 585/1676/5
f 592/1677/6 588/1678/6 586/1679/6 590/1680/6
f 593/1681/4 594/1682/4 596/1683/4 595/1684/4
f 595/1685/1 596/1686/1 600/1687/1 599/1688/1
f 599/1689/2 600/1690/2 598/1691/2 597/1692/2
f 597/1693/3 598/1694/3 594/1695/3 593/1696/3
f 595/1697/5 599/1698/5 597/1699/5 593/1700/5
f 600/1701/6 596/1702/6 594/1703/6 598/1704/6
f 601/1705/4 602/1706/4 604/1707/4 603/1708/4
f 603/1709/1 604/1710/1 608/1711/1 607/1712/1
f 607/1713/2 608/1714/2 606/1715/2 605/1716/2
f 605/1717/3 606/1718/3 602/1719/3 601/1720/3
f 603/1721/5 607/1722/5 605/1723/5 601/1724/5
f 608/1725/6 604/1726/6 602/1727/6 606/1728/6
f 609/1729/4 610/1730/4 612/1731/4 611/1732/4
f 611/1733/1 612/1734/1 616/1735/1 615/1736/1
f 615/1737/2 616/1738/2 614/1739/2 613/1740/2
f 613/1741/3 614/1742/3 610/1743/3 609/1744/3
f 611/1745/5 615/1746/5 613/1747/5 609/1748/5
f 616/1749/6 612/1750/6 610/1751/6 614/1752/6
f 617/1753/4 618/1754/4 620/1755/4 619/1756/4
f 619/1757/1 620/1758/1 624/1759/1 623/1760/1
f 623/1761/2 624/1762/2 622/1763/2 621/1764/2
f 621/1765/3 622/1766/3 618/1767/3 617/1768/3
f 619/1769/5 623/1770/5 621/1771/5 617/1772/5
f 624/1773/6 620/1774/6 618/1775/6 622/1776/6
f 625/1777/4 626/1778/4 628/1779/4 627/1780/4
f 627/1781/1 628/1782/1 632/1783/1 631/1784/1
f 631/1785/2 632/1786/2 630/1787/2 629/1788/2
f 629/1789/3 630/1790/3 626/1791/3 625/1792/3
f 627/1793/5 631/1794/5 629/1795/5 625/1796/5
f 632/1797/6 628/1798/6 626/1799/6 630/1800/6
f 633/1801/4 634/1802/4 636/1803/4 635/1804/4
f 635/1805/1 636/1806/1 640/1807/1 639/1808/1
f 639/1809/2 640/1810/2 638/1811/2 637/1812/2
f 637/1813/3 638/1814/3 634/1815/3 633/1816/3
f 635/1817/5 639/1818/5 637/1819/5 633/1820/5
f 640/1821/6 636/1822/6 634/1823/6 638/1824/6
f 641/1825/4 642/1826/4 644/1827/4 643/1828/4
f 643/1829/1 644/1830/1 648/1831/1 647/1832/1
f 647/1833/2 648/1834/2 646/1835/2 645/1836/2
f 645/1837/3 646/1838/3 642/1839/3 641/1840/3
f 643/1841/5 647/1842/5 645/1843/5 641/1844/5
f 648/1845/6 644/1846/6 642/1847/6 646/1848/6
f 649/1849/4 650/1850/4 652/1851/4 651/1852/4
f 651/1853/1 652/1854/1 656/1855/1 655/1856/1
f 655/1857/2 656/1858/2 654/1859/2 653/1860/2
f 653/1861/3 654/1862/3 650/1863/3 649/1864/3
f 651/1865/5 655/1866/5 653/1867/5 649/1868/5
f 656/1869/6 652/1870/6 650/1871/6 654/1872/6
f 657/1873/4 658/1874/4 660/1875/4 659/1876/4
f 659/1877/1 660/1878/1 664/1879/1 663/1880/1
f 663/1881/2 664/1882/2 662/1883/2 661/1884/2
f 661/1885/3 662/1886/3 658/1887/3 657/1888/3
f 659/1889/5 663/1890/5 661/1891/5 657/1892/5
f 664/1893/6 660/1894/6 658/1895/6 662/1896/6
f 665/1897/4 666/1898/4 668/1899/4 667/1900/4
f 667/1901/1 668/1902/1 672/1903/1 671/1904/1
f 671/1905/2 672/1906/2 670/1907/2 669/1908/2
f 669/1909/3 670/1910/3 666/1911/3 665/1912/3
f 667/1913/5 671/1914/5 669/1915/5 665/1916/5
f 672/1917/6 668/1918/6 666/1919/6 670/1920/6
f 673/1921/4 674/1922/4 676/1923/4 675/1924/4
f 675/1925/1 676/1926/1 680/1927/1 679/1928/1
f 679/1929/2 680/1930/2 678/1931/2 677/1932/2
f 677/1933/3 678/1934/3 674/1935/3 673/1936/3
f 675/1937/5 679/1938/5 677/1939/5 673/1940/5
f 680/1941/6 676/1942/6 674/1943/6 678/1944/6
f 681/1945/4 682/1946/4 684/1947/4 683/1948/4
f 683/1949/1 684/1950/1 688/1951/1 687/1952/1
f 687/1953/2 688/1954/2 686/1955/2 685/1956/2
f 685/1957/3 686/1958/3 682/1959/3 681/1960/3
f 683/1961/5 687/1962/5 685/1963/5 681/1964/5
f 688/1965/6 684/1966/6 682/1967/6 686/1968/6
f 689/1969/4 690/1970/4 692/1971/4 691/1972/4
f 691/1973/1 692/1974/1 696/1975/1 695/1976/1
f 695/1977/2 696/1978/2 694/1979/2 693/1980/2
f 693/1981/3 694/1982/3 690/1983/3 689/1984/3
f 691/1985/5 695/1986/5 693/1987/5 689/1988/5
f 696/1989/6 692/1990/6 690/1991/6 694/1992/6
f 697/1993/4 698/1994/4 700/1995/4 699/1996/4
f 699/1997/1 700/1998/1 704/1999/1 703/2000/1
f 703/2001/2 704/2002/2 702/2003/2 701/2004/2
f 701/2005/3 702/2006/3 698/2007/3 697/2008/3
f 699/2009/5 703/2010/5 701/2011/5 697/2012/5
f 704/2013/6 700/2014/6 698/2015/6 702/2016/6
f 705/2017/4 706/2018/4 708/2019/4 707/2020/4
f 707/2021/1 708/2022/1 712/2023/1 711/2024/1
f 711/2025/2 712/2026/2 710/2027/2 709/2028/2
f 709/2029/3 710/2030/3 706/2031/3 705/2032/3
f 707/2033/5 711/2034/5 709/2035/5 705/2036/5
f 712/2037/6 708/2038/6 706/2039/6 710/2040/6
f 713/2041/4 714/2042/4 716/2043/4 715/2044/4
f 715/2045/1 716/2046/1 720/2047/1 719/2048/1
f 719/2049/2 720/2050/2 718/2051/2 717/2052/2
f 717/2053/3 718/2054/3 714/2055/3 713/2056/3
f 715/2057/5 719/2058/5 717/2059/5 713/2060/5
f 720/2061/6 716/2062/6 714/2063/6 718/2064/6
f 721/2065/4 722/2066/4 724/2067/4 723/2068/4
f 723/2069/1 724/2070/1 728/2071/1 727/2072/1
f 727/2073/2 728/2074/2 726/2075/2 725/2076/2
f 725/2077/3 726/2078/3 722/2079/3 721/2080/3
f 723/2081/5 727/2082/5 725/2083/5 721/2084/5
f 728/2085/6 724/2086/6 722/2087/6 726/2088/6
f 729/2089/4 730/2090/4 732/2091/4 731/2092/4
f 731/2093/1 732/2094/1 736/2095/1 735/2096/1
f 735/2097/2 736/2098/2 734/2099/2 733/2100/2
f 733/2101/3 734/2102/3 730/2103/3 729/2104/3
f 731/2105/5 735/2106/5 733/2107/5 729/2108/5
f 736/2109/6 732/2110/6 730/2111/6 734/2112/6
f 737/2113/4 738/2114/4 740/2115/4 739/2116/4
f 739/2117/1 740/2118/1 744/2119/1 743/2120/1
f 743/2121/2 744/2122/2 742/2123/2 741/2124/2
f 741/2125/3 742/2126/3 738/2127/3 737/2128/3
f 739/2129/5 743/2130/5 741/2131/5 737/2132/5
f 744/2133/6 740/2134/6 738/2135/6 742/2136/6
f 745/2137/4 746/2138/4 748/2139/4 747/2140/4
f 747/2141/1 748/2142/1 752/2143/1 751/2144/1
f 751/2145/2 752/2146/2 750/2147/2 749/2148/2
f 749/2149/3 750/2150/3 746/2151/3 745/2152/3
f 747/2153/5 751/2154/5 749/2155/5 745/2156/5
f 752/2157/6 748/2158/6 746/2159/6 750/2160/6
f 753/2161/4 754/2162/4 756/2163/4 755/2164/4
f 755/2165/1 756/2166/1 760/2167/1 759/2168/1
f 759/2169/2 760/2170/2 758/2171/2 757/2172/2
f 757/2173/3 758/2174/3 754/2175/3 753/2176/3
f 755/2177/5 759/2178/5 757/2179/5 753/2180/5
f 760/2181/6 756/2182/6 754/2183/6 758/2184/6
f 761/2185/4 762/2186/4 764/2187/4 763/2188/4
f 763/2189/1 764/2190/1 768/2191/1 767/2192/1
f 767/2193/2 768/2194/2 766/2195/2 765/2196/2
f 765/2197/3 766/2198/3 762/2199/3 761/2200/3
f 763/2201/5 767/2202/5 765/2203/5 761/2204/5
f 768/2205/6 764/2206/6 762/2207/6 766/2208/6
f 769/2209/4 770/2210/4 772/2211/4 771/2212/4
f 771/2213/1 772/2214/1 776/2215/1 775/2216/1
f 775/2217/2 776/2218/2 774/2219/2 773/2220/2
f 773/2221/3 774/2222/3 770/2223/3 769/2224/3
f 771/2225/5 775/2226/5 773/2227/5 769/2228/5
f 776/2229/6 772/2230/6 770/2231/6 774/2232/6
f 777/2233/4 778/2234/4 780/2235/4 779/2236/4
f 779/2237/1 780/2238/1 784/2239/1 783/2240/1
f 783/2241/2 784/2242/2 782/2243/2 781/2244/2
f 781/2245/3 782/2246/3 778/2247/3 777/2248/3
f 779/2249/5 783/2250/5 781/2251/5 777/2252/5
f 784/2253/6 780/2254/6 778/2255/6 782/2256/6
f 785/2257/4 786/2258/4 788/2259/4 787/2260/4
f 787/2261/1 788/2262/1 792/2263/1 791/2264/1
f 791/2265/2 792/2266/2 790/2267/2 789/2268/2
f 789/2269/3 790/2270/3 786/2271/3 785/2272/3
f 787/2273/5 791/2274/5 789/2275/5 785/2276/5
f 792/2277/6 788/2278/6 786/2279/6 790/2280/6
f 793/2281/4 794/2282/4 796/2283/4 795/2284/4
f 795/2285/1 796/2286/1 800/2287/1 799/2288/1
f 799/2289/2 800/2290/2 798/2291/2 797/2292/2
f 797/2293/3 798/2294/3 794/2295/3 793/2296/3
f 795/2297/5 799/2298/5 797/2299/5 793/2300/5
f 800/2301/6 796/2302/6 794/2303/6 798/2304/6
f 801/2305/4 802/2306/4 804/2307/4 803/2308/4
f 803/2309/1 804/2310/1 808/2311/1 807/2312/1
f 807/2313/2 808/2314/2 806/2315/2 805/2316/2
f 805/2317/3 806/2318/3 802/2319/3 801/2320/3
f 803/2321/5 807/2322/5 805/2323/5 801/2324/5
f 808/2325/6 804/2326/6 802/2327/6 806/2328/6
f 809/2329/4 810/2330/4 812/2331/4 811/2332/4
f 811/2333/1 812/2334/1 816/2335/1 815/2336/1
f 815/2337/2 816/2338/2 814/2339/2 813/2340/2
f 813/2341/3 814/2342/3 810/2343/3 809/2344/3
f 811/2345/5 815/2346/5 813/2347/5 809/2348/5
f 816/2349/6 812/2350/6 810/2351/6 814/2352/6
f 817/2353/4 818/2354/4 820/2355/4 819/2356/4
f 819/2357/1 820/2358/1 824/2359/1 823/2360/1
f 823/2361/2 824/2362/2 822/2363/2 821/2364/2
f 821/2365/3 822/2366/3 818/2367/3 817/2368/3
f 819/2369/5 823/2370/5 821/2371/5 817/2372/5
f 824/2373/6 820/2374/6 818/2375/6 822/2376/6
f 825/2377/4 826/2378/4 828/2379/4 827/2380/4
f 827/2381/1 828/2382/1 832/2383/1 831/2384/1
f 831/2385/2 832/2386/2 830/2387/2 829/2388/2
f 829/2389/3 830/2390/3 826/2391/3 825/2392/3
f 827/2393/5 831/2394/5 829/2395/5 825/2396/5
f 832/2397/6 828/2398/6 826/2399/6 830/2400/6
f 833/2401/4 834/2402/4 836/2403/4 835/2404/4
f 835/2405/1 836/2406/1 840/2407/1 839/2408/1
f 839/2409/2 840/2410/2 838/2411/2 837/2412/2
f 837/2413/3 838/2414/3 834/2415/3 833/2416/3
f 835/2417/5 839/2418/5 837/2419/5 833/2420/5
f 840/2421/6 836/2422/6 834/2423/6 838/2424/6
f 841/2425/4 842/2426/4 844/2427/4 843/2428/4
f 843/2429/1 844/2430/1 848/2431/1 847/2432/1
f 847/2433/2 848/2434/2 846/2435/2 845/2436/2
f 845/2437/3 846/2438/3 842/2439/3 841/2440/3
f 843/2441/5 847/2442/5 845/2443/5 841/2444/5
f 848/2445/6 844/2446/6 842/2447/6 846/2448/6
f 849/2449/4 850/2450/4 852/2451/4 851/2452/4
f 851/2453/1 852/2454/1 856/2455/1 855/2456/1
f 855/2457/2 856/2458/2 854/2459/2 853/2460/2
f 853/2461/3 854/2462/3 850/2463/3 849/2464/3
f 851/2465/5 855/2466/5 853/2467/5 849/2468/5
f 856/2469/6 852/2470/6 850/2471/6 854/2472/6
f 857/2473/3 858/2474/3 860/2475/3 859/2476/3
f 859/2477/4 860/2478/4 864/2479/4 863/2480/4
f 863/2481/1 864/2482/1 862/2483/1 861/2484/1
f 861/2485/2 862/2486/2 858/2487/2 857/2488/2
f 859/2489/5 863/2490/5 861/2491/5 857/2492/5
f 864/2493/6 860/2494/6 858/2495/6 862/2496/6
f 865/2497/3 866/2498/3 868/2499/3 867/2500/3
f 867/2501/4 868/2502/4 872/2503/4 871/2504/4
f 871/2505/1 872/2506/1 870/2507/1 869/2508/1
f 869/2509/2 870/2510/2 866/2511/2 865/2512/2
f 867/2513/5 871/2514/5 869/2515/5 865/2516/5
f 872/2517/6 868/2518/6 866/2519/6 870/2520/6
f 873/2521/3 874/2522/3 876/2523/3 875/2524/3
f 875/2525/4 876/2526/4 880/2527/4 879/2528/4
f 879/2529/1 880/2530/1 878/2531/1 877/2532/1
f 877/2533/2 878/2534/2 874/2535/2 873/2536/2
f 875/2537/5 879/2538/5 877/2539/5 873/2540/5
f 880/2541/6 876/2542/6 874/2543/6 878/2544/6
f 881/2545/3 882/2546/3 884/2547/3 883/2548/3
f 883/2549/4 884/2550/4 888/2551/4 887/2552/4
f 887/2553/1 888/2554/1 886/2555/1 885/2556/1
f 885/2557/2 886/2558/2 882/2559/2 881/2560/2
f 883/2561/5 887/2562/5 885/2563/5 881/2564/5
f 888/2565/6 884/2566/6 882/2567/6 886/2568/6
f 889/2569/3 890/2570/3 892/2571/3 891/2572/3
f 891/2573/4 892/2574/4 896/2575/4 895/2576/4
f 895/2577/1 896/2578/1 894/2579/1 893/2580/1
f 893/2581/2 894/2582/2 890/2583/2 889/2584/2
f 891/2585/5 895/2586/5 893/2587/5 889/2588/5
f 896/2589/6 892/2590/6 890/2591/6 894/2592/6
f 897/2593/3 898/2594/3 900/2595/3 899/2596/3
f 899/2597/4 900/2598/4 904/2599/4 903/2600/4
f 903/2601/1 904/2602/1 902/2603/1 901/2604/1
f 901/2605/2 902/2606/2 898/2607/2 897/2608/2
f 899/2609/5 903/2610/5 901/2611/5 897/2612/5
f 904/2613/6 900/2614/6 898/2615/6 902/2616/6
f 905/2617/3 906/2618/3 908/2619/3 907/2620/3
f 907/2621/4 908/2622/4 912/2623/4 911/2624/4
f 911/2625/1 912/2626/1 910/2627/1 909/2628/1
f 909/2629/2 910/2630/2 906/2631/2 905/2632/2
f 907/2633/5 911/2634/5 909/2635/5 905/2636/5
f 912/2637/6 908/2638/6 906/2639/6 910/2640/6
f 913/2641/3 914/2642/3 916/2643/3 915/2644/3
f 915/2645/4 916/2646/4 920/2647/4 919/2648/4
f 919/2649/1 920/2650/1 918/2651/1 917/2652/1
f 917/2653/2 918/2654/2 914/2655/2 913/2656/2
f 915/2657/5 919/2658/5 917/2659/5 913/2660/5
f 920/2661/6 916/2662/6 914/2663/6 918/2664/6
f 921/2665/3 922/2666/3 924/2667/3 923/2668/3
f 923/2669/4 924/2670/4 928/2671/4 927/2672/4
f 927/2673/1 928/2674/1 926/2675/1 925/2676/1
f 925/2677/2 926/2678/2 922/2679/2 921/2680/2
f 923/2681/5 927/2682/5 925/2683/5 921/2684/5
f 928/2685/6 924/2686/6 922/2687/6 926/2688/6
f 929/2689/3 930/2690/3 932/2691/3 931/2692/3
f 931/2693/4 932/2694/4 936/2695/4 935/2696/4
f 935/2697/1 936/2698/1 934/2699/1 933/2700/1
f 933/2701/2 934/2702/2 930/2703/2 929/2704/2
f 931/2705/5 935/2706/5 933/2707/5 929/2708/5
f 936/2709/6 932/2710/6 930/2711/6 934/2712/6
f 937/2713/3 938/2714/3 940/2715/3 939/2716/3
f 939/2717/4 940/2718/4 944/2719/4 943/2720/4
f 943/2721/1 944/2722/1 942/2723/1 941/2724/1
f 941/2725/2 942/2726/2 938/2727/2 937/2728/2
f 939/2729/5 943/2730/5 941/2731/5 937/2732/5
f 944/2733/6 940/2734/6 938/2735/6 942/2736/6
f 945/2737/3 946/2738/3 948/2739/3 947/2740/3
f 947/2741/4 948/2742/4 952/2743/4 951/2744/4
f 951/2745/1 952/2746/1 950/2747/1 949/2748/1
f 949/2749/2 950/2750/2 946/2751/2 945/2752/2
f 947/2753/5 951/2754/5 949/2755/5 945/2756/5
f 952/2757/6 948/2758/6 946/2759/6 950/2760/6
f 953/2761/3 954/2762/3 956/2763/3 955/2764/3
f 955/2765/4 956/2766/4 960/2767/4 959/2768/4
f 959/2769/1 960/2770/1 958/2771/1 957/2772/1
f 957/2773/2 958/2774/2 954/2775/2 953/2776/2
f 955/2777/5 959/2778/5 957/2779/5 953/2780/5
f 960/2781/6 956/2782/6 954/2783/6 958/2784/6
f 961/2785/3 962/2786/3 964/2787/3 963/2788/3
f 963/2789/4 964/2790/4 968/2791/4 967/2792/4
f 967/2793/1 968/2794/1 966/2795/1 965/2796/1
f 965/2797/2 966/2798/2 962/2799/2 961/2800/2
f 963/2801/5 967/2802/5 965/2803/5 961/2804/5
f 968/2805/6 964/2806/6 962/2807/6 966/2808/6
f 969/2809/3 970/2810/3 972/2811/3 971/2812/3
f 971/2813/4 972/2814/4 976/2815/4 975/2816/4
f 975/2817/1 976/2818/1 974/2819/1 973/2820/1
f 973/2821/2 974/2822/2 970/2823/2 969/2824/2
f 971/2825/5 975/2826/5 973/2827/5 969/2828/5
f 976/2829/6 972/2830/6 970/2831/6 974/2832/6
f 977/2833/3 978/2834/3 980/2835/3 979/2836/3
f 979/2837/4 980/2838/4 984/2839/4 983/2840/4
f 983/2841/1 984/2842/1 982/2843/1 981/2844/1
f 981/2845/2 982/2846/2 978/2847/2 977/2848/2
f 979/2849/5 983/2850/5 981/2851/5 977/2852/5
f 984/2853/6 980/2854/6 978/2855/6 982/2856/6
f 985/2857/3 986/2858/3 988/2859/3 987/2860/3
f 987/2861/4 988/2862/4 992/2863/4 991/2864/4
f 991/2865/1 992/2866/1 990/2867/1 989/2868/1
f 989/2869/2 990/2870/2 986/2871/2 985/2872/2
f 987/2873/5 991/2874/5 989/2875/5 985/2876/5
f 992/2877/6 988/2878/6 986/2879/6 990/2880/6
f 993/2881/3 994/2882/3 996/2883/3 995/2884/3
f 995/2885/4 996/2886/4 1000/2887/4 999/2888/4
f 999/2889/1 1000/2890/1 998/2891/1 997/2892/1
f 997/2893/2 998/2894/2 994/2895/2 993/2896/2
f 995/2897/5 999/2898/5 997/2899/5 993/2900/5
f 1000/2901/6 996/2902/6 994/2903/6 998/2904/6
f 1001/2905/3 1002/2906/3 1004/2907/3 1003/2908/3
f 1003/2909/4 1004/2910/4 1008/2911/4 1007/2912/4
f 1007/2913/1 1008/2914/1 1006/2915/1 1005/2916/1
f 1005/2917/2 1006/2918/2 1002/2919/2 1001/2920/2
f 1003/2921/5 1007/2922/5 1005/2923/5 1001/2924/5
f 1008/2925/6 1004/2926/6 1002/2927/6 1006/2928/6
f 1009/2929/3 1010/2930/3 1012/2931/3 1011/2932/3
f 1011/2933/4 1012/2934/4 1016/2935/4 1015/2936/4
f 1015/2937/1 1016/2938/1 1014/2939/1 1013/2940/1
f 1013/2941/2 1014/2942/2 1010/2943/2 1009/2944/2
f 1011/2945/5 1015/2946/5 1013/2947/5 1009/2948/5
f 1016/2949/6 1012/2950/6 1010/2951/6 1014/2952/6
f 1017/2953/3 1018/2954/3 1020/2955/3 1019/2956/3
f 1019/2957/4 1020/2958/4 1024/2959/4 1023/2960/4
f 1023/2961/1 1024/2962/1 1022/2963/1 1021/2964/1
f 1021/2965/2 1022/2966/2 1018/2967/2 1017/2968/2
f 1019/2969/5 1023/2970/5 1021/2971/5 1017/2972/5
f 1024/2973/6 1020/2974/6 1018/2975/6 1022/2976/6
f 1025/2977/3 1026/2978/3 1028/2979/3 1027/2980/3
f 1027/2981/4 1028/2982/4 1032/2983/4 1031/2984/4
f 1031/2985/1 1032/2986/1 1030/2987/1 1029/2988/1
f 1029/2989/2 1030/2990/2 1026/2991/2 1025/2992/2
f 1027/2993/5 1031/2994/5 1029/2995/5 1025/2996/5
f 1032/2997/6 1028/2998/6 1026/2999/6 1030/3000/6
f 1033/3001/3 1034/3002/3 1036/3003/3 1035/3004/3
f 1035/3005/4 1036/3006/4 1040/3007/4 1039/3008/4
f 1039/3009/1 1040/3010/1 1038/3011/1 1037/3012/1
f 1037/3013/2 1038/3014/2 1034/3015/2 1033/3016/2
f 1035/3017/5 1039/3018/5 1037/3019/5 1033/3020/5
f 1040/3021/6 1036/3022/6 1034/3023/6 1038/3024/6
f 1041/3025/3 1042/3026/3 1044/3027/3 1043/3028/3
f 1043/3029/4 1044/3030/4 1048/3031/4 1047/3032/4
f 1047/3033/1 1048/3034/1 1046/3035/1 1045/3036/1
f 1045/3037/2 1046/3038/2 1042/3039/2 1041/3040/2
f 1043/3041/5 1047/3042/5 1045/3043/5 1041/3044/5
f 1048/3045/6 1044/3046/6 1042/3047/6 1046/3048/6
f 1049/3049/3 1050/3050/3 1052/3051/3 1051/3052/3
f 1051/3053/4 1052/3054/4 1056/3055/4 1055/3056/4
f 1055/3057/1 1056/3058/1 1054/3059/1 1053/3060/1
f 1053/3061/2 1054/3062/2 1050/3063/2 1049/3064/2
f 1051/3065/5 1055/3066/5 1053/3067/5 1049/3068/5
f 1056/3069/6 1052/3070/6 1050/3071/6 1054/3072/6
f 1057/3073/3 1058/3074/3 1060/3075/3 1059/3076/3
f 1059/3077/4 1060/3078/4 1064/3079/4 1063/3080/4
f 1063/3081/1 1064/3082/1 1062/3083/1 1061/3084/1
f 1061/3085/2 1062/3086/2 1058/3087/2 1057/3088/2
f 1059/3089/5 1063/3090/5 1061/3091/5 1057/3092/5
f 1064/3093/6 1060/3094/6 1058/3095/6 1062/3096/6
f 1065/3097/3 1066/3098/3 1068/3099/3 1067/3100/3
f 1067/3101/4 1068/3102/4 1072/3103/4 1071/3104/4
f 1071/3105/1 1072/3106/1 1070/3107/1 1069/3108/1
f 1069/3109/2 1070/3110/2 1066/3111/2 1065/3112/2
f 1067/3113/5 1071/3114/5 1069/3115/5 1065/3116/5
f 1072/3117/6 1068/3118/6 1066/3119/6 1070/3120/6
f 1073/3121/23 1074/3122/23 1076/3123/23 1075/3124/23
f 1075/3124/24 1076/3123/24 1078/3125/24 1077/3126/24
f 1077/3127/25 1078/3128/25 1080/3129/25 1079/3130/25
f 1079/3130/26 1080/3129/26 1082/3131/26 1081/3132/26
f 1081/3132/27 1082/3131/27 1084/3133/27 1083/3134/27
f 1083/3134/28 1084/3133/28 1086/3135/28 1085/3136/28
f 1085/3136/29 1086/3135/29 1088/3137/29 1087/3138/29
f 1087/3138/30 1088/3137/30 1090/3139/30 1089/3140/30
f 1089/3141/31 1090/3142/31 1092/3143/31 1091/3144/31
f 1091/3144/32 1092/3143/32 1094/3145/32 1093/3146/32
f 1093/3146/33 1094/3145/33 1096/3147/33 1095/3148/33
f 1095/3148/34 1096/3147/34 1098/3149/34 1097/3150/34
f 1097/3151/35 1098/3152/35 1100/3153/35 1099/3154/35
f 1099/3154/36 1100/3153/36 1102/3155/36 1101/3156/36
f 1101/3156/37 1102/3155/37 1104/3157/37 1103/3158/37
f 1103/3158/38 1104/3157/38 1106/3159/38 1105/3160/38
f 1105/3160/39 1106/3159/39 1108/3161/39 1107/3162/39
f 1107/3162/40 1108/3161/40 1110/3163/40 1109/3164/40
f 1076/3165/6 1074/3166/6 1112/3167/6 1110/3168/6 1108/3169/6 1106/3170/6 1104/3171/6 1102/3172/6 1100/3173/6 1098/3174/6 1096/3175/6 1094/3176/6 1092/3177/6 1090/3178/6 1088/3179/6 1086/3180/6 1084/3181/6 1082/3182/6 1080/3183/6 1078/3184/6
f 1109/3185/41 1110/3186/41 1112/3187/41 1111/3188/41
f 1111/3188/42 1112/3187/42 1074/3122/42 1073/3121/42
f 1073/3189/5 1075/3190/5 1077/3191/5 1079/3192/5 1081/3193/5 1083/3194/5 1085/3195/5 1087/3196/5 1089/3197/5 1091/3198/5 1093/3199/5 1095/3200/5 1097/3201/5 1099/3202/5 1101/3203/5 1103/3204/5 1105/3205/5 1107/3206/5 1109/3207/5 1111/3208/5
f 1113/3209/43 1116/3210/43 1117/3211/43 1119/3212/43
f 1114/3213/44 1118/3214/44 1117/3215/44 1116/3216/44
f 1115/3217/45 1119/3218/45 1117/3219/45 1118/3220/45
f 1120/3221/46 1123/3222/46 1124/3223/46 1126/3224/46
f 1121/3225/47 1125/3226/47 1124/3227/47 1123/3228/47
f 1122/3229/48 1126/3230/48 1124/3231/48 1125/3232/48
f 1127/3233/49 1130/3234/49 1131/3235/49 1133/3236/49
f 1128/3237/50 1132/3238/50 1131/3239/50 1130/3240/50
f 1129/3241/51 1133/3242/51 1131/3243/51 1132/3244/51
f 1134/3245/52 1137/3246/52 1138/3247/52 1140/3248/52
f 1135/3249/53 1139/3250/53 1138/3251/53 1137/3252/53
f 1136/3253/54 1140/3254/54 1138/3255/54 1139/3256/54
f 1141/3257/55 1144/3258/55 1145/3259/55 1147/3260/55
f 1142/3261/56 1146/3262/56 1145/3263/56 1144/3264/56
f 1143/3265/57 1147/3266/57 1145/3267/57 1146/3268/57
f 1148/3269/58 1151/3270/58 1152/3271/58 1154/3272/58
f 1149/3273/59 1153/3274/59 1152/3275/59 1151/3276/59
f 1150/3277/60 1154/3278/60 1152/3279/60 1153/3280/60
f 1155/3281/61 1158/3282/61 1159/3283/61 1161/3284/61
f 1156/3285/62 1160/3286/62 1159/3287/62 1158/3288/62
f 1157/3289/63 1161/3290/63 1159/3291/63 1160/3292/63
f 1162/3293/64 1165/3294/64 1166/3295/64 1168/3296/64
f 1163/3297/65 1167/3298/65 1166/3299/65 1165/3300/65
f 1164/3301/66 1168/3302/66 1166/3303/66 1167/3304/66
f 1127/3233/67 1113/3209/67 1119/3212/67 1130/3234/67
f 1130/3240/68 1119/3218/68 1115/3217/68 1128/3237/68
f 1114/3213/69 1120/3221/69 1126/3224/69 1118/3214/69
f 1118/3220/70 1126/3230/70 1122/3229/70 1115/3217/70
f 1121/3225/71 1134/3245/71 1140/3248/71 1125/3226/71
f 1125/3232/72 1140/3254/72 1136/3253/72 1122/3229/72
f 1135/3249/73 1129/3241/73 1132/3244/73 1139/3250/73
f 1139/3256/74 1132/3238/74 1128/3237/74 1136/3253/74
f 1155/3281/75 1127/3233/75 1133/3236/75 1158/3282/75
f 1158/3288/76 1133/3242/76 1129/3241/76 1156/3285/76
f 1134/3245/77 1162/3293/77 1168/3296/77 1137/3246/77
f 1137/3252/78 1168/3302/78 1164/3301/78 1135/3249/78
f 1163/3297/79 1157/3289/79 1160/3292/79 1167/3298/79
f 1167/3304/80 1160/3286/80 1156/3285/80 1164/3301/80
f 1141/3257/81 1155/3281/81 1161/3284/81 1144/3258/81
f 1144/3264/82 1161/3290/82 1157/3289/82 1142/3261/82
f 1162/3293/83 1148/3269/83 1154/3272/83 1165/3294/83
f 1165/3300/84 1154/3278/84 1150/3277/84 1163/3297/84
f 1149/3273/85 1143/3265/85 1146/3268/85 1153/3274/85
f 1153/3280/86 1146/3262/86 1142/3261/86 1150/3277/86
f 1113/3209/87 1141/3257/87 1147/3260/87 1116/3210/87
f 1116/3216/88 1147/3266/88 1143/3265/88 1114/3213/88
f 1148/3269/89 1121/3225/89 1123/3228/89 1151/3270/89
f 1151/3276/90 1123/3222/90 1120/3221/90 1149/3273/90
f 1127/3233/5 1155/3281/5 1141/3257/5 1113/3209/5
f 1115/3217/3 1122/3229/3 1136/3253/3 1128/3237/3
f 1143/3265/2 1149/3273/2 1120/3221/2 1114/3213/2
f 1162/3293/6 1134/3245/6 1121/3225/6 1148/3269/6
f 1129/3241/4 1135/3249/4 1164/3301/4 1156/3285/4
f 1157/3289/1 1163/3297/1 1150/3277/1 1142/3261/1
f 1169/3305/91 1172/3306/91 1173/3307/91 1175/3308/91
f 1170/3309/92 1174/3310/92 1173/3311/92 1172/3312/92
f 1171/3313/93 1175/3314/93 1173/3315/93 1174/3316/93
f 1176/3317/94 1179/3318/94 1180/3319/94 1182/3320/94
f 1177/3321/95 1181/3322/95 1180/3323/95 1179/3324/95
f 1178/3325/96 1182/3326/96 1180/3327/96 1181/3328/96
f 1183/3329/49 1186/3330/49 1187/3331/49 1189/3332/49
f 1184/3333/97 1188/3334/97 1187/3335/97 1186/3336/97
f 1185/3337/98 1189/3338/98 1187/3339/98 1188/3340/98
f 1190/3341/52 1193/3342/52 1194/3343/52 1196/3344/52
f 1191/3345/99 1195/3346/99 1194/3347/99 1193/3348/99
f 1192/3349/100 1196/3350/100 1194/3351/100 1195/3352/100
f 1197/3353/101 1200/3354/101 1201/3355/101 1203/3356/101
f 1198/3357/102 1202/3358/102 1201/3359/102 1200/3360/102
f 1199/3361/103 1203/3362/103 1201/3363/103 1202/3364/103
f 1204/3365/104 1207/3366/104 1208/3367/104 1210/3368/104
f 1205/3369/105 1209/3370/105 1208/3371/105 1207/3372/105
f 1206/3373/106 1210/3374/106 1208/3375/106 1209/3376/106
f 1211/3377/61 1214/3378/61 1215/3379/61 1217/3380/61
f 1212/3381/107 1216/3382/107 1215/3383/107 1214/3384/107
f 1213/3385/108 1217/3386/108 1215/3387/108 1216/3388/108
f 1218/3389/109 1221/3390/109 1222/3391/109 1224/3392/109
f 1219/3393/110 1223/3394/110 1222/3395/110 1221/3396/110
f 1220/3397/111 1224/3398/111 1222/3399/111 1223/3400/111
f 1183/3329/67 1169/3305/67 1175/3308/67 1186/3330/67
f 1186/3336/68 1175/3314/68 1171/3313/68 1184/3333/68
f 1170/3309/112 1176/3317/112 1182/3320/112 1174/3310/112
f 1174/3316/113 1182/3326/113 1178/3325/113 1171/3313/113
f 1177/3321/114 1190/3341/114 1196/3344/114 1181/3322/114
f 1181/3328/72 1196/3350/72 1192/3349/72 1178/3325/72
f 1191/3345/73 1185/3337/73 1188/3340/73 1195/3346/73
f 1195/3352/115 1188/3334/115 1184/3333/115 1192/3349/115
f 1211/3377/75 1183/3329/75 1189/3332/75 1214/3378/75
f 1214/3384/76 1189/3338/76 1185/3337/76 1212/3381/76
f 1190/3341/77 1218/3389/77 1224/3392/77 1193/3342/77
f 1193/3348/78 1224/3398/78 1220/3397/78 1191/3345/78
f 1219/3393/79 1213/3385/79 1216/3388/79 1223/3394/79
f 1223/3400/80 1216/3382/80 1212/3381/80 1220/3397/80
f 1197/3353/81 1211/3377/81 1217/3380/81 1200/3354/81
f 1200/3360/82 1217/3386/82 1213/3385/82 1198/3357/82
f 1218/3389/116 1204/3365/116 1210/3368/116 1221/3390/116
f 1221/3396/84 1210/3374/84 1206/3373/84 1219/3393/84
f 1205/3369/85 1199/3361/85 1202/3364/85 1209/3370/85
f 1209/3376/117 1202/3358/117 1198/3357/117 1206/3373/117
f 1169/3305/87 1197/3353/87 1203/3356/87 1172/3306/87
f 1172/3312/88 1203/3362/88 1199/3361/88 1170/3309/88
f 1204/3365/118 1177/3321/118 1179/3324/118 1207/3366/118
f 1207/3372/90 1179/3318/90 1176/3317/90 1205/3369/90
f 1183/3329/5 1211/3377/5 1197/3353/5 1169/3305/5
f 1171/3313/3 1178/3325/3 1192/3349/3 1184/3333/3
f 1199/3361/2 1205/3369/2 1176/3317/2 1170/3309/2
f 1218/3389/6 1190/3341/6 1177/3321/6 1204/3365/6
f 1185/3337/4 1191/3345/4 1220/3397/4 1212/3381/4
f 1213/3385/1 1219/3393/1 1206/3373/1 1198/3357/1
f 1225/3401/91 1228/3402/91 1229/3403/91 1231/3404/91
f 1226/3405/119 1230/3406/119 1229/3407/119 1228/3408/119
f 1227/3409/120 1231/3410/120 1229/3411/120 1230/3412/120
f 1232/3413/121 1235/3414/121 1236/3415/121 1238/3416/121
f 1233/3417/95 1237/3418/95 1236/3419/95 1235/3420/95
f 1234/3421/122 1238/3422/122 1236/3423/122 1237/3424/122
f 1239/3425/49 1242/3426/49 1243/3427/49 1245/3428/49
f 1240/3429/50 1244/3430/50 1243/3431/50 1242/3432/50
f 1241/3433/123 1245/3434/123 1243/3435/123 1244/3436/123
f 1246/3437/52 1249/3438/52 1250/3439/52 1252/3440/52
f 1247/3441/124 1251/3442/124 1250/3443/124 1249/3444/124
f 1248/3445/125 1252/3446/125 1250/3447/125 1251/3448/125
f 1253/3449/101 1256/3450/101 1257/3451/101 1259/3452/101
f 1254/3453/126 1258/3454/126 1257/3455/126 1256/3456/126
f 1255/3457/57 1259/3458/57 1257/3459/57 1258/3460/57
f 1260/3461/104 1263/3462/104 1264/3463/104 1266/3464/104
f 1261/3465/59 1265/3466/59 1264/3467/59 1263/3468/59
f 1262/3469/127 1266/3470/127 1264/3471/127 1265/3472/127
f 1267/3473/61 1270/3474/61 1271/3475/61 1273/3476/61
f 1268/3477/107 1272/3478/107 1271/3479/107 1270/3480/107
f 1269/3481/63 1273/3482/63 1271/3483/63 1272/3484/63
f 1274/3485/109 1277/3486/109 1278/3487/109 1280/3488/109
f 1275/3489/65 1279/3490/65 1278/3491/65 1277/3492/65
f 1276/3493/111 1280/3494/111 1278/3495/111 1279/3496/111
f 1239/3425/67 1225/3401/67 1231/3404/67 1242/3426/67
f 1242/3432/68 1231/3410/68 1227/3409/68 1240/3429/68
f 1226/3405/112 1232/3413/112 1238/3416/112 1230/3406/112
f 1230/3412/70 1238/3422/70 1234/3421/70 1227/3409/70
f 1233/3417/114 1246/3437/114 1252/3440/114 1237/3418/114
f 1237/3424/72 1252/3446/72 1248/3445/72 1234/3421/72
f 1247/3441/73 1241/3433/73 1244/3436/73 1251/3442/73
f 1251/3448/74 1244/3430/74 1240/3429/74 1248/3445/74
f 1267/3473/75 1239/3425/75 1245/3428/75 1270/3474/75
f 1270/3480/76 1245/3434/76 1241/3433/76 1268/3477/76
f 1246/3437/77 1274/3485/77 1280/3488/77 1249/3438/77
f 1249/3444/78 1280/3494/78 1276/3493/78 1247/3441/78
f 1275/3489/79 1269/3481/79 1272/3484/79 1279/3490/79
f 1279/3496/80 1272/3478/80 1268/3477/80 1276/3493/80
f 1253/3449/81 1267/3473/81 1273/3476/81 1256/3450/81
f 1256/3456/82 1273/3482/82 1269/3481/82 1254/3453/82
f 1274/3485/128 1260/3461/128 1266/3464/128 1277/3486/128
f 1277/3492/84 1266/3470/84 1262/3469/84 1275/3489/84
f 1261/3465/85 1255/3457/85 1258/3460/85 1265/3466/85
f 1265/3472/86 1258/3454/86 1254/3453/86 1262/3469/86
f 1225/3401/87 1253/3449/87 1259/3452/87 1228/3402/87
f 1228/3408/88 1259/3458/88 1255/3457/88 1226/3405/88
f 1260/3461/118 1233/3417/118 1235/3420/118 1263/3462/118
f 1263/3468/90 1235/3414/90 1232/3413/90 1261/3465/90
f 1239/3425/5 1267/3473/5 1253/3449/5 1225/3401/5
f 1227/3409/3 1234/3421/3 1248/3445/3 1240/3429/3
f 1255/3457/2 1261/3465/2 1232/3413/2 1226/3405/2
f 1274/3485/6 1246/3437/6 1233/3417/6 1260/3461/6
f 1241/3433/4 1247/3441/4 1276/3493/4 1268/3477/4
f 1269/3481/1 1275/3489/1 1262/3469/1 1254/3453/1
f 1458/3497/129 1288/3498/129 1299/3499/129 1300/3500/129
f 1286/3501/130 1285/3502/130 1296/3503/130 1297/3504/130
f 1457/3505/131 1283/3506/131 1293/3507/131 1294/3508/131
f 1289/3509/132 1458/3510/132 1300/3511/132 1301/3512/132
f 1287/3513/133 1286/3501/133 1297/3504/133 1298/3514/133
f 1284/3515/134 1457/3516/134 1294/3517/134 1295/3518/134
f 1290/3519/135 1289/3509/135 1301/3512/135 1302/3520/135
f 1282/3521/136 1281/3522/136 1292/3523/136
f 1288/3498/137 1287/3513/137 1298/3514/137 1299/3499/137
f 1285/3502/138 1284/3515/138 1295/3518/138 1296/3503/138
f 1291/3524/139 1290/3519/139 1302/3520/139
f 1283/3506/140 1282/3521/140 1292/3523/140 1293/3507/140
f 1295/3518/141 1294/3517/141 1305/3525/141 1306/3526/141
f 1302/3520/142 1301/3512/142 1312/3527/142 1313/3528/142
f 1292/3523/143 1281/3522/143 1303/3529/143
f 1299/3499/144 1298/3514/144 1309/3530/144 1310/3531/144
f 1296/3503/145 1295/3518/145 1306/3526/145 1307/3532/145
f 1291/3524/146 1302/3520/146 1313/3528/146
f 1293/3507/147 1292/3523/147 1303/3529/147 1304/3533/147
f 1300/3500/148 1299/3499/148 1310/3531/148 1311/3534/148
f 1297/3504/149 1296/3503/149 1307/3532/149 1308/3535/149
f 1294/3508/150 1293/3507/150 1304/3533/150 1305/3536/150
f 1301/3512/151 1300/3511/151 1311/3537/151 1312/3527/151
f 1298/3514/152 1297/3504/152 1308/3535/152 1309/3530/152
f 1308/3538/153 1307/3539/153 1318/3540/153 1319/3541/153
f 1305/3536/154 1304/3533/154 1315/3542/154 1316/3543/154
f 1312/3527/155 1311/3537/155 1322/3544/155 1323/3545/155
f 1309/3546/156 1308/3538/156 1319/3541/156 1320/3547/156
f 1306/3548/157 1305/3549/157 1316/3550/157 1317/3551/157
f 1313/3528/158 1312/3527/158 1323/3545/158 1324/3552/158
f 1303/3529/159 1281/3522/159 1314/3553/159
f 1310/3554/160 1309/3546/160 1320/3547/160 1321/3555/160
f 1307/3539/161 1306/3548/161 1317/3551/161 1318/3540/161
f 1291/3524/162 1313/3528/162 1324/3552/162
f 1304/3533/163 1303/3529/163 1314/3553/163 1315/3542/163
f 1311/3556/164 1310/3554/164 1321/3555/164 1322/3557/164
f 1318/3540/165 1317/3551/165 1328/3558/165 1329/3559/165
f 1291/3524/166 1324/3552/166 1335/3560/166
f 1315/3542/167 1314/3553/167 1325/3561/167 1326/3562/167
f 1322/3557/168 1321/3555/168 1332/3563/168 1333/3564/168
f 1319/3541/169 1318/3540/169 1329/3559/169 1330/3565/169
f 1316/3543/170 1315/3542/170 1326/3562/170 1327/3566/170
f 1323/3545/171 1322/3544/171 1333/3567/171 1334/3568/171
f 1320/3547/172 1319/3541/172 1330/3565/172 1331/3569/172
f 1317/3551/173 1316/3550/173 1327/3570/173 1328/3558/173
f 1324/3552/174 1323/3545/174 1334/3568/174 1335/3560/174
f 1314/3553/175 1281/3522/175 1325/3561/175
f 1321/3555/176 1320/3547/176 1331/3569/176 1332/3563/176
f 1331/3569/177 1330/3565/177 1341/3571/177 1342/3572/177
f 1328/3558/178 1327/3570/178 1338/3573/178 1339/3574/178
f 1335/3560/179 1334/3568/179 1345/3575/179 1346/3576/179
f 1325/3561/180 1281/3522/180 1336/3577/180
f 1332/3563/181 1331/3569/181 1342/3572/181 1343/3578/181
f 1329/3559/182 1328/3558/182 1339/3574/182 1340/3579/182
f 1291/3524/183 1335/3560/183 1346/3576/183
f 1326/3562/184 1325/3561/184 1336/3577/184 1337/3580/184
f 1333/3564/185 1332/3563/185 1343/3578/185 1344/3581/185
f 1330/3565/186 1329/3559/186 1340/3579/186 1341/3571/186
f 1327/3566/187 1326/3562/187 1337/3580/187 1338/3582/187
f 1334/3568/188 1333/3567/188 1344/3583/188 1345/3575/188
f 1341/3571/189 1340/3579/189 1351/3584/189 1352/3585/189
f 1338/3582/190 1337/3580/190 1348/3586/190 1349/3587/190
f 1345/3575/191 1344/3583/191 1355/3588/191 1356/3589/191
f 1342/3572/192 1341/3571/192 1352/3585/192 1353/3590/192
f 1339/3574/193 1338/3573/193 1349/3591/193 1350/3592/193
f 1346/3576/194 1345/3575/194 1356/3589/194 1357/3593/194
f 1336/3577/195 1281/3522/195 1347/3594/195
f 1343/3578/196 1342/3572/196 1353/3590/196 1354/3595/196
f 1340/3579/197 1339/3574/197 1350/3592/197 1351/3584/197
f 1291/3524/198 1346/3576/198 1357/3593/198
f 1337/3580/199 1336/3577/199 1347/3594/199 1348/3586/199
f 1344/3581/200 1343/3578/200 1354/3595/200 1355/3596/200
f 1354/3597/201 1353/3598/201 1364/3599/201 1365/3600/201
f 1351/3601/202 1350/3602/202 1361/3603/202 1362/3604/202
f 1291/3524/203 1357/3593/203 1368/3605/203
f 1348/3586/204 1347/3594/204 1358/3606/204 1359/3607/204
f 1355/3608/205 1354/3597/205 1365/3600/205 1366/3609/205
f 1352/3610/206 1351/3601/206 1362/3604/206 1363/3611/206
f 1349/3587/207 1348/3586/207 1359/3607/207 1360/3612/207
f 1356/3589/208 1355/3588/208 1366/3613/208 1367/3614/208
f 1353/3598/209 1352/3610/209 1363/3611/209 1364/3599/209
f 1350/3602/210 1349/3615/210 1360/3616/210 1361/3603/210
f 1357/3593/211 1356/3589/211 1367/3614/211 1368/3605/211
f 1347/3594/212 1281/3522/212 1358/3606/212
f 1364/3599/213 1363/3611/213 1374/3617/213 1375/3618/213
f 1361/3603/214 1360/3616/214 1371/3619/214 1372/3620/214
f 1368/3605/215 1367/3614/215 1378/3621/215 1379/3622/215
f 1358/3606/216 1281/3522/216 1369/3623/216
f 1365/3600/217 1364/3599/217 1375/3618/217 1376/3624/217
f 1362/3604/218 1361/3603/218 1372/3620/218 1373/3625/218
f 1291/3524/219 1368/3605/219 1379/3622/219
f 1359/3607/220 1358/3606/220 1369/3623/220 1370/3626/220
f 1366/3609/221 1365/3600/221 1376/3624/221 1377/3627/221
f 1363/3611/222 1362/3604/222 1373/3625/222 1374/3617/222
f 1360/3612/223 1359/3607/223 1370/3626/223 1371/3628/223
f 1367/3614/224 1366/3613/224 1377/3629/224 1378/3621/224
f 1377/3627/225 1376/3624/225 1387/3630/225 1388/3631/225
f 1374/3617/226 1373/3625/226 1384/3632/226 1385/3633/226
f 1371/3628/227 1370/3626/227 1381/3634/227 1382/3635/227
f 1378/3621/228 1377/3629/228 1388/3636/228 1389/3637/228
f 1375/3618/229 1374/3617/229 1385/3633/229 1386/3638/229
f 1372/3620/230 1371/3619/230 1382/3639/230 1383/3640/230
f 1379/3622/231 1378/3621/231 1389/3637/231 1390/3641/231
f 1369/3623/232 1281/3522/232 1380/3642/232
f 1376/3624/233 1375/3618/233 1386/3638/233 1387/3630/233
f 1373/3625/234 1372/3620/234 1383/3640/234 1384/3632/234
f 1291/3524/235 1379/3622/235 1390/3641/235
f 1370/3626/236 1369/3623/236 1380/3642/236 1381/3634/236
f 1380/3642/237 1281/3522/237 1391/3643/237
f 1387/3630/238 1386/3638/238 1397/3644/238 1398/3645/238
f 1384/3632/239 1383/3640/239 1394/3646/239 1395/3647/239
f 1291/3524/240 1390/3641/240 1401/3648/240
f 1381/3634/241 1380/3642/241 1391/3643/241 1392/3649/241
f 1388/3631/242 1387/3630/242 1398/3645/242 1399/3650/242
f 1385/3633/243 1384/3632/243 1395/3647/243 1396/3651/243
f 1382/3635/244 1381/3634/244 1392/3649/244 1393/3652/244
f 1389/3637/245 1388/3636/245 1399/3653/245 1400/3654/245
f 1386/3638/246 1385/3633/246 1396/3651/246 1397/3644/246
f 1383/3640/247 1382/3639/247 1393/3655/247 1394/3646/247
f 1390/3641/248 1389/3637/248 1400/3654/248 1401/3648/248
f 1400/3654/249 1399/3653/249 1410/3656/249 1411/3657/249
f 1397/3658/250 1396/3659/250 1407/3660/250 1408/3661/250
f 1394/3662/251 1393/3663/251 1404/3664/251 1405/3665/251
f 1401/3648/252 1400/3654/252 1411/3657/252 1412/3666/252
f 1391/3643/253 1281/3522/253 1402/3667/253
f 1398/3668/254 1397/3658/254 1408/3661/254 1409/3669/254
f 1395/3670/255 1394/3662/255 1405/3665/255 1406/3671/255
f 1291/3524/256 1401/3648/256 1412/3666/256
f 1392/3649/257 1391/3643/257 1402/3667/257 1403/3672/257
f 1399/3673/258 1398/3668/258 1409/3669/258 1410/3674/258
f 1396/3659/259 1395/3670/259 1406/3671/259 1407/3660/259
f 1393/3652/260 1392/3649/260 1403/3672/260 1404/3675/260
f 1403/3672/261 1402/3667/261 1413/3676/261 1414/3677/261
f 1410/3674/262 1409/3669/262 1420/3678/262 1421/3679/262
f 1407/3660/263 1406/3671/263 1417/3680/263 1418/3681/263
f 1404/3675/264 1403/3672/264 1414/3677/264 1415/3682/264
f 1411/3657/265 1410/3656/265 1421/3683/265 1422/3684/265
f 1408/3661/266 1407/3660/266 1418/3681/266 1419/3685/266
f 1405/3665/267 1404/3664/267 1415/3686/267 1416/3687/267
f 1412/3666/268 1411/3657/268 1422/3684/268 1423/3688/268
f 1402/3667/269 1281/3522/269 1413/3676/269
f 1409/3669/270 1408/3661/270 1419/3685/270 1420/3678/270
f 1406/3671/271 1405/3665/271 1416/3687/271 1417/3680/271
f 1291/3524/272 1412/3666/272 1423/3688/272
f 1423/3688/273 1422/3684/273 1433/3689/273 1434/3690/273
f 1413/3676/274 1281/3522/274 1424/3691/274
f 1420/3678/275 1419/3685/275 1430/3692/275 1431/3693/275
f 1417/3680/276 1416/3687/276 1427/3694/276 1428/3695/276
f 1291/3524/277 1423/3688/277 1434/3690/277
f 1414/3677/278 1413/3676/278 1424/3691/278 1425/3696/278
f 1421/3679/279 1420/3678/279 1431/3693/279 1432/3697/279
f 1418/3681/280 1417/3680/280 1428/3695/280 1429/3698/280
f 1415/3682/281 1414/3677/281 1425/3696/281 1426/3699/281
f 1422/3684/282 1421/3683/282 1432/3700/282 1433/3689/282
f 1419/3685/283 1418/3681/283 1429/3698/283 1430/3692/283
f 1416/3687/284 1415/3686/284 1426/3701/284 1427/3694/284
f 1426/3699/285 1425/3696/285 1436/3702/285 1437/3703/285
f 1433/3689/286 1432/3700/286 1443/3704/286 1444/3705/286
f 1430/3692/287 1429/3698/287 1440/3706/287 1441/3707/287
f 1427/3694/288 1426/3701/288 1437/3708/288 1438/3709/288
f 1434/3690/289 1433/3689/289 1444/3705/289 1445/3710/289
f 1424/3691/290 1281/3522/290 1435/3711/290
f 1431/3693/291 1430/3692/291 1441/3707/291 1442/3712/291
f 1428/3695/292 1427/3694/292 1438/3709/292 1439/3713/292
f 1291/3524/293 1434/3690/293 1445/3710/293
f 1425/3696/294 1424/3691/294 1435/3711/294 1436/3702/294
f 1432/3697/295 1431/3693/295 1442/3712/295 1443/3714/295
f 1429/3698/296 1428/3695/296 1439/3713/296 1440/3706/296
f 1291/3524/297 1445/3710/297 1456/3715/297
f 1436/3702/298 1435/3711/298 1446/3716/298 1447/3717/298
f 1443/3718/299 1442/3719/299 1453/3720/299 1454/3721/299
f 1440/3722/300 1439/3723/300 1450/3724/300 1451/3725/300
f 1437/3703/301 1436/3702/301 1447/3717/301 1448/3726/301
f 1444/3705/302 1443/3704/302 1454/3727/302 1455/3728/302
f 1441/3729/303 1440/3722/303 1451/3725/303 1452/3730/303
f 1438/3731/304 1437/3732/304 1448/3733/304 1449/3734/304
f 1445/3710/305 1444/3705/305 1455/3728/305 1456/3715/305
f 1435/3711/306 1281/3522/306 1446/3716/306
f 1442/3719/307 1441/3729/307 1452/3730/307 1453/3720/307
f 1439/3723/308 1438/3731/308 1449/3734/308 1450/3724/308
f 1449/3734/309 1448/3733/309 1457/3516/309 1284/3515/309
f 1456/3715/310 1455/3728/310 1289/3509/310 1290/3519/310
f 1446/3716/311 1281/3522/311 1282/3521/311
f 1453/3720/312 1452/3730/312 1287/3513/312 1288/3498/312
f 1450/3724/313 1449/3734/313 1284/3515/313 1285/3502/313
f 1291/3524/314 1456/3715/314 1290/3519/314
f 1447/3717/315 1446/3716/315 1282/3521/315 1283/3506/315
f 1454/3721/316 1453/3720/316 1288/3498/316 1458/3497/316
f 1451/3725/317 1450/3724/317 1285/3502/317 1286/3501/317
f 1448/3726/318 1447/3717/318 1283/3506/318 1457/3505/318
f 1455/3728/319 1454/3727/319 1458/3510/319 1289/3509/319
f 1452/3730/320 1451/3725/320 1286/3501/320 1287/3513/320
f 1469/3735/139 1468/3736/139 1480/3737/139
f 1461/3738/140 1460/3739/140 1470/3740/140 1471/3741/140
f 1636/3742/129 1466/3743/129 1477/3744/129 1478/3745/129
f 1464/3746/130 1463/3747/130 1474/3748/130 1475/3749/130
f 1635/3750/131 1461/3738/131 1471/3741/131 1472/3751/131
f 1467/3752/132 1636/3753/132 1478/3754/132 1479/3755/132
f 1465/3756/133 1464/3746/133 1475/3749/133 1476/3757/133
f 1462/3758/134 1635/3759/134 1472/3760/134 1473/3761/134
f 1468/3736/135 1467/3752/135 1479/3755/135 1480/3737/135
f 1460/3739/136 1459/3762/136 1470/3740/136
f 1466/3743/137 1465/3756/137 1476/3757/137 1477/3744/137
f 1463/3747/138 1462/3758/138 1473/3761/138 1474/3748/138
f 1476/3757/152 1475/3749/152 1486/3763/152 1487/3764/152
f 1473/3761/321 1472/3760/321 1483/3765/321 1484/3766/321
f 1480/3737/142 1479/3755/142 1490/3767/142 1491/3768/142
f 1470/3740/322 1459/3762/322 1481/3769/322
f 1477/3744/144 1476/3757/144 1487/3764/144 1488/3770/144
f 1474/3748/145 1473/3761/145 1484/3766/145 1485/3771/145
f 1469/3735/323 1480/3737/323 1491/3768/323
f 1471/3741/147 1470/3740/147 1481/3769/147 1482/3772/147
f 1478/3745/324 1477/3744/324 1488/3770/324 1489/3773/324
f 1475/3749/149 1474/3748/149 1485/3771/149 1486/3763/149
f 1472/3751/325 1471/3741/325 1482/3772/325 1483/3774/325
f 1479/3755/326 1478/3754/326 1489/3775/326 1490/3767/326
f 1489/3776/164 1488/3777/164 1499/3778/164 1500/3779/164
f 1486/3780/153 1485/3781/153 1496/3782/153 1497/3783/153
f 1483/3774/154 1482/3772/154 1493/3784/154 1494/3785/154
f 1490/3767/327 1489/3775/327 1500/3786/327 1501/3787/327
f 1487/3788/156 1486/3780/156 1497/3783/156 1498/3789/156
f 1484/3790/157 1483/3791/157 1494/3792/157 1495/3793/157
f 1491/3768/158 1490/3767/158 1501/3787/158 1502/3794/158
f 1481/3769/159 1459/3762/159 1492/3795/159
f 1488/3777/160 1487/3788/160 1498/3789/160 1499/3778/160
f 1485/3781/161 1484/3790/161 1495/3793/161 1496/3782/161
f 1469/3735/162 1491/3768/162 1502/3794/162
f 1482/3772/163 1481/3769/163 1492/3795/163 1493/3784/163
f 1492/3795/328 1459/3762/328 1503/3796/328
f 1499/3778/176 1498/3789/176 1509/3797/176 1510/3798/176
f 1496/3782/165 1495/3793/165 1506/3799/165 1507/3800/165
f 1469/3735/329 1502/3794/329 1513/3801/329
f 1493/3784/167 1492/3795/167 1503/3796/167 1504/3802/167
f 1500/3779/168 1499/3778/168 1510/3798/168 1511/3803/168
f 1497/3783/330 1496/3782/330 1507/3800/330 1508/3804/330
f 1494/3785/170 1493/3784/170 1504/3802/170 1505/3805/170
f 1501/3787/331 1500/3786/331 1511/3806/331 1512/3807/331
f 1498/3789/332 1497/3783/332 1508/3804/332 1509/3797/332
f 1495/3793/173 1494/3792/173 1505/3808/173 1506/3799/173
f 1502/3794/174 1501/3787/174 1512/3807/174 1513/3801/174
f 1512/3807/188 1511/3806/188 1522/3809/188 1523/3810/188
f 1509/3797/333 1508/3804/333 1519/3811/333 1520/3812/333
f 1506/3799/178 1505/3808/178 1516/3813/178 1517/3814/178
f 1513/3801/179 1512/3807/179 1523/3810/179 1524/3815/179
f 1503/3796/334 1459/3762/334 1514/3816/334
f 1510/3798/181 1509/3797/181 1520/3812/181 1521/3817/181
f 1507/3800/182 1506/3799/182 1517/3814/182 1518/3818/182
f 1469/3735/335 1513/3801/335 1524/3815/335
f 1504/3802/184 1503/3796/184 1514/3816/184 1515/3819/184
f 1511/3803/185 1510/3798/185 1521/3817/185 1522/3820/185
f 1508/3804/336 1507/3800/336 1518/3818/336 1519/3811/336
f 1505/3805/187 1504/3802/187 1515/3819/187 1516/3821/187
f 1515/3819/199 1514/3816/199 1525/3822/199 1526/3823/199
f 1522/3820/200 1521/3817/200 1532/3824/200 1533/3825/200
f 1519/3811/189 1518/3818/189 1529/3826/189 1530/3827/189
f 1516/3821/190 1515/3819/190 1526/3823/190 1527/3828/190
f 1523/3810/191 1522/3809/191 1533/3829/191 1534/3830/191
f 1520/3812/192 1519/3811/192 1530/3827/192 1531/3831/192
f 1517/3814/193 1516/3813/193 1527/3832/193 1528/3833/193
f 1524/3815/337 1523/3810/337 1534/3830/337 1535/3834/337
f 1514/3816/195 1459/3762/195 1525/3822/195
f 1521/3817/196 1520/3812/196 1531/3831/196 1532/3824/196
f 1518/3818/197 1517/3814/197 1528/3833/197 1529/3826/197
f 1469/3735/198 1524/3815/198 1535/3834/198
f 1535/3834/211 1534/3830/211 1545/3835/211 1546/3836/211
f 1525/3822/338 1459/3762/338 1536/3837/338
f 1532/3838/201 1531/3839/201 1542/3840/201 1543/3841/201
f 1529/3842/202 1528/3843/202 1539/3844/202 1540/3845/202
f 1469/3735/339 1535/3834/339 1546/3836/339
f 1526/3823/204 1525/3822/204 1536/3837/204 1537/3846/204
f 1533/3847/340 1532/3838/340 1543/3841/340 1544/3848/340
f 1530/3849/206 1529/3842/206 1540/3845/206 1541/3850/206
f 1527/3828/341 1526/3823/341 1537/3846/341 1538/3851/341
f 1534/3830/342 1533/3829/342 1544/3852/342 1545/3835/342
f 1531/3839/209 1530/3849/209 1541/3850/209 1542/3840/209
f 1528/3843/343 1527/3853/343 1538/3854/343 1539/3844/343
f 1538/3851/223 1537/3846/223 1548/3855/223 1549/3856/223
f 1545/3835/224 1544/3852/224 1555/3857/224 1556/3858/224
f 1542/3840/213 1541/3850/213 1552/3859/213 1553/3860/213
f 1539/3844/214 1538/3854/214 1549/3861/214 1550/3862/214
f 1546/3836/215 1545/3835/215 1556/3858/215 1557/3863/215
f 1536/3837/216 1459/3762/216 1547/3864/216
f 1543/3841/217 1542/3840/217 1553/3860/217 1554/3865/217
f 1540/3845/218 1539/3844/218 1550/3862/218 1551/3866/218
f 1469/3735/219 1546/3836/219 1557/3863/219
f 1537/3846/220 1536/3837/220 1547/3864/220 1548/3855/220
f 1544/3848/221 1543/3841/221 1554/3865/221 1555/3867/221
f 1541/3850/222 1540/3845/222 1551/3866/222 1552/3859/222
f 1469/3735/235 1557/3863/235 1568/3868/235
f 1548/3855/236 1547/3864/236 1558/3869/236 1559/3870/236
f 1555/3867/344 1554/3865/344 1565/3871/344 1566/3872/344
f 1552/3859/226 1551/3866/226 1562/3873/226 1563/3874/226
f 1549/3856/227 1548/3855/227 1559/3870/227 1560/3875/227
f 1556/3858/228 1555/3857/228 1566/3876/228 1567/3877/228
f 1553/3860/229 1552/3859/229 1563/3874/229 1564/3878/229
f 1550/3862/345 1549/3861/345 1560/3879/345 1561/3880/345
f 1557/3863/231 1556/3858/231 1567/3877/231 1568/3868/231
f 1547/3864/232 1459/3762/232 1558/3869/232
f 1554/3865/346 1553/3860/346 1564/3878/346 1565/3871/346
f 1551/3866/347 1550/3862/347 1561/3880/347 1562/3873/347
f 1561/3880/247 1560/3879/247 1571/3881/247 1572/3882/247
f 1568/3868/248 1567/3877/248 1578/3883/248 1579/3884/248
f 1558/3869/348 1459/3762/348 1569/3885/348
f 1565/3871/238 1564/3878/238 1575/3886/238 1576/3887/238
f 1562/3873/239 1561/3880/239 1572/3882/239 1573/3888/239
f 1469/3735/349 1568/3868/349 1579/3884/349
f 1559/3870/241 1558/3869/241 1569/3885/241 1570/3889/241
f 1566/3872/242 1565/3871/242 1576/3887/242 1577/3890/242
f 1563/3874/243 1562/3873/243 1573/3888/243 1574/3891/243
f 1560/3875/244 1559/3870/244 1570/3889/244 1571/3892/244
f 1567/3877/245 1566/3876/245 1577/3893/245 1578/3883/245
f 1564/3878/246 1563/3874/246 1574/3891/246 1575/3886/246
f 1571/3892/260 1570/3889/260 1581/3894/260 1582/3895/260
f 1578/3883/350 1577/3893/350 1588/3896/350 1589/3897/350
f 1575/3898/250 1574/3899/250 1585/3900/250 1586/3901/250
f 1572/3902/351 1571/3903/351 1582/3904/351 1583/3905/351
f 1579/3884/252 1578/3883/252 1589/3897/252 1590/3906/252
f 1569/3885/253 1459/3762/253 1580/3907/253
f 1576/3908/254 1575/3898/254 1586/3901/254 1587/3909/254
f 1573/3910/255 1572/3902/255 1583/3905/255 1584/3911/255
f 1469/3735/256 1579/3884/256 1590/3906/256
f 1570/3889/257 1569/3885/257 1580/3907/257 1581/3894/257
f 1577/3912/352 1576/3908/352 1587/3909/352 1588/3913/352
f 1574/3899/259 1573/3910/259 1584/3911/259 1585/3900/259
f 1584/3911/271 1583/3905/271 1594/3914/271 1595/3915/271
f 1469/3735/353 1590/3906/353 1601/3916/353
f 1581/3894/261 1580/3907/261 1591/3917/261 1592/3918/261
f 1588/3913/262 1587/3909/262 1598/3919/262 1599/3920/262
f 1585/3900/354 1584/3911/354 1595/3915/354 1596/3921/354
f 1582/3895/264 1581/3894/264 1592/3918/264 1593/3922/264
f 1589/3897/265 1588/3896/265 1599/3923/265 1600/3924/265
f 1586/3901/355 1585/3900/355 1596/3921/355 1597/3925/355
f 1583/3905/267 1582/3904/267 1593/3926/267 1594/3914/267
f 1590/3906/268 1589/3897/268 1600/3924/268 1601/3916/268
f 1580/3907/356 1459/3762/356 1591/3917/356
f 1587/3909/270 1586/3901/270 1597/3925/270 1598/3919/270
f 1594/3914/357 1593/3926/357 1604/3927/357 1605/3928/357
f 1601/3916/273 1600/3924/273 1611/3929/273 1612/3930/273
f 1591/3917/358 1459/3762/358 1602/3931/358
f 1598/3919/275 1597/3925/275 1608/3932/275 1609/3933/275
f 1595/3915/276 1594/3914/276 1605/3928/276 1606/3934/276
f 1469/3735/359 1601/3916/359 1612/3930/359
f 1592/3918/278 1591/3917/278 1602/3931/278 1603/3935/278
f 1599/3920/279 1598/3919/279 1609/3933/279 1610/3936/279
f 1596/3921/360 1595/3915/360 1606/3934/360 1607/3937/360
f 1593/3922/281 1592/3918/281 1603/3935/281 1604/3938/281
f 1600/3924/282 1599/3923/282 1610/3939/282 1611/3929/282
f 1597/3925/361 1596/3921/361 1607/3937/361 1608/3932/361
f 1607/3937/296 1606/3934/296 1617/3940/296 1618/3941/296
f 1604/3938/362 1603/3935/362 1614/3942/362 1615/3943/362
f 1611/3929/363 1610/3939/363 1621/3944/363 1622/3945/363
f 1608/3932/364 1607/3937/364 1618/3941/364 1619/3946/364
f 1605/3928/365 1604/3927/365 1615/3947/365 1616/3948/365
f 1612/3930/289 1611/3929/289 1622/3945/289 1623/3949/289
f 1602/3931/290 1459/3762/290 1613/3950/290
f 1609/3933/291 1608/3932/291 1619/3946/291 1620/3951/291
f 1606/3934/292 1605/3928/292 1616/3948/292 1617/3940/292
f 1469/3735/293 1612/3930/293 1623/3949/293
f 1603/3935/294 1602/3931/294 1613/3950/294 1614/3942/294
f 1610/3936/366 1609/3933/366 1620/3951/366 1621/3952/366
f 1617/3953/308 1616/3954/308 1627/3955/308 1628/3956/308
f 1469/3735/367 1623/3949/367 1634/3957/367
f 1614/3942/298 1613/3950/298 1624/3958/298 1625/3959/298
f 1621/3960/299 1620/3961/299 1631/3962/299 1632/3963/299
f 1618/3964/300 1617/3953/300 1628/3956/300 1629/3965/300
f 1615/3943/368 1614/3942/368 1625/3959/368 1626/3966/368
f 1622/3945/369 1621/3944/369 1632/3967/369 1633/3968/369
f 1619/3969/303 1618/3964/303 1629/3965/303 1630/3970/303
f 1616/3954/304 1615/3971/304 1626/3972/304 1627/3955/304
f 1623/3949/305 1622/3945/305 1633/3968/305 1634/3957/305
f 1613/3950/370 1459/3762/370 1624/3958/370
f 1620/3961/307 1619/3969/307 1630/3970/307 1631/3962/307
f 1630/3970/320 1629/3965/320 1464/3746/320 1465/3756/320
f 1627/3955/371 1626/3972/371 1635/3759/371 1462/3758/371
f 1634/3957/310 1633/3968/310 1467/3752/310 1468/3736/310
f 1624/3958/311 1459/3762/311 1460/3739/311
f 1631/3962/372 1630/3970/372 1465/3756/372 1466/3743/372
f 1628/3956/373 1627/3955/373 1462/3758/373 1463/3747/373
f 1469/3735/314 1634/3957/314 1468/3736/314
f 1625/3959/315 1624/3958/315 1460/3739/315 1461/3738/315
f 1632/3963/374 1631/3962/374 1466/3743/374 1636/3742/374
f 1629/3965/317 1628/3956/317 1463/3747/317 1464/3746/317
f 1626/3966/318 1625/3959/318 1461/3738/318 1635/3750/318
f 1633/3968/319 1632/3967/319 1636/3753/319 1467/3752/319
f 1637/3973/3 1638/3974/3 1640/3975/3 1639/3976/3
f 1639/3977/4 1640/3978/4 1644/3979/4 1643/3980/4
f 1643/3981/1 1644/3982/1 1642/3983/1 1641/3984/1
f 1641/3985/2 1642/3986/2 1638/3987/2 1637/3988/2
f 1639/3989/5 1643/3990/5 1641/3991/5 1637/3992/5
f 1644/3993/6 1640/3994/6 1638/3995/6 1642/3996/6
f 1645/3997/375 1646/3998/375 1648/3999/375 1647/4000/375
f 1647/4001/376 1648/4002/376 1650/4003/376 1649/4004/376
f 1649/4004/1 1650/4003/1 1652/4005/1 1651/4006/1
f 1651/4006/377 1652/4005/377 1654/4007/377 1653/4008/377
f 1653/4009/378 1654/4010/378 1656/4011/378 1655/4012/378
f 1655/4012/379 1656/4011/379 1658/4013/379 1657/4014/379
f 1657/4015/380 1658/4016/380 1660/4017/380 1659/4018/380
f 1659/4018/3 1660/4017/3 1662/4019/3 1661/4020/3
f 1648/4021/381 1646/4022/381 1664/4023/381 1662/4024/381 1660/4025/381 1658/4026/381 1656/4027/381 1654/4028/381 1652/4029/381 1650/4030/381
f 1661/4020/382 1662/4019/382 1664/4031/382 1663/4032/382
f 1663/4033/383 1664/4034/383 1646/3998/383 1645/3997/383
f 1645/4035/384 1647/4036/384 1649/4037/384 1651/4038/384 1653/4039/384 1655/4040/384 1657/4041/384 1659/4042/384 1661/4043/384 1663/4044/384
f 1665/4045/385 1666/4046/385 1668/4047/385 1667/4048/385
f 1667/4049/386 1668/4050/386 1670/4051/386 1669/4052/386
f 1669/4052/387 1670/4051/387 1672/4053/387 1671/4054/387
f 1671/4055/388 1672/4056/388 1674/4057/388 1673/4058/388
f 1673/4059/389 1674/4060/389 1676/4061/389 1675/4062/389
f 1675/4062/390 1676/4061/390 1678/4063/390 1677/4064/390
f 1677/4065/391 1678/4066/391 1680/4067/391 1679/4068/391
f 1679/4068/392 1680/4067/392 1682/4069/392 1681/4070/392
f 1668/4071/393 1666/4072/393 1684/4073/393 1682/4074/393 1680/4075/393 1678/4076/393 1676/4077/393 1674/4078/393 1672/4079/393 1670/4080/393
f 1681/4081/394 1682/4074/394 1684/4073/394 1683/4082/394
f 1683/4083/395 1684/4084/395 1666/4046/395 1665/4045/395
f 1665/4085/396 1667/4086/396 1669/4087/396 1671/4055/396 1673/4058/396 1675/4088/396 1677/4089/396 1679/4090/396 1681/4091/396 1683/4092/396
f 1685/4093/397 1686/4094/397 1688/4095/397 1687/4096/397
f 1687/4097/398 1688/4098/398 1690/4099/398 1689/4100/398
f 1689/4101/399 1690/4102/399 1692/4103/399 1691/4104/399
f 1691/4104/400 1692/4103/400 1694/4105/400 1693/4106/400
f 1693/4107/401 1694/4108/401 1696/4109/401 1695/4110/401
f 1695/4110/402 1696/4109/402 1698/4111/402 1697/4112/402
f 1697/4113/403 1698/4114/403 1700/4115/403 1699/4116/403
f 1699/4117/404 1700/4118/404 1702/4119/404 1701/4120/404
f 1688/4098/405 1686/4121/405 1704/4122/405 1702/4123/405 1700/4124/405 1698/4125/405 1696/4126/405 1694/4127/405 1692/4128/405 1690/4099/405
f 1701/4120/406 1702/4119/406 1704/4129/406 1703/4130/406
f 1703/4131/407 1704/4132/407 1686/4094/407 1685/4093/407
f 1685/4133/408 1687/4134/408 1689/4135/408 1691/4136/408 1693/4137/408 1695/4138/408 1697/4113/408 1699/4116/408 1701/4139/408 1703/4140/408
f 1705/4141/409 1706/4142/409 1708/4143/409 1707/4144/409
f 1707/4144/410 1708/4143/410 1710/4145/410 1709/4146/410
f 1709/4147/411 1710/4148/411 1712/4149/411 1711/4150/411
f 1711/4150/412 1712/4149/412 1714/4151/412 1713/4152/412
f 1713/4152/413 1714/4151/413 1716/4153/413 1715/4154/413
f 1715/4154/414 1716/4153/414 1718/4155/414 1717/4156/414
f 1717/4157/415 1718/4158/415 1720/4159/415 1719/4160/415
f 1719/4160/416 1720/4159/416 1722/4161/416 1721/4162/416
f 1721/4163/417 1722/4164/417 1724/4165/417 1723/4166/417
f 1723/4166/418 1724/4165/418 1726/4167/418 1725/4168/418
f 1708/4169/419 1706/4170/419 1728/4171/419 1726/4172/419 1724/4173/419 1722/4174/419 1720/4175/419 1718/4176/419 1716/4177/419 1714/4178/419 1712/4179/419 1710/4180/419
f 1725/4168/420 1726/4167/420 1728/4181/420 1727/4182/420
f 1727/4182/421 1728/4181/421 1706/4183/421 1705/4184/421
f 1705/4185/422 1707/4186/422 1709/4187/422 1711/4188/422 1713/4189/422 1715/4190/422 1717/4191/422 1719/4192/422 1721/4193/422 1723/4194/422 1725/4195/422 1727/4196/422
f 1729/4197/423 1730/4198/423 1732/4199/423 1731/4200/423
f 1731/4200/424 1732/4199/424 1734/4201/424 1733/4202/424
f 1733/4202/425 1734/4201/425 1736/4203/425 1735/4204/425
f 1735/4204/426 1736/4203/426 1738/4205/426 1737/4206/426
f 1737/4207/427 1738/4208/427 1740/4209/427 1739/4210/427
f 1739/4210/428 1740/4209/428 1742/4211/428 1741/4212/428
f 1741/4213/429 1742/4214/429 1744/4215/429 1743/4216/429
f 1743/4216/430 1744/4215/430 1746/4217/430 1745/4218/430
f 1745/4218/431 1746/4217/431 1748/4219/431 1747/4220/431
f 1747/4220/432 1748/4219/432 1750/4221/432 1749/4222/432
f 1732/4223/433 1730/4224/433 1752/4225/433 1750/4226/433 1748/4227/433 1746/4228/433 1744/4229/433 1742/4230/433 1740/4231/433 1738/4232/433 1736/4233/433 1734/4234/433
f 1749/4235/434 1750/4236/434 1752/4237/434 1751/4238/434
f 1751/4238/435 1752/4237/435 1730/4239/435 1729/4240/435
f 1729/4241/436 1731/4242/436 1733/4243/436 1735/4244/436 1737/4245/436 1739/4246/436 1741/4247/436 1743/4248/436 1745/4249/436 1747/4250/436 1749/4251/436 1751/4252/436
f 1753/4253/437 1754/4254/437 1756/4255/437 1755/4256/437
f 1755/4257/438 1756/4258/438 1758/4259/438 1757/4260/438
f 1757/4260/439 1758/4259/439 1760/4261/439 1759/4262/439
f 1759/4262/440 1760/4261/440 1762/4263/440 1761/4264/440
f 1761/4264/441 1762/4263/441 1764/4265/441 1763/4266/441
f 1763/4267/442 1764/4268/442 1766/4269/442 1765/4270/442
f 1765/4270/443 1766/4269/443 1768/4271/443 1767/4272/443
f 1767/4273/444 1768/4274/444 1770/4275/444 1769/4276/444
f 1769/4276/445 1770/4275/445 1772/4277/445 1771/4278/445
f 1771/4278/446 1772/4277/446 1774/4279/446 1773/4280/446
f 1756/4281/447 1754/4282/447 1776/4283/447 1774/4284/447 1772/4285/447 1770/4286/447 1768/4287/447 1766/4288/447 1764/4289/447 1762/4290/447 1760/4291/447 1758/4292/447
f 1773/4280/448 1774/4279/448 1776/4293/448 1775/4294/448
f 1775/4295/449 1776/4296/449 1754/4254/449 1753/4253/449
f 1753/4297/450 1755/4298/450 1757/4299/450 1759/4300/450 1761/4301/450 1763/4302/450 1765/4303/450 1767/4304/450 1769/4305/450 1771/4306/450 1773/4307/450 1775/4308/450
s 1
f 1777/4309/451 1778/4310/452 1780/4311/453 1779/4312/454
f 1779/4312/454 1780/4311/453 1782/4313/455 1781/4314/456
f 1781/4315/456 1782/4316/455 1784/4317/457 1783/4318/458
f 1783/4318/458 1784/4317/457 1786/4319/459 1785/4320/460
f 1785/4320/460 1786/4319/459 1788/4321/461 1787/4322/462
f 1787/4322/462 1788/4321/461 1790/4323/463 1789/4324/464
f 1789/4325/464 1790/4326/463 1792/4327/465 1791/4328/466
f 1791/4328/466 1792/4327/465 1794/4329/467 1793/4330/468
f 1793/4330/468 1794/4329/467 1796/4331/469 1795/4332/470
f 1795/4332/470 1796/4331/469 1798/4333/471 1797/4334/472
f 1797/4335/472 1798/4336/471 1800/4337/473 1799/4338/474
f 1799/4338/474 1800/4337/473 1802/4339/475 1801/4340/476
f 1801/4340/476 1802/4339/475 1804/4341/477 1803/4342/478
f 1803/4342/478 1804/4341/477 1806/4343/479 1805/4344/480
f 1780/4345/453 1778/4346/452 1808/4347/481 1806/4348/479 1804/4349/477 1802/4350/475 1800/4351/473 1798/4352/471 1796/4353/469 1794/4354/467 1792/4355/465 1790/4356/463 1788/4357/461 1786/4358/459 1784/4359/457 1782/4360/455
f 1805/4361/480 1806/4362/479 1808/4363/481 1807/4364/482
f 1807/4364/482 1808/4363/481 1778/4310/452 1777/4309/451
f 1777/4365/451 1779/4366/454 1781/4367/456 1783/4368/458 1785/4369/460 1787/4370/462 1789/4371/464 1791/4372/466 1793/4373/468 1795/4374/470 1797/4375/472 1799/4376/474 1801/4377/476 1803/4378/478 1805/4379/480 1807/4380/482
f 1809/4381/451 1810/4382/452 1812/4383/453 1811/4384/454
f 1811/4384/454 1812/4383/453 1814/4385/455 1813/4386/456
f 1813/4387/456 1814/4388/455 1816/4389/457 1815/4390/458
f 1815/4390/458 1816/4389/457 1818/4391/459 1817/4392/460
f 1817/4392/460 1818/4391/459 1820/4393/461 1819/4394/462
f 1819/4394/462 1820/4393/461 1822/4395/463 1821/4396/464
f 1821/4397/464 1822/4398/463 1824/4399/465 1823/4400/466
f 1823/4400/466 1824/4399/465 1826/4401/467 1825/4402/468
f 1825/4402/468 1826/4401/467 1828/4403/469 1827/4404/470
f 1827/4404/470 1828/4403/469 1830/4405/471 1829/4406/472
f 1829/4407/472 1830/4408/471 1832/4409/473 1831/4410/474
f 1831/4410/474 1832/4409/473 1834/4411/475 1833/4412/476
f 1833/4412/476 1834/4411/475 1836/4413/477 1835/4414/478
f 1835/4414/478 1836/4413/477 1838/4415/479 1837/4416/480
f 1812/4417/453 1810/4418/452 1840/4419/481 1838/4420/479 1836/4421/477 1834/4422/475 1832/4423/473 1830/4424/471 1828/4425/469 1826/4426/467 1824/4427/465 1822/4428/463 1820/4429/461 1818/4430/459 1816/4431/457 1814/4432/455
f 1837/4433/480 1838/4434/479 1840/4435/481 1839/4436/482
f 1839/4436/482 1840/4435/481 1810/4382/452 1809/4381/451
f 1809/4437/451 1811/4438/454 1813/4439/456 1815/4440/458 1817/4441/460 1819/4442/462 1821/4443/464 1823/4444/466 1825/4445/468 1827/4446/470 1829/4447/472 1831/4448/474 1833/4449/476 1835/4450/478 1837/4451/480 1839/4452/482
f 1841/4453/451 1842/4454/452 1844/4455/453 1843/4456/454
f 1843/4456/454 1844/4455/453 1846/4457/455 1845/4458/456
f 1845/4459/456 1846/4460/455 1848/4461/457 1847/4462/458
f 1847/4462/458 1848/4461/457 1850/4463/459 1849/4464/460
f 1849/4464/460 1850/4463/459 1852/4465/461 1851/4466/462
f 1851/4466/462 1852/4465/461 1854/4467/463 1853/4468/464
f 1853/4469/464 1854/4470/463 1856/4471/465 1855/4472/466
f 1855/4472/466 1856/4471/465 1858/4473/467 1857/4474/468
f 1857/4474/468 1858/4473/467 1860/4475/469 1859/4476/470
f 1859/4476/470 1860/4475/469 1862/4477/471 1861/4478/472
f 1861/4479/472 1862/4480/471 1864/4481/473 1863/4482/474
f 1863/4482/474 1864/4481/473 1866/4483/475 1865/4484/476
f 1865/4484/476 1866/4483/475 1868/4485/477 1867/4486/478
f 1867/4486/478 1868/4485/477 1870/4487/479 1869/4488/480
f 1844/4489/453 1842/4490/452 1872/4491/481 1870/4492/479 1868/4493/477 1866/4494/475 1864/4495/473 1862/4496/471 1860/4497/469 1858/4498/467 1856/4499/465 1854/4500/463 1852/4501/461 1850/4502/459 1848/4503/457 1846/4504/455
f 1869/4505/480 1870/4506/479 1872/4507/481 1871/4508/482
f 1871/4508/482 1872/4507/481 1842/4454/452 1841/4453/451
f 1841/4509/451 1843/4510/454 1845/4511/456 1847/4512/458 1849/4513/460 1851/4514/462 1853/4515/464 1855/4516/466 1857/4517/468 1859/4518/470 1861/4519/472 1863/4520/474 1865/4521/476 1867/4522/478 1869/4523/480 1871/4524/482
f 1873/4525/451 1874/4526/452 1876/4527/453 1875/4528/454
f 1875/4528/454 1876/4527/453 1878/4529/455 1877/4530/456
f 1877/4531/456 1878/4532/455 1880/4533/457 1879/4534/458
f 1879/4534/458 1880/4533/457 1882/4535/459 1881/4536/460
f 1881/4536/460 1882/4535/459 1884/4537/461 1883/4538/462
f 1883/4538/462 1884/4537/461 1886/4539/463 1885/4540/464
f 1885/4541/464 1886/4542/463 1888/4543/465 1887/4544/466
f 1887/4544/466 1888/4543/465 1890/4545/467 1889/4546/468
f 1889/4546/468 1890/4545/467 1892/4547/469 1891/4548/470
f 1891/4548/470 1892/4547/469 1894/4549/471 1893/4550/472
f 1893/4551/472 1894/4552/471 1896/4553/473 1895/4554/474
f 1895/4554/474 1896/4553/473 1898/4555/475 1897/4556/476
f 1897/4556/476 1898/4555/475 1900/4557/477 1899/4558/478
f 1899/4558/478 1900/4557/477 1902/4559/479 1901/4560/480
f 1876/4561/453 1874/4562/452 1904/4563/481 1902/4564/479 1900/4565/477 1898/4566/475 1896/4567/473 1894/4568/471 1892/4569/469 1890/4570/467 1888/4571/465 1886/4572/463 1884/4573/461 1882/4574/459 1880/4575/457 1878/4576/455
f 1901/4577/480 1902/4578/479 1904/4579/481 1903/4580/482
f 1903/4580/482 1904/4579/481 1874/4526/452 1873/4525/451
f 1873/4581/451 1875/4582/454 1877/4583/456 1879/4584/458 1881/4585/460 1883/4586/462 1885/4587/464 1887/4588/466 1889/4589/468 1891/4590/470 1893/4591/472 1895/4592/474 1897/4593/476 1899/4594/478 1901/4595/480 1903/4596/482
f 1905/4597/483 1908/4598/484 1910/4599/485 1909/4600/486
f 1908/4598/484 1912/4601/487 1913/4602/488 1910/4599/485
f 1906/4603/489 1911/4604/490 1913/4605/488 1912/4606/487
f 1911/4607/490 1915/4608/491 1916/4609/492 1913/4610/488
f 1907/4611/493 1914/4612/494 1916/4609/492 1915/4608/491
f 1914/4613/494 1909/4600/486 1910/4599/485 1916/4614/492
f 1910/4599/485 1913/4602/488 1916/4614/492
f 1917/4615/495 1920/4616/496 1922/4617/497 1921/4618/498
f 1920/4616/496 1924/4619/499 1925/4620/500 1922/4617/497
f 1918/4621/501 1923/4622/502 1925/4623/500 1924/4624/499
f 1923/4622/502 1927/4625/503 1928/4626/504 1925/4623/500
f 1919/4627/505 1926/4628/506 1928/4629/504 1927/4630/503
f 1926/4631/506 1921/4618/498 1922/4617/497 1928/4632/504
f 1922/4617/497 1925/4620/500 1928/4632/504
f 1929/4633/507 1932/4634/508 1934/4635/509 1933/4636/510
f 1932/4634/508 1936/4637/511 1937/4638/512 1934/4635/509
f 1930/4639/513 1935/4640/514 1937/4641/512 1936/4642/511
f 1935/4643/514 1939/4644/515 1940/4645/516 1937/4646/512
f 1931/4647/517 1938/4648/518 1940/4645/516 1939/4644/515
f 1938/4648/518 1933/4649/510 1934/4650/509 1940/4645/516
f 1934/4650/509 1937/4646/512 1940/4645/516
f 1941/4651/519 1944/4652/520 1946/4653/521 1945/4654/522
f 1944/4652/520 1948/4655/523 1949/4656/524 1946/4653/521
f 1942/4657/525 1947/4658/526 1949/4659/524 1948/4660/523
f 1947/4661/526 1951/4662/527 1952/4663/528 1949/4664/524
f 1943/4665/529 1950/4666/530 1952/4663/528 1951/4662/527
f 1950/4667/530 1945/4654/522 1946/4653/521 1952/4668/528
f 1946/4653/521 1949/4656/524 1952/4668/528
f 1953/4669/531 1956/4670/532 1958/4671/533 1957/4672/534
f 1956/4673/532 1960/4674/535 1961/4675/536 1958/4676/533
f 1954/4677/537 1959/4678/538 1961/4675/536 1960/4674/535
f 1959/4678/538 1963/4679/539 1964/4680/540 1961/4675/536
f 1955/4681/541 1962/4682/542 1964/4683/540 1963/4684/539
f 1962/4685/542 1957/4672/534 1958/4671/533 1964/4686/540
f 1958/4676/533 1961/4675/536 1964/4680/540
f 1965/4687/543 1968/4688/544 1970/4689/545 1969/4690/546
f 1968/4691/544 1972/4692/547 1973/4693/548 1970/4694/545
f 1966/4695/549 1971/4696/550 1973/4693/548 1972/4692/547
f 1971/4696/550 1975/4697/551 1976/4698/552 1973/4693/548
f 1967/4699/553 1974/4700/554 1976/4701/552 1975/4702/551
f 1974/4700/554 1969/4703/546 1970/4704/545 1976/4701/552
f 1970/4694/545 1973/4693/548 1976/4698/552
f 1977/4705/555 1980/4706/556 1982/4707/557 1981/4708/558
f 1980/4709/556 1984/4710/559 1985/4711/560 1982/4712/557
f 1978/4713/561 1983/4714/562 1985/4711/560 1984/4710/559
f 1983/4714/562 1987/4715/563 1988/4716/564 1985/4711/560
f 1979/4717/565 1986/4718/566 1988/4719/564 1987/4720/563
f 1986/4718/566 1981/4721/558 1982/4722/557 1988/4719/564
f 1982/4712/557 1985/4711/560 1988/4716/564
f 1989/4723/567 1992/4724/568 1994/4725/569 1993/4726/570
f 1992/4727/568 1996/4728/571 1997/4729/572 1994/4730/569
f 1990/4731/573 1995/4732/574 1997/4729/572 1996/4728/571
f 1995/4732/574 1999/4733/575 2000/4734/576 1997/4729/572
f 1991/4735/577 1998/4736/578 2000/4737/576 1999/4738/575
f 1998/4739/578 1993/4726/570 1994/4725/569 2000/4740/576
f 1994/4730/569 1997/4729/572 2000/4734/576
f 1929/4633/507 1905/4597/483 1909/4600/486 1932/4634/508
f 1932/4634/508 1909/4600/486 1914/4613/494 1936/4637/511
f 1936/4642/511 1914/4612/494 1907/4611/493 1930/4639/513
f 1906/4603/489 1917/4615/495 1921/4618/498 1911/4604/490
f 1911/4604/490 1921/4618/498 1926/4631/506 1915/4741/491
f 1915/4608/491 1926/4628/506 1919/4627/505 1907/4611/493
f 1918/4621/501 1941/4651/519 1945/4654/522 1923/4622/502
f 1923/4622/502 1945/4654/522 1950/4667/530 1927/4625/503
f 1927/4630/503 1950/4666/530 1943/4665/529 1919/4627/505
f 1942/4657/525 1931/4647/517 1939/4644/515 1947/4658/526
f 1947/4661/526 1939/4742/515 1935/4640/514 1951/4662/527
f 1951/4662/527 1935/4640/514 1930/4639/513 1943/4665/529
f 1977/4705/555 1929/4633/507 1933/4636/510 1980/4706/556
f 1980/4709/556 1933/4649/510 1938/4648/518 1984/4710/559
f 1984/4710/559 1938/4648/518 1931/4647/517 1978/4713/561
f 1941/4651/519 1989/4723/567 1993/4726/570 1944/4652/520
f 1944/4652/520 1993/4726/570 1998/4739/578 1948/4655/523
f 1948/4660/523 1998/4736/578 1991/4735/577 1942/4657/525
f 1990/4731/573 1979/4717/565 1987/4720/563 1995/4732/574
f 1995/4732/574 1987/4720/563 1983/4743/562 1999/4733/575
f 1999/4738/575 1983/4714/562 1978/4713/561 1991/4735/577
f 1953/4669/531 1977/4705/555 1981/4708/558 1956/4670/532
f 1956/4673/532 1981/4721/558 1986/4718/566 1960/4674/535
f 1960/4674/535 1986/4718/566 1979/4717/565 1954/4677/537
f 1989/4723/567 1965/4687/543 1969/4690/546 1992/4724/568
f 1992/4727/568 1969/4703/546 1974/4700/554 1996/4728/571
f 1996/4728/571 1974/4700/554 1967/4699/553 1990/4731/573
f 1966/4695/549 1955/4681/541 1963/4684/539 1971/4696/550
f 1971/4696/550 1963/4684/539 1959/4744/538 1975/4697/551
f 1975/4702/551 1959/4678/538 1954/4677/537 1967/4699/553
f 1905/4597/483 1953/4669/531 1957/4672/534 1908/4598/484
f 1908/4598/484 1957/4672/534 1962/4685/542 1912/4601/487
f 1912/4606/487 1962/4682/542 1955/4681/541 1906/4603/489
f 1965/4687/543 1918/4621/501 1924/4624/499 1968/4688/544
f 1968/4691/544 1924/4619/499 1920/4616/496 1972/4692/547
f 1972/4692/547 1920/4616/496 1917/4615/495 1966/4695/549
f 1929/4633/507 1977/4705/555 1953/4669/531 1905/4597/483
f 1907/4611/493 1919/4627/505 1943/4665/529 1930/4639/513
f 1955/4681/541 1966/4695/549 1917/4615/495 1906/4603/489
f 1989/4723/567 1941/4651/519 1918/4621/501 1965/4687/543
f 1931/4647/517 1942/4657/525 1991/4735/577 1978/4713/561
f 1979/4717/565 1990/4731/573 1967/4699/553 1954/4677/537
f 2001/4745/483 2004/4746/484 2006/4747/579 2005/4748/580
f 2004/4746/484 2008/4749/487 2009/4750/488 2006/4747/579
f 2002/4751/489 2007/4752/490 2009/4753/488 2008/4754/487
f 2007/4755/490 2011/4756/491 2012/4757/581 2009/4758/488
f 2003/4759/493 2010/4760/582 2012/4757/581 2011/4756/491
f 2010/4760/582 2005/4761/580 2006/4762/579 2012/4757/581
f 2006/4762/579 2009/4758/488 2012/4757/581
f 2013/4763/495 2016/4764/496 2018/4765/497 2017/4766/498
f 2016/4764/496 2020/4767/499 2021/4768/583 2018/4765/497
f 2014/4769/501 2019/4770/502 2021/4771/583 2020/4772/499
f 2019/4773/502 2023/4774/584 2024/4775/585 2021/4776/583
f 2015/4777/505 2022/4778/506 2024/4775/585 2023/4774/584
f 2022/4779/506 2017/4766/498 2018/4765/497 2024/4780/585
f 2018/4765/497 2021/4768/583 2024/4780/585
f 2025/4781/507 2028/4782/586 2030/4783/587 2029/4784/510
f 2028/4785/586 2032/4786/588 2033/4787/589 2030/4788/587
f 2026/4789/513 2031/4790/590 2033/4787/589 2032/4786/588
f 2031/4791/590 2035/4792/515 2036/4793/591 2033/4794/589
f 2027/4795/592 2034/4796/518 2036/4793/591 2035/4792/515
f 2034/4796/518 2029/4797/510 2030/4798/587 2036/4793/591
f 2030/4798/587 2033/4794/589 2036/4793/591
f 2037/4799/519 2040/4800/520 2042/4801/593 2041/4802/594
f 2040/4800/520 2044/4803/523 2045/4804/595 2042/4801/593
f 2038/4805/525 2043/4806/526 2045/4807/595 2044/4808/523
f 2043/4809/526 2047/4810/596 2048/4811/597 2045/4812/595
f 2039/4813/529 2046/4814/598 2048/4811/597 2047/4810/596
f 2046/4814/598 2041/4815/594 2042/4816/593 2048/4811/597
f 2042/4816/593 2045/4812/595 2048/4811/597
f 2049/4817/531 2052/4818/532 2054/4819/533 2053/4820/534
f 2052/4818/532 2056/4821/599 2057/4822/600 2054/4819/533
f 2050/4823/537 2055/4824/538 2057/4825/600 2056/4826/599
f 2055/4824/538 2059/4827/539 2060/4828/540 2057/4825/600
f 2051/4829/541 2058/4830/542 2060/4831/540 2059/4832/539
f 2058/4833/542 2053/4820/534 2054/4819/533 2060/4834/540
f 2054/4819/533 2057/4822/600 2060/4834/540
f 2061/4835/543 2064/4836/544 2066/4837/545 2065/4838/546
f 2064/4839/544 2068/4840/547 2069/4841/548 2066/4842/545
f 2062/4843/549 2067/4844/550 2069/4841/548 2068/4840/547
f 2067/4844/550 2071/4845/551 2072/4846/601 2069/4841/548
f 2063/4847/553 2070/4848/602 2072/4849/601 2071/4850/551
f 2070/4851/602 2065/4838/546 2066/4837/545 2072/4852/601
f 2066/4842/545 2069/4841/548 2072/4846/601
f 2073/4853/555 2076/4854/556 2078/4855/557 2077/4856/558
f 2076/4857/556 2080/4858/559 2081/4859/560 2078/4860/557
f 2074/4861/561 2079/4862/562 2081/4859/560 2080/4858/559
f 2079/4862/562 2083/4863/563 2084/4864/603 2081/4859/560
f 2075/4865/565 2082/4866/604 2084/4867/603 2083/4868/563
f 2082/4869/604 2077/4856/558 2078/4855/557 2084/4870/603
f 2078/4860/557 2081/4859/560 2084/4864/603
f 2085/4871/567 2088/4872/568 2090/4873/569 2089/4874/570
f 2088/4872/568 2092/4875/605 2093/4876/572 2090/4873/569
f 2086/4877/573 2091/4878/574 2093/4879/572 2092/4880/605
f 2091/4878/574 2095/4881/575 2096/4882/576 2093/4879/572
f 2087/4883/606 2094/4884/578 2096/4885/576 2095/4886/575
f 2094/4887/578 2089/4874/570 2090/4873/569 2096/4888/576
f 2090/4873/569 2093/4876/572 2096/4888/576
f 2025/4781/507 2001/4745/483 2005/4748/580 2028/4782/586
f 2028/4785/586 2005/4761/580 2010/4760/582 2032/4786/588
f 2032/4786/588 2010/4760/582 2003/4759/493 2026/4789/513
f 2002/4751/489 2013/4763/495 2017/4766/498 2007/4752/490
f 2007/4752/490 2017/4766/498 2022/4779/506 2011/4889/491
f 2011/4756/491 2022/4778/506 2015/4777/505 2003/4759/493
f 2014/4769/501 2037/4799/519 2041/4802/594 2019/4770/502
f 2019/4773/502 2041/4815/594 2046/4814/598 2023/4774/584
f 2023/4774/584 2046/4814/598 2039/4813/529 2015/4777/505
f 2038/4805/525 2027/4795/592 2035/4792/515 2043/4806/526
f 2043/4809/526 2035/4890/515 2031/4790/590 2047/4810/596
f 2047/4810/596 2031/4790/590 2026/4789/513 2039/4813/529
f 2073/4853/555 2025/4781/507 2029/4784/510 2076/4854/556
f 2076/4857/556 2029/4797/510 2034/4796/518 2080/4858/559
f 2080/4858/559 2034/4796/518 2027/4795/592 2074/4861/561
f 2037/4799/519 2085/4871/567 2089/4874/570 2040/4800/520
f 2040/4800/520 2089/4874/570 2094/4887/578 2044/4803/523
f 2044/4808/523 2094/4884/578 2087/4883/606 2038/4805/525
f 2086/4877/573 2075/4865/565 2083/4868/563 2091/4878/574
f 2091/4878/574 2083/4868/563 2079/4891/562 2095/4881/575
f 2095/4886/575 2079/4862/562 2074/4861/561 2087/4883/606
f 2049/4817/531 2073/4853/555 2077/4856/558 2052/4818/532
f 2052/4892/532 2077/4893/558 2082/4866/604 2056/4826/599
f 2056/4826/599 2082/4866/604 2075/4865/565 2050/4823/537
f 2085/4871/567 2061/4835/543 2065/4838/546 2088/4872/568
f 2088/4894/568 2065/4895/546 2070/4848/602 2092/4880/605
f 2092/4880/605 2070/4848/602 2063/4847/553 2086/4877/573
f 2062/4843/549 2051/4829/541 2059/4832/539 2067/4844/550
f 2067/4844/550 2059/4832/539 2055/4896/538 2071/4845/551
f 2071/4850/551 2055/4824/538 2050/4823/537 2063/4847/553
f 2001/4745/483 2049/4817/531 2053/4820/534 2004/4746/484
f 2004/4746/484 2053/4820/534 2058/4833/542 2008/4749/487
f 2008/4754/487 2058/4830/542 2051/4829/541 2002/4751/489
f 2061/4835/543 2014/4769/501 2020/4772/499 2064/4836/544
f 2064/4839/544 2020/4767/499 2016/4764/496 2068/4840/547
f 2068/4840/547 2016/4764/496 2013/4763/495 2062/4843/549
f 2025/4781/507 2073/4853/555 2049/4817/531 2001/4745/483
f 2003/4759/493 2015/4777/505 2039/4813/529 2026/4789/513
f 2051/4829/541 2062/4843/549 2013/4763/495 2002/4751/489
f 2085/4871/567 2037/4799/519 2014/4769/501 2061/4835/543
f 2027/4795/592 2038/4805/525 2087/4883/606 2074/4861/561
f 2075/4865/565 2086/4877/573 2063/4847/553 2050/4823/537
f 2097/4897/483 2100/4898/484 2102/4899/579 2101/4900/607
f 2100/4898/484 2104/4901/487 2105/4902/488 2102/4899/579
f 2098/4903/489 2103/4904/490 2105/4905/488 2104/4906/487
f 2103/4907/490 2107/4908/491 2108/4909/492 2105/4910/488
f 2099/4911/493 2106/4912/608 2108/4909/492 2107/4908/491
f 2106/4913/608 2101/4900/607 2102/4899/579 2108/4914/492
f 2102/4899/579 2105/4902/488 2108/4914/492
f 2109/4915/495 2112/4916/496 2114/4917/497 2113/4918/498
f 2112/4916/496 2116/4919/499 2117/4920/500 2114/4917/497
f 2110/4921/501 2115/4922/502 2117/4923/500 2116/4924/499
f 2115/4922/502 2119/4925/609 2120/4926/504 2117/4923/500
f 2111/4927/505 2118/4928/506 2120/4929/504 2119/4930/609
f 2118/4931/506 2113/4918/498 2114/4917/497 2120/4932/504
f 2114/4917/497 2117/4920/500 2120/4932/504
f 2121/4933/507 2124/4934/508 2126/4935/509 2125/4936/510
f 2124/4934/508 2128/4937/511 2129/4938/589 2126/4935/509
f 2122/4939/513 2127/4940/590 2129/4941/589 2128/4942/511
f 2127/4943/590 2131/4944/515 2132/4945/516 2129/4946/589
f 2123/4947/517 2130/4948/518 2132/4945/516 2131/4944/515
f 2130/4948/518 2125/4949/510 2126/4950/509 2132/4945/516
f 2126/4950/509 2129/4946/589 2132/4945/516
f 2133/4951/519 2136/4952/520 2138/4953/521 2137/4954/522
f 2136/4952/520 2140/4955/523 2141/4956/595 2138/4953/521
f 2134/4957/525 2139/4958/526 2141/4959/595 2140/4960/523
f 2139/4961/526 2143/4962/527 2144/4963/610 2141/4964/595
f 2135/4965/529 2142/4966/530 2144/4963/610 2143/4962/527
f 2142/4967/530 2137/4954/522 2138/4953/521 2144/4968/610
f 2138/4953/521 2141/4956/595 2144/4968/610
f 2145/4969/531 2148/4970/532 2150/4971/533 2149/4972/534
f 2148/4973/532 2152/4974/611 2153/4975/536 2150/4976/533
f 2146/4977/537 2151/4978/538 2153/4975/536 2152/4974/611
f 2151/4978/538 2155/4979/539 2156/4980/540 2153/4975/536
f 2147/4981/541 2154/4982/542 2156/4983/540 2155/4984/539
f 2154/4985/542 2149/4972/534 2150/4971/533 2156/4986/540
f 2150/4976/533 2153/4975/536 2156/4980/540
f 2157/4987/543 2160/4988/544 2162/4989/545 2161/4990/546
f 2160/4991/544 2164/4992/547 2165/4993/612 2162/4994/545
f 2158/4995/549 2163/4996/550 2165/4993/612 2164/4992/547
f 2163/4996/550 2167/4997/551 2168/4998/552 2165/4993/612
f 2159/4999/553 2166/5000/613 2168/5001/552 2167/5002/551
f 2166/5000/613 2161/5003/546 2162/5004/545 2168/5001/552
f 2162/4994/545 2165/4993/612 2168/4998/552
f 2169/5005/555 2172/5006/556 2174/5007/614 2173/5008/558
f 2172/5009/556 2176/5010/559 2177/5011/560 2174/5012/614
f 2170/5013/561 2175/5014/562 2177/5011/560 2176/5010/559
f 2175/5014/562 2179/5015/563 2180/5016/564 2177/5011/560
f 2171/5017/565 2178/5018/566 2180/5019/564 2179/5020/563
f 2178/5018/566 2173/5021/558 2174/5022/614 2180/5019/564
f 2174/5012/614 2177/5011/560 2180/5016/564
f 2181/5023/567 2184/5024/568 2186/5025/615 2185/5026/570
f 2184/5027/568 2188/5028/571 2189/5029/572 2186/5030/615
f 2182/5031/573 2187/5032/574 2189/5029/572 2188/5028/571
f 2187/5032/574 2191/5033/575 2192/5034/576 2189/5029/572
f 2183/5035/577 2190/5036/578 2192/5037/576 2191/5038/575
f 2190/5039/578 2185/5026/570 2186/5025/615 2192/5040/576
f 2186/5030/615 2189/5029/572 2192/5034/576
f 2121/4933/507 2097/4897/483 2101/4900/607 2124/4934/508
f 2124/4934/508 2101/4900/607 2106/4913/608 2128/4937/511
f 2128/4942/511 2106/4912/608 2099/4911/493 2122/4939/513
f 2098/4903/489 2109/4915/495 2113/4918/498 2103/4904/490
f 2103/4904/490 2113/4918/498 2118/4931/506 2107/5041/491
f 2107/4908/491 2118/4928/506 2111/4927/505 2099/4911/493
f 2110/4921/501 2133/4951/519 2137/4954/522 2115/4922/502
f 2115/4922/502 2137/4954/522 2142/4967/530 2119/4925/609
f 2119/4930/609 2142/4966/530 2135/4965/529 2111/4927/505
f 2134/4957/525 2123/4947/517 2131/4944/515 2139/4958/526
f 2139/4961/526 2131/5042/515 2127/4940/590 2143/4962/527
f 2143/4962/527 2127/4940/590 2122/4939/513 2135/4965/529
f 2169/5005/555 2121/4933/507 2125/4936/510 2172/5006/556
f 2172/5009/556 2125/4949/510 2130/4948/518 2176/5010/559
f 2176/5010/559 2130/4948/518 2123/4947/517 2170/5013/561
f 2133/4951/519 2181/5023/567 2185/5026/570 2136/4952/520
f 2136/4952/520 2185/5026/570 2190/5039/578 2140/4955/523
f 2140/4960/523 2190/5036/578 2183/5035/577 2134/4957/525
f 2182/5031/573 2171/5017/565 2179/5020/563 2187/5032/574
f 2187/5032/574 2179/5020/563 2175/5043/562 2191/5033/575
f 2191/5038/575 2175/5014/562 2170/5013/561 2183/5035/577
f 2145/4969/531 2169/5005/555 2173/5008/558 2148/4970/532
f 2148/4973/532 2173/5021/558 2178/5018/566 2152/4974/611
f 2152/4974/611 2178/5018/566 2171/5017/565 2146/4977/537
f 2181/5023/567 2157/4987/543 2161/4990/546 2184/5024/568
f 2184/5027/568 2161/5003/546 2166/5000/613 2188/5028/571
f 2188/5028/571 2166/5000/613 2159/4999/553 2182/5031/573
f 2158/4995/549 2147/4981/541 2155/4984/539 2163/4996/550
f 2163/4996/550 2155/4984/539 2151/5044/538 2167/4997/551
f 2167/5002/551 2151/4978/538 2146/4977/537 2159/4999/553
f 2097/4897/483 2145/4969/531 2149/4972/534 2100/4898/484
f 2100/4898/484 2149/4972/534 2154/4985/542 2104/4901/487
f 2104/4906/487 2154/4982/542 2147/4981/541 2098/4903/489
f 2157/4987/543 2110/4921/501 2116/4924/499 2160/4988/544
f 2160/4991/544 2116/4919/499 2112/4916/496 2164/4992/547
f 2164/4992/547 2112/4916/496 2109/4915/495 2158/4995/549
f 2121/4933/507 2169/5005/555 2145/4969/531 2097/4897/483
f 2099/4911/493 2111/4927/505 2135/4965/529 2122/4939/513
f 2147/4981/541 2158/4995/549 2109/4915/495 2098/4903/489
f 2181/5023/567 2133/4951/519 2110/4921/501 2157/4987/543
f 2123/4947/517 2134/4957/525 2183/5035/577 2170/5013/561
f 2171/5017/565 2182/5031/573 2159/4999/553 2146/4977/537
f 2193/5045/616 2194/5046/617 2196/5047/618 2195/5048/619
f 2195/5048/619 2196/5047/618 2198/5049/620 2197/5050/621
f 2197/5051/621 2198/5052/620 2200/5053/622 2199/5054/623
f 2199/5054/623 2200/5053/622 2202/5055/624 2201/5056/625
f 2201/5056/625 2202/5055/624 2204/5057/626 2203/5058/627
f 2203/5058/627 2204/5057/626 2206/5059/628 2205/5060/629
f 2205/5061/629 2206/5062/628 2208/5063/630 2207/5064/631
f 2207/5064/631 2208/5063/630 2210/5065/632 2209/5066/633
f 2209/5066/633 2210/5065/632 2212/5067/634 2211/5068/635
f 2211/5068/635 2212/5067/634 2214/5069/636 2213/5070/637
f 2213/5071/637 2214/5072/636 2216/5073/638 2215/5074/639
f 2215/5074/639 2216/5073/638 2218/5075/640 2217/5076/641
f 2217/5076/641 2218/5075/640 2220/5077/642 2219/5078/643
f 2219/5078/643 2220/5077/642 2222/5079/644 2221/5080/645
f 2196/5081/618 2194/5082/617 2224/5083/646 2222/5084/644 2220/5085/642 2218/5086/640 2216/5087/638 2214/5088/636 2212/5089/634 2210/5090/632 2208/5091/630 2206/5092/628 2204/5093/626 2202/5094/624 2200/5095/622 2198/5096/620
f 2221/5097/645 2222/5098/644 2224/5099/646 2223/5100/647
f 2223/5100/647 2224/5099/646 2194/5046/617 2193/5045/616
f 2193/5101/616 2195/5102/619 2197/5103/621 2199/5104/623 2201/5105/625 2203/5106/627 2205/5107/629 2207/5108/631 2209/5109/633 2211/5110/635 2213/5111/637 2215/5112/639 2217/5113/641 2219/5114/643 2221/5115/645 2223/5116/647
f 2225/5117/616 2226/5118/617 2228/5119/618 2227/5120/619
f 2227/5120/619 2228/5119/618 2230/5121/648 2229/5122/649
f 2229/5123/649 2230/5124/648 2232/5125/622 2231/5126/623
f 2231/5126/623 2232/5125/622 2234/5127/624 2233/5128/625
f 2233/5128/625 2234/5127/624 2236/5129/626 2235/5130/627
f 2235/5130/627 2236/5129/626 2238/5131/628 2237/5132/629
f 2237/5133/629 2238/5134/628 2240/5135/630 2239/5136/631
f 2239/5136/631 2240/5135/630 2242/5137/632 2241/5138/633
f 2241/5138/633 2242/5137/632 2244/5139/634 2243/5140/635
f 2243/5140/635 2244/5139/634 2246/5141/636 2245/5142/637
f 2245/5143/637 2246/5144/636 2248/5145/638 2247/5146/639
f 2247/5146/639 2248/5145/638 2250/5147/640 2249/5148/641
f 2249/5148/641 2250/5147/640 2252/5149/642 2251/5150/643
f 2251/5150/643 2252/5149/642 2254/5151/650 2253/5152/651
f 2228/5153/618 2226/5154/617 2256/5155/646 2254/5156/650 2252/5157/642 2250/5158/640 2248/5159/638 2246/5160/636 2244/5161/634 2242/5162/632 2240/5163/630 2238/5164/628 2236/5165/626 2234/5166/624 2232/5167/622 2230/5168/648
f 2253/5169/651 2254/5170/650 2256/5171/646 2255/5172/647
f 2255/5172/647 2256/5171/646 2226/5118/617 2225/5117/616
f 2225/5173/616 2227/5174/619 2229/5175/649 2231/5176/623 2233/5177/625 2235/5178/627 2237/5179/629 2239/5180/631 2241/5181/633 2243/5182/635 2245/5183/637 2247/5184/639 2249/5185/641 2251/5186/643 2253/5187/651 2255/5188/647
f 2257/5189/652 2258/5190/653 2260/5191/654 2259/5192/655
f 2259/5192/655 2260/5191/654 2262/5193/656 2261/5194/657
f 2261/5195/657 2262/5196/656 2264/5197/658 2263/5198/659
f 2263/5198/659 2264/5197/658 2266/5199/660 2265/5200/661
f 2265/5200/661 2266/5199/660 2268/5201/662 2267/5202/663
f 2267/5202/663 2268/5201/662 2270/5203/664 2269/5204/665
f 2269/5205/665 2270/5206/664 2272/5207/666 2271/5208/667
f 2271/5208/667 2272/5207/666 2274/5209/668 2273/5210/669
f 2273/5210/669 2274/5209/668 2276/5211/670 2275/5212/671
f 2275/5212/671 2276/5211/670 2278/5213/672 2277/5214/673
f 2277/5215/673 2278/5216/672 2280/5217/674 2279/5218/675
f 2279/5218/675 2280/5217/674 2282/5219/676 2281/5220/677
f 2281/5220/677 2282/5219/676 2284/5221/678 2283/5222/679
f 2283/5222/679 2284/5221/678 2286/5223/680 2285/5224/681
f 2260/5225/654 2258/5226/653 2288/5227/682 2286/5228/680 2284/5229/678 2282/5230/676 2280/5231/674 2278/5232/672 2276/5233/670 2274/5234/668 2272/5235/666 2270/5236/664 2268/5237/662 2266/5238/660 2264/5239/658 2262/5240/656
f 2285/5241/681 2286/5242/680 2288/5243/682 2287/5244/683
f 2287/5244/683 2288/5243/682 2258/5190/653 2257/5189/652
f 2257/5245/652 2259/5246/655 2261/5247/657 2263/5248/659 2265/5249/661 2267/5250/663 2269/5251/665 2271/5252/667 2273/5253/669 2275/5254/671 2277/5255/673 2279/5256/675 2281/5257/677 2283/5258/679 2285/5259/681 2287/5260/683
f 2289/5261/684 2290/5262/685 2292/5263/686 2291/5264/687
f 2291/5265/687 2292/5266/686 2294/5267/688 2293/5268/689
f 2293/5268/689 2294/5267/688 2296/5269/690 2295/5270/691
f 2295/5271/691 2296/5272/690 2298/5273/692 2297/5274/693
f 2297/5274/693 2298/5273/692 2300/5275/694 2299/5276/695
f 2299/5277/695 2300/5278/694 2302/5279/696 2301/5280/697
f 2292/5281/686 2290/5282/685 2304/5283/698 2302/5284/696 2300/5285/694 2298/5286/692 2296/5287/690 2294/5288/688
f 2301/5280/697 2302/5279/696 2304/5289/698 2303/5290/699
f 2303/5291/699 2304/5292/698 2290/5262/685 2289/5261/684
f 2289/5293/684 2291/5294/687 2293/5295/689 2295/5296/691 2297/5297/693 2299/5298/695 2301/5299/697 2303/5300/699
f 2305/5301/684 2306/5302/685 2308/5303/686 2307/5304/687
f 2307/5305/687 2308/5306/686 2310/5307/688 2309/5308/689
f 2309/5308/689 2310/5307/688 2312/5309/690 2311/5310/691
f 2311/5311/691 2312/5312/690 2314/5313/692 2313/5314/693
f 2313/5314/693 2314/5313/692 2316/5315/694 2315/5316/695
f 2315/5317/695 2316/5318/694 2318/5319/696 2317/5320/697
f 2308/5321/686 2306/5322/685 2320/5323/698 2318/5324/696 2316/5325/694 2314/5326/692 2312/5327/690 2310/5328/688
f 2317/5320/697 2318/5319/696 2320/5329/698 2319/5330/699
f 2319/5331/699 2320/5332/698 2306/5302/685 2305/5301/684
f 2305/5333/684 2307/5334/687 2309/5335/689 2311/5336/691 2313/5337/693 2315/5338/695 2317/5339/697 2319/5340/699
f 2321/5341/684 2322/5342/685 2324/5343/686 2323/5344/687
f 2323/5345/687 2324/5346/686 2326/5347/688 2325/5348/689
f 2325/5348/689 2326/5347/688 2328/5349/690 2327/5350/691
f 2327/5351/691 2328/5352/690 2330/5353/692 2329/5354/693
f 2329/5354/693 2330/5353/692 2332/5355/694 2331/5356/695
f 2331/5357/695 2332/5358/694 2334/5359/696 2333/5360/697
f 2324/5361/686 2322/5362/685 2336/5363/698 2334/5364/696 2332/5365/694 2330/5366/692 2328/5367/690 2326/5368/688
f 2333/5360/697 2334/5359/696 2336/5369/698 2335/5370/699
f 2335/5371/699 2336/5372/698 2322/5342/685 2321/5341/684
f 2321/5373/684 2323/5374/687 2325/5375/689 2327/5376/691 2329/5377/693 2331/5378/695 2333/5379/697 2335/5380/699
f 2337/5381/684 2338/5382/685 2340/5383/686 2339/5384/687
f 2339/5385/687 2340/5386/686 2342/5387/688 2341/5388/689
f 2341/5388/689 2342/5387/688 2344/5389/690 2343/5390/691
f 2343/5391/691 2344/5392/690 2346/5393/692 2345/5394/693
f 2345/5394/693 2346/5393/692 2348/5395/694 2347/5396/695
f 2347/5397/695 2348/5398/694 2350/5399/696 2349/5400/697
f 2340/5401/686 2338/5402/685 2352/5403/698 2350/5404/696 2348/5405/694 2346/5406/692 2344/5407/690 2342/5408/688
f 2349/5400/697 2350/5399/696 2352/5409/698 2351/5410/699
f 2351/5411/699 2352/5412/698 2338/5382/685 2337/5381/684
f 2337/5413/684 2339/5414/687 2341/5415/689 2343/5416/691 2345/5417/693 2347/5418/695 2349/5419/697 2351/5420/699
f 2353/5421/684 2354/5422/685 2356/5423/686 2355/5424/687
f 2355/5425/687 2356/5426/686 2358/5427/688 2357/5428/689
f 2357/5428/689 2358/5427/688 2360/5429/690 2359/5430/691
f 2359/5431/691 2360/5432/690 2362/5433/692 2361/5434/693
f 2361/5434/693 2362/5433/692 2364/5435/694 2363/5436/695
f 2363/5437/695 2364/5438/694 2366/5439/696 2365/5440/697
f 2356/5441/686 2354/5442/685 2368/5443/698 2366/5444/696 2364/5445/694 2362/5446/692 2360/5447/690 2358/5448/688
f 2365/5440/697 2366/5439/696 2368/5449/698 2367/5450/699
f 2367/5451/699 2368/5452/698 2354/5422/685 2353/5421/684
f 2353/5453/684 2355/5454/687 2357/5455/689 2359/5456/691 2361/5457/693 2363/5458/695 2365/5459/697 2367/5460/699
f 2369/5461/684 2370/5462/685 2372/5463/686 2371/5464/687
f 2371/5465/687 2372/5466/686 2374/5467/688 2373/5468/689
f 2373/5468/689 2374/5467/688 2376/5469/690 2375/5470/691
f 2375/5471/691 2376/5472/690 2378/5473/692 2377/5474/693
f 2377/5474/693 2378/5473/692 2380/5475/694 2379/5476/695
f 2379/5477/695 2380/5478/694 2382/5479/696 2381/5480/697
f 2372/5481/686 2370/5482/685 2384/5483/698 2382/5484/696 2380/5485/694 2378/5486/692 2376/5487/690 2374/5488/688
f 2381/5480/697 2382/5479/696 2384/5489/698 2383/5490/699
f 2383/5491/699 2384/5492/698 2370/5462/685 2369/5461/684
f 2369/5493/684 2371/5494/687 2373/5495/689 2375/5496/691 2377/5497/693 2379/5498/695 2381/5499/697 2383/5500/699
f 2385/5501/684 2386/5502/685 2388/5503/686 2387/5504/687
f 2387/5505/687 2388/5506/686 2390/5507/688 2389/5508/689
f 2389/5508/689 2390/5507/688 2392/5509/690 2391/5510/691
f 2391/5511/691 2392/5512/690 2394/5513/692 2393/5514/693
f 2393/5514/693 2394/5513/692 2396/5515/694 2395/5516/695
f 2395/5517/695 2396/5518/694 2398/5519/696 2397/5520/697
f 2388/5521/686 2386/5522/685 2400/5523/698 2398/5524/696 2396/5525/694 2394/5526/692 2392/5527/690 2390/5528/688
f 2397/5520/697 2398/5519/696 2400/5529/698 2399/5530/699
f 2399/5531/699 2400/5532/698 2386/5502/685 2385/5501/684
f 2385/5533/684 2387/5534/687 2389/5535/689 2391/5536/691 2393/5537/693 2395/5538/695 2397/5539/697 2399/5540/699
f 2401/5541/684 2402/5542/685 2404/5543/700 2403/5544/687
f 2403/5545/687 2404/5546/700 2406/5547/688 2405/5548/689
f 2405/5548/689 2406/5547/688 2408/5549/690 2407/5550/691
f 2407/5551/691 2408/5552/690 2410/5553/692 2409/5554/693
f 2409/5554/693 2410/5553/692 2412/5555/694 2411/5556/695
f 2411/5557/695 2412/5558/694 2414/5559/696 2413/5560/697
f 2404/5561/700 2402/5562/685 2416/5563/701 2414/5564/696 2412/5565/694 2410/5566/692 2408/5567/690 2406/5568/688
f 2413/5560/697 2414/5559/696 2416/5569/701 2415/5570/699
f 2415/5571/699 2416/5572/701 2402/5542/685 2401/5541/684
f 2401/5573/684 2403/5574/687 2405/5575/689 2407/5576/691 2409/5577/693 2411/5578/695 2413/5579/697 2415/5580/699
f 2417/5581/684 2418/5582/685 2420/5583/686 2419/5584/687
f 2419/5585/687 2420/5586/686 2422/5587/688 2421/5588/689
f 2421/5588/689 2422/5587/688 2424/5589/690 2423/5590/691
f 2423/5591/691 2424/5592/690 2426/5593/692 2425/5594/693
f 2425/5594/693 2426/5593/692 2428/5595/694 2427/5596/695
f 2427/5597/695 2428/5598/694 2430/5599/696 2429/5600/697
f 2420/5601/686 2418/5602/685 2432/5603/698 2430/5604/696 2428/5605/694 2426/5606/692 2424/5607/690 2422/5608/688
f 2429/5600/697 2430/5599/696 2432/5609/698 2431/5610/699
f 2431/5611/699 2432/5612/698 2418/5582/685 2417/5581/684
f 2417/5613/684 2419/5614/687 2421/5615/689 2423/5616/691 2425/5617/693 2427/5618/695 2429/5619/697 2431/5620/699
f 2433/5621/684 2434/5622/685 2436/5623/686 2435/5624/687
f 2435/5625/687 2436/5626/686 2438/5627/688 2437/5628/689
f 2437/5628/689 2438/5627/688 2440/5629/690 2439/5630/691
f 2439/5631/691 2440/5632/690 2442/5633/692 2441/5634/693
f 2441/5634/693 2442/5633/692 2444/5635/694 2443/5636/695
f 2443/5637/695 2444/5638/694 2446/5639/696 2445/5640/697
f 2436/5641/686 2434/5642/685 2448/5643/698 2446/5644/696 2444/5645/694 2442/5646/692 2440/5647/690 2438/5648/688
f 2445/5640/697 2446/5639/696 2448/5649/698 2447/5650/699
f 2447/5651/699 2448/5652/698 2434/5622/685 2433/5621/684
f 2433/5653/684 2435/5654/687 2437/5655/689 2439/5656/691 2441/5657/693 2443/5658/695 2445/5659/697 2447/5660/699
f 2449/5661/684 2450/5662/685 2452/5663/686 2451/5664/687
f 2451/5665/687 2452/5666/686 2454/5667/688 2453/5668/689
f 2453/5668/689 2454/5667/688 2456/5669/690 2455/5670/691
f 2455/5671/691 2456/5672/690 2458/5673/692 2457/5674/693
f 2457/5674/693 2458/5673/692 2460/5675/694 2459/5676/695
f 2459/5677/695 2460/5678/694 2462/5679/696 2461/5680/697
f 2452/5681/686 2450/5682/685 2464/5683/698 2462/5684/696 2460/5685/694 2458/5686/692 2456/5687/690 2454/5688/688
f 2461/5680/697 2462/5679/696 2464/5689/698 2463/5690/699
f 2463/5691/699 2464/5692/698 2450/5662/685 2449/5661/684
f 2449/5693/684 2451/5694/687 2453/5695/689 2455/5696/691 2457/5697/693 2459/5698/695 2461/5699/697 2463/5700/699
f 2465/5701/684 2466/5702/685 2468/5703/686 2467/5704/687
f 2467/5705/687 2468/5706/686 2470/5707/688 2469/5708/689
f 2469/5708/689 2470/5707/688 2472/5709/690 2471/5710/691
f 2471/5711/691 2472/5712/690 2474/5713/692 2473/5714/693
f 2473/5714/693 2474/5713/692 2476/5715/694 2475/5716/695
f 2475/5717/695 2476/5718/694 2478/5719/696 2477/5720/697
f 2468/5721/686 2466/5722/685 2480/5723/698 2478/5724/696 2476/5725/694 2474/5726/692 2472/5727/690 2470/5728/688
f 2477/5720/697 2478/5719/696 2480/5729/698 2479/5730/699
f 2479/5731/699 2480/5732/698 2466/5702/685 2465/5701/684
f 2465/5733/684 2467/5734/687 2469/5735/689 2471/5736/691 2473/5737/693 2475/5738/695 2477/5739/697 2479/5740/699
f 2481/5741/684 2482/5742/685 2484/5743/686 2483/5744/687
f 2483/5745/687 2484/5746/686 2486/5747/688 2485/5748/689
f 2485/5748/689 2486/5747/688 2488/5749/690 2487/5750/691
f 2487/5751/691 2488/5752/690 2490/5753/692 2489/5754/693
f 2489/5754/693 2490/5753/692 2492/5755/694 2491/5756/695
f 2491/5757/695 2492/5758/694 2494/5759/696 2493/5760/697
f 2484/5761/686 2482/5762/685 2496/5763/698 2494/5764/696 2492/5765/694 2490/5766/692 2488/5767/690 2486/5768/688
f 2493/5760/697 2494/5759/696 2496/5769/698 2495/5770/699
f 2495/5771/699 2496/5772/698 2482/5742/685 2481/5741/684
f 2481/5773/684 2483/5774/687 2485/5775/689 2487/5776/691 2489/5777/693 2491/5778/695 2493/5779/697 2495/5780/699
f 2497/5781/684 2498/5782/685 2500/5783/686 2499/5784/687
f 2499/5785/687 2500/5786/686 2502/5787/688 2501/5788/689
f 2501/5788/689 2502/5787/688 2504/5789/690 2503/5790/691
f 2503/5791/691 2504/5792/690 2506/5793/692 2505/5794/693
f 2505/5794/693 2506/5793/692 2508/5795/694 2507/5796/695
f 2507/5797/695 2508/5798/694 2510/5799/696 2509/5800/697
f 2500/5801/686 2498/5802/685 2512/5803/698 2510/5804/696 2508/5805/694 2506/5806/692 2504/5807/690 2502/5808/688
f 2509/5800/697 2510/5799/696 2512/5809/698 2511/5810/699
f 2511/5811/699 2512/5812/698 2498/5782/685 2497/5781/684
f 2497/5813/684 2499/5814/687 2501/5815/689 2503/5816/691 2505/5817/693 2507/5818/695 2509/5819/697 2511/5820/699
f 2513/5821/684 2514/5822/685 2516/5823/686 2515/5824/687
f 2515/5825/687 2516/5826/686 2518/5827/688 2517/5828/689
f 2517/5828/689 2518/5827/688 2520/5829/690 2519/5830/691
f 2519/5831/691 2520/5832/690 2522/5833/692 2521/5834/693
f 2521/5834/693 2522/5833/692 2524/5835/694 2523/5836/695
f 2523/5837/695 2524/5838/694 2526/5839/696 2525/5840/697
f 2516/5841/686 2514/5842/685 2528/5843/698 2526/5844/696 2524/5845/694 2522/5846/692 2520/5847/690 2518/5848/688
f 2525/5840/697 2526/5839/696 2528/5849/698 2527/5850/699
f 2527/5851/699 2528/5852/698 2514/5822/685 2513/5821/684
f 2513/5853/684 2515/5854/687 2517/5855/689 2519/5856/691 2521/5857/693 2523/5858/695 2525/5859/697 2527/5860/699
f 2529/5861/684 2530/5862/685 2532/5863/686 2531/5864/687
f 2531/5865/687 2532/5866/686 2534/5867/688 2533/5868/689
f 2533/5868/689 2534/5867/688 2536/5869/690 2535/5870/691
f 2535/5871/691 2536/5872/690 2538/5873/692 2537/5874/693
f 2537/5874/693 2538/5873/692 2540/5875/694 2539/5876/695
f 2539/5877/695 2540/5878/694 2542/5879/696 2541/5880/697
f 2532/5881/686 2530/5882/685 2544/5883/698 2542/5884/696 2540/5885/694 2538/5886/692 2536/5887/690 2534/5888/688
f 2541/5880/697 2542/5879/696 2544/5889/698 2543/5890/699
f 2543/5891/699 2544/5892/698 2530/5862/685 2529/5861/684
f 2529/5893/684 2531/5894/687 2533/5895/689 2535/5896/691 2537/5897/693 2539/5898/695 2541/5899/697 2543/5900/699
f 2545/5901/684 2546/5902/685 2548/5903/700 2547/5904/687
f 2547/5905/687 2548/5906/700 2550/5907/688 2549/5908/689
f 2549/5908/689 2550/5907/688 2552/5909/690 2551/5910/691
f 2551/5911/691 2552/5912/690 2554/5913/692 2553/5914/693
f 2553/5914/693 2554/5913/692 2556/5915/694 2555/5916/695
f 2555/5917/695 2556/5918/694 2558/5919/696 2557/5920/697
f 2548/5921/700 2546/5922/685 2560/5923/701 2558/5924/696 2556/5925/694 2554/5926/692 2552/5927/690 2550/5928/688
f 2557/5920/697 2558/5919/696 2560/5929/701 2559/5930/699
f 2559/5931/699 2560/5932/701 2546/5902/685 2545/5901/684
f 2545/5933/684 2547/5934/687 2549/5935/689 2551/5936/691 2553/5937/693 2555/5938/695 2557/5939/697 2559/5940/699
f 2561/5941/684 2562/5942/685 2564/5943/686 2563/5944/687
f 2563/5945/687 2564/5946/686 2566/5947/688 2565/5948/689
f 2565/5948/689 2566/5947/688 2568/5949/690 2567/5950/691
f 2567/5951/691 2568/5952/690 2570/5953/692 2569/5954/693
f 2569/5954/693 2570/5953/692 2572/5955/694 2571/5956/695
f 2571/5957/695 2572/5958/694 2574/5959/696 2573/5960/697
f 2564/5961/686 2562/5962/685 2576/5963/698 2574/5964/696 2572/5965/694 2570/5966/692 2568/5967/690 2566/5968/688
f 2573/5960/697 2574/5959/696 2576/5969/698 2575/5970/699
f 2575/5971/699 2576/5972/698 2562/5942/685 2561/5941/684
f 2561/5973/684 2563/5974/687 2565/5975/689 2567/5976/691 2569/5977/693 2571/5978/695 2573/5979/697 2575/5980/699
f 2577/5981/684 2578/5982/685 2580/5983/686 2579/5984/687
f 2579/5985/687 2580/5986/686 2582/5987/688 2581/5988/689
f 2581/5988/689 2582/5987/688 2584/5989/690 2583/5990/691
f 2583/5991/691 2584/5992/690 2586/5993/692 2585/5994/693
f 2585/5994/693 2586/5993/692 2588/5995/694 2587/5996/695
f 2587/5997/695 2588/5998/694 2590/5999/696 2589/6000/697
f 2580/6001/686 2578/6002/685 2592/6003/698 2590/6004/696 2588/6005/694 2586/6006/692 2584/6007/690 2582/6008/688
f 2589/6000/697 2590/5999/696 2592/6009/698 2591/6010/699
f 2591/6011/699 2592/6012/698 2578/5982/685 2577/5981/684
f 2577/6013/684 2579/6014/687 2581/6015/689 2583/6016/691 2585/6017/693 2587/6018/695 2589/6019/697 2591/6020/699
f 2593/6021/684 2594/6022/685 2596/6023/686 2595/6024/687
f 2595/6025/687 2596/6026/686 2598/6027/688 2597/6028/689
f 2597/6028/689 2598/6027/688 2600/6029/690 2599/6030/691
f 2599/6031/691 2600/6032/690 2602/6033/692 2601/6034/693
f 2601/6034/693 2602/6033/692 2604/6035/694 2603/6036/695
f 2603/6037/695 2604/6038/694 2606/6039/696 2605/6040/697
f 2596/6041/686 2594/6042/685 2608/6043/698 2606/6044/696 2604/6045/694 2602/6046/692 2600/6047/690 2598/6048/688
f 2605/6040/697 2606/6039/696 2608/6049/698 2607/6050/699
f 2607/6051/699 2608/6052/698 2594/6022/685 2593/6021/684
f 2593/6053/684 2595/6054/687 2597/6055/689 2599/6056/691 2601/6057/693 2603/6058/695 2605/6059/697 2607/6060/699
f 2609/6061/684 2610/6062/685 2612/6063/686 2611/6064/687
f 2611/6065/687 2612/6066/686 2614/6067/688 2613/6068/689
f 2613/6068/689 2614/6067/688 2616/6069/690 2615/6070/691
f 2615/6071/691 2616/6072/690 2618/6073/692 2617/6074/693
f 2617/6074/693 2618/6073/692 2620/6075/694 2619/6076/695
f 2619/6077/695 2620/6078/694 2622/6079/696 2621/6080/697
f 2612/6081/686 2610/6082/685 2624/6083/698 2622/6084/696 2620/6085/694 2618/6086/692 2616/6087/690 2614/6088/688
f 2621/6080/697 2622/6079/696 2624/6089/698 2623/6090/699
f 2623/6091/699 2624/6092/698 2610/6062/685 2609/6061/684
f 2609/6093/684 2611/6094/687 2613/6095/689 2615/6096/691 2617/6097/693 2619/6098/695 2621/6099/697 2623/6100/699
f 2625/6101/684 2626/6102/685 2628/6103/686 2627/6104/687
f 2627/6105/687 2628/6106/686 2630/6107/688 2629/6108/689
f 2629/6108/689 2630/6107/688 2632/6109/690 2631/6110/691
f 2631/6111/691 2632/6112/690 2634/6113/692 2633/6114/693
f 2633/6114/693 2634/6113/692 2636/6115/694 2635/6116/695
f 2635/6117/695 2636/6118/694 2638/6119/696 2637/6120/697
f 2628/6121/686 2626/6122/685 2640/6123/698 2638/6124/696 2636/6125/694 2634/6126/692 2632/6127/690 2630/6128/688
f 2637/6120/697 2638/6119/696 2640/6129/698 2639/6130/699
f 2639/6131/699 2640/6132/698 2626/6102/685 2625/6101/684
f 2625/6133/684 2627/6134/687 2629/6135/689 2631/6136/691 2633/6137/693 2635/6138/695 2637/6139/697 2639/6140/699
f 2641/6141/684 2642/6142/685 2644/6143/686 2643/6144/687
f 2643/6145/687 2644/6146/686 2646/6147/688 2645/6148/689
f 2645/6148/689 2646/6147/688 2648/6149/690 2647/6150/691
f 2647/6151/691 2648/6152/690 2650/6153/692 2649/6154/693
f 2649/6154/693 2650/6153/692 2652/6155/694 2651/6156/695
f 2651/6157/695 2652/6158/694 2654/6159/696 2653/6160/697
f 2644/6161/686 2642/6162/685 2656/6163/698 2654/6164/696 2652/6165/694 2650/6166/692 2648/6167/690 2646/6168/688
f 2653/6160/697 2654/6159/696 2656/6169/698 2655/6170/699
f 2655/6171/699 2656/6172/698 2642/6142/685 2641/6141/684
f 2641/6173/684 2643/6174/687 2645/6175/689 2647/6176/691 2649/6177/693 2651/6178/695 2653/6179/697 2655/6180/699
f 2657/6181/684 2658/6182/685 2660/6183/686 2659/6184/687
f 2659/6185/687 2660/6186/686 2662/6187/688 2661/6188/689
f 2661/6188/689 2662/6187/688 2664/6189/690 2663/6190/691
f 2663/6191/691 2664/6192/690 2666/6193/692 2665/6194/693
f 2665/6194/693 2666/6193/692 2668/6195/694 2667/6196/695
f 2667/6197/695 2668/6198/694 2670/6199/696 2669/6200/697
f 2660/6201/686 2658/6202/685 2672/6203/698 2670/6204/696 2668/6205/694 2666/6206/692 2664/6207/690 2662/6208/688
f 2669/6200/697 2670/6199/696 2672/6209/698 2671/6210/699
f 2671/6211/699 2672/6212/698 2658/6182/685 2657/6181/684
f 2657/6213/684 2659/6214/687 2661/6215/689 2663/6216/691 2665/6217/693 2667/6218/695 2669/6219/697 2671/6220/699
f 2673/6221/684 2674/6222/685 2676/6223/686 2675/6224/687
f 2675/6225/687 2676/6226/686 2678/6227/688 2677/6228/689
f 2677/6228/689 2678/6227/688 2680/6229/690 2679/6230/691
f 2679/6231/691 2680/6232/690 2682/6233/692 2681/6234/693
f 2681/6234/693 2682/6233/692 2684/6235/694 2683/6236/695
f 2683/6237/695 2684/6238/694 2686/6239/696 2685/6240/697
f 2676/6241/686 2674/6242/685 2688/6243/698 2686/6244/696 2684/6245/694 2682/6246/692 2680/6247/690 2678/6248/688
f 2685/6240/697 2686/6239/696 2688/6249/698 2687/6250/699
f 2687/6251/699 2688/6252/698 2674/6222/685 2673/6221/684
f 2673/6253/684 2675/6254/687 2677/6255/689 2679/6256/691 2681/6257/693 2683/6258/695 2685/6259/697 2687/6260/699
f 2689/6261/684 2690/6262/685 2692/6263/700 2691/6264/687
f 2691/6265/687 2692/6266/700 2694/6267/688 2693/6268/689
f 2693/6268/689 2694/6267/688 2696/6269/690 2695/6270/691
f 2695/6271/691 2696/6272/690 2698/6273/692 2697/6274/693
f 2697/6274/693 2698/6273/692 2700/6275/694 2699/6276/695
f 2699/6277/695 2700/6278/694 2702/6279/696 2701/6280/697
f 2692/6281/700 2690/6282/685 2704/6283/701 2702/6284/696 2700/6285/694 2698/6286/692 2696/6287/690 2694/6288/688
f 2701/6280/697 2702/6279/696 2704/6289/701 2703/6290/699
f 2703/6291/699 2704/6292/701 2690/6262/685 2689/6261/684
f 2689/6293/684 2691/6294/687 2693/6295/689 2695/6296/691 2697/6297/693 2699/6298/695 2701/6299/697 2703/6300/699
f 2705/6301/684 2706/6302/685 2708/6303/686 2707/6304/687
f 2707/6305/687 2708/6306/686 2710/6307/688 2709/6308/689
f 2709/6308/689 2710/6307/688 2712/6309/690 2711/6310/691
f 2711/6311/691 2712/6312/690 2714/6313/692 2713/6314/693
f 2713/6314/693 2714/6313/692 2716/6315/694 2715/6316/695
f 2715/6317/695 2716/6318/694 2718/6319/696 2717/6320/697
f 2708/6321/686 2706/6322/685 2720/6323/698 2718/6324/696 2716/6325/694 2714/6326/692 2712/6327/690 2710/6328/688
f 2717/6320/697 2718/6319/696 2720/6329/698 2719/6330/699
f 2719/6331/699 2720/6332/698 2706/6302/685 2705/6301/684
f 2705/6333/684 2707/6334/687 2709/6335/689 2711/6336/691 2713/6337/693 2715/6338/695 2717/6339/697 2719/6340/699
f 2721/6341/684 2722/6342/685 2724/6343/686 2723/6344/687
f 2723/6345/687 2724/6346/686 2726/6347/688 2725/6348/689
f 2725/6348/689 2726/6347/688 2728/6349/690 2727/6350/691
f 2727/6351/691 2728/6352/690 2730/6353/692 2729/6354/693
f 2729/6354/693 2730/6353/692 2732/6355/694 2731/6356/695
f 2731/6357/695 2732/6358/694 2734/6359/696 2733/6360/697
f 2724/6361/686 2722/6362/685 2736/6363/698 2734/6364/696 2732/6365/694 2730/6366/692 2728/6367/690 2726/6368/688
f 2733/6360/697 2734/6359/696 2736/6369/698 2735/6370/699
f 2735/6371/699 2736/6372/698 2722/6342/685 2721/6341/684
f 2721/6373/684 2723/6374/687 2725/6375/689 2727/6376/691 2729/6377/693 2731/6378/695 2733/6379/697 2735/6380/699
f 2737/6381/684 2738/6382/685 2740/6383/686 2739/6384/687
f 2739/6385/687 2740/6386/686 2742/6387/688 2741/6388/689
f 2741/6388/689 2742/6387/688 2744/6389/690 2743/6390/691
f 2743/6391/691 2744/6392/690 2746/6393/692 2745/6394/693
f 2745/6394/693 2746/6393/692 2748/6395/694 2747/6396/695
f 2747/6397/695 2748/6398/694 2750/6399/696 2749/6400/697
f 2740/6401/686 2738/6402/685 2752/6403/698 2750/6404/696 2748/6405/694 2746/6406/692 2744/6407/690 2742/6408/688
f 2749/6400/697 2750/6399/696 2752/6409/698 2751/6410/699
f 2751/6411/699 2752/6412/698 2738/6382/685 2737/6381/684
f 2737/6413/684 2739/6414/687 2741/6415/689 2743/6416/691 2745/6417/693 2747/6418/695 2749/6419/697 2751/6420/699
f 2753/6421/684 2754/6422/685 2756/6423/686 2755/6424/687
f 2755/6425/687 2756/6426/686 2758/6427/688 2757/6428/689
f 2757/6428/689 2758/6427/688 2760/6429/690 2759/6430/691
f 2759/6431/691 2760/6432/690 2762/6433/692 2761/6434/693
f 2761/6434/693 2762/6433/692 2764/6435/694 2763/6436/695
f 2763/6437/695 2764/6438/694 2766/6439/696 2765/6440/697
f 2756/6441/686 2754/6442/685 2768/6443/698 2766/6444/696 2764/6445/694 2762/6446/692 2760/6447/690 2758/6448/688
f 2765/6440/697 2766/6439/696 2768/6449/698 2767/6450/699
f 2767/6451/699 2768/6452/698 2754/6422/685 2753/6421/684
f 2753/6453/684 2755/6454/687 2757/6455/689 2759/6456/691 2761/6457/693 2763/6458/695 2765/6459/697 2767/6460/699
f 2769/6461/684 2770/6462/685 2772/6463/686 2771/6464/687
f 2771/6465/687 2772/6466/686 2774/6467/688 2773/6468/689
f 2773/6468/689 2774/6467/688 2776/6469/690 2775/6470/691
f 2775/6471/691 2776/6472/690 2778/6473/692 2777/6474/693
f 2777/6474/693 2778/6473/692 2780/6475/694 2779/6476/695
f 2779/6477/695 2780/6478/694 2782/6479/696 2781/6480/697
f 2772/6481/686 2770/6482/685 2784/6483/698 2782/6484/696 2780/6485/694 2778/6486/692 2776/6487/690 2774/6488/688
f 2781/6480/697 2782/6479/696 2784/6489/698 2783/6490/699
f 2783/6491/699 2784/6492/698 2770/6462/685 2769/6461/684
f 2769/6493/684 2771/6494/687 2773/6495/689 2775/6496/691 2777/6497/693 2779/6498/695 2781/6499/697 2783/6500/699
f 2785/6501/684 2786/6502/685 2788/6503/686 2787/6504/687
f 2787/6505/687 2788/6506/686 2790/6507/688 2789/6508/689
f 2789/6508/689 2790/6507/688 2792/6509/690 2791/6510/691
f 2791/6511/691 2792/6512/690 2794/6513/692 2793/6514/693
f 2793/6514/693 2794/6513/692 2796/6515/694 2795/6516/695
f 2795/6517/695 2796/6518/694 2798/6519/696 2797/6520/697
f 2788/6521/686 2786/6522/685 2800/6523/698 2798/6524/696 2796/6525/694 2794/6526/692 2792/6527/690 2790/6528/688
f 2797/6520/697 2798/6519/696 2800/6529/698 2799/6530/699
f 2799/6531/699 2800/6532/698 2786/6502/685 2785/6501/684
f 2785/6533/684 2787/6534/687 2789/6535/689 2791/6536/691 2793/6537/693 2795/6538/695 2797/6539/697 2799/6540/699
f 2801/6541/684 2802/6542/685 2804/6543/686 2803/6544/687
f 2803/6545/687 2804/6546/686 2806/6547/688 2805/6548/689
f 2805/6548/689 2806/6547/688 2808/6549/690 2807/6550/691
f 2807/6551/691 2808/6552/690 2810/6553/692 2809/6554/693
f 2809/6554/693 2810/6553/692 2812/6555/694 2811/6556/695
f 2811/6557/695 2812/6558/694 2814/6559/696 2813/6560/697
f 2804/6561/686 2802/6562/685 2816/6563/698 2814/6564/696 2812/6565/694 2810/6566/692 2808/6567/690 2806/6568/688
f 2813/6560/697 2814/6559/696 2816/6569/698 2815/6570/699
f 2815/6571/699 2816/6572/698 2802/6542/685 2801/6541/684
f 2801/6573/684 2803/6574/687 2805/6575/689 2807/6576/691 2809/6577/693 2811/6578/695 2813/6579/697 2815/6580/699
f 2817/6581/684 2818/6582/685 2820/6583/686 2819/6584/687
f 2819/6585/687 2820/6586/686 2822/6587/688 2821/6588/689
f 2821/6588/689 2822/6587/688 2824/6589/690 2823/6590/691
f 2823/6591/691 2824/6592/690 2826/6593/692 2825/6594/693
f 2825/6594/693 2826/6593/692 2828/6595/694 2827/6596/695
f 2827/6597/695 2828/6598/694 2830/6599/696 2829/6600/697
f 2820/6601/686 2818/6602/685 2832/6603/698 2830/6604/696 2828/6605/694 2826/6606/692 2824/6607/690 2822/6608/688
f 2829/6600/697 2830/6599/696 2832/6609/698 2831/6610/699
f 2831/6611/699 2832/6612/698 2818/6582/685 2817/6581/684
f 2817/6613/684 2819/6614/687 2821/6615/689 2823/6616/691 2825/6617/693 2827/6618/695 2829/6619/697 2831/6620/699
f 2833/6621/684 2834/6622/685 2836/6623/700 2835/6624/687
f 2835/6625/687 2836/6626/700 2838/6627/688 2837/6628/689
f 2837/6628/689 2838/6627/688 2840/6629/690 2839/6630/691
f 2839/6631/691 2840/6632/690 2842/6633/692 2841/6634/693
f 2841/6634/693 2842/6633/692 2844/6635/694 2843/6636/695
f 2843/6637/695 2844/6638/694 2846/6639/696 2845/6640/697
f 2836/6641/700 2834/6642/685 2848/6643/701 2846/6644/696 2844/6645/694 2842/6646/692 2840/6647/690 2838/6648/688
f 2845/6640/697 2846/6639/696 2848/6649/701 2847/6650/699
f 2847/6651/699 2848/6652/701 2834/6622/685 2833/6621/684
f 2833/6653/684 2835/6654/687 2837/6655/689 2839/6656/691 2841/6657/693 2843/6658/695 2845/6659/697 2847/6660/699
f 2849/6661/684 2850/6662/685 2852/6663/686 2851/6664/687
f 2851/6665/687 2852/6666/686 2854/6667/688 2853/6668/689
f 2853/6668/689 2854/6667/688 2856/6669/690 2855/6670/691
f 2855/6671/691 2856/6672/690 2858/6673/692 2857/6674/693
f 2857/6674/693 2858/6673/692 2860/6675/694 2859/6676/695
f 2859/6677/695 2860/6678/694 2862/6679/696 2861/6680/697
f 2852/6681/686 2850/6682/685 2864/6683/698 2862/6684/696 2860/6685/694 2858/6686/692 2856/6687/690 2854/6688/688
f 2861/6680/697 2862/6679/696 2864/6689/698 2863/6690/699
f 2863/6691/699 2864/6692/698 2850/6662/685 2849/6661/684
f 2849/6693/684 2851/6694/687 2853/6695/689 2855/6696/691 2857/6697/693 2859/6698/695 2861/6699/697 2863/6700/699
f 2865/6701/684 2866/6702/685 2868/6703/686 2867/6704/687
f 2867/6705/687 2868/6706/686 2870/6707/688 2869/6708/689
f 2869/6708/689 2870/6707/688 2872/6709/690 2871/6710/691
f 2871/6711/691 2872/6712/690 2874/6713/692 2873/6714/693
f 2873/6714/693 2874/6713/692 2876/6715/694 2875/6716/695
f 2875/6717/695 2876/6718/694 2878/6719/696 2877/6720/697
f 2868/6721/686 2866/6722/685 2880/6723/698 2878/6724/696 2876/6725/694 2874/6726/692 2872/6727/690 2870/6728/688
f 2877/6720/697 2878/6719/696 2880/6729/698 2879/6730/699
f 2879/6731/699 2880/6732/698 2866/6702/685 2865/6701/684
f 2865/6733/684 2867/6734/687 2869/6735/689 2871/6736/691 2873/6737/693 2875/6738/695 2877/6739/697 2879/6740/699
f 2881/6741/684 2882/6742/685 2884/6743/686 2883/6744/687
f 2883/6745/687 2884/6746/686 2886/6747/688 2885/6748/689
f 2885/6748/689 2886/6747/688 2888/6749/690 2887/6750/691
f 2887/6751/691 2888/6752/690 2890/6753/692 2889/6754/693
f 2889/6754/693 2890/6753/692 2892/6755/694 2891/6756/695
f 2891/6757/695 2892/6758/694 2894/6759/696 2893/6760/697
f 2884/6761/686 2882/6762/685 2896/6763/698 2894/6764/696 2892/6765/694 2890/6766/692 2888/6767/690 2886/6768/688
f 2893/6760/697 2894/6759/696 2896/6769/698 2895/6770/699
f 2895/6771/699 2896/6772/698 2882/6742/685 2881/6741/684
f 2881/6773/684 2883/6774/687 2885/6775/689 2887/6776/691 2889/6777/693 2891/6778/695 2893/6779/697 2895/6780/699
f 2897/6781/684 2898/6782/685 2900/6783/686 2899/6784/687
f 2899/6785/687 2900/6786/686 2902/6787/688 2901/6788/689
f 2901/6788/689 2902/6787/688 2904/6789/690 2903/6790/691
f 2903/6791/691 2904/6792/690 2906/6793/692 2905/6794/693
f 2905/6794/693 2906/6793/692 2908/6795/694 2907/6796/695
f 2907/6797/695 2908/6798/694 2910/6799/696 2909/6800/697
f 2900/6801/686 2898/6802/685 2912/6803/698 2910/6804/696 2908/6805/694 2906/6806/692 2904/6807/690 2902/6808/688
f 2909/6800/697 2910/6799/696 2912/6809/698 2911/6810/699
f 2911/6811/699 2912/6812/698 2898/6782/685 2897/6781/684
f 2897/6813/684 2899/6814/687 2901/6815/689 2903/6816/691 2905/6817/693 2907/6818/695 2909/6819/697 2911/6820/699
f 2913/6821/684 2914/6822/685 2916/6823/686 2915/6824/687
f 2915/6825/687 2916/6826/686 2918/6827/688 2917/6828/689
f 2917/6828/689 2918/6827/688 2920/6829/690 2919/6830/691
f 2919/6831/691 2920/6832/690 2922/6833/692 2921/6834/693
f 2921/6834/693 2922/6833/692 2924/6835/694 2923/6836/695
f 2923/6837/695 2924/6838/694 2926/6839/696 2925/6840/697
f 2916/6841/686 2914/6842/685 2928/6843/698 2926/6844/696 2924/6845/694 2922/6846/692 2920/6847/690 2918/6848/688
f 2925/6840/697 2926/6839/696 2928/6849/698 2927/6850/699
f 2927/6851/699 2928/6852/698 2914/6822/685 2913/6821/684
f 2913/6853/684 2915/6854/687 2917/6855/689 2919/6856/691 2921/6857/693 2923/6858/695 2925/6859/697 2927/6860/699
f 2929/6861/684 2930/6862/685 2932/6863/686 2931/6864/687
f 2931/6865/687 2932/6866/686 2934/6867/688 2933/6868/689
f 2933/6868/689 2934/6867/688 2936/6869/690 2935/6870/691
f 2935/6871/691 2936/6872/690 2938/6873/692 2937/6874/693
f 2937/6874/693 2938/6873/692 2940/6875/694 2939/6876/695
f 2939/6877/695 2940/6878/694 2942/6879/696 2941/6880/697
f 2932/6881/686 2930/6882/685 2944/6883/698 2942/6884/696 2940/6885/694 2938/6886/692 2936/6887/690 2934/6888/688
f 2941/6880/697 2942/6879/696 2944/6889/698 2943/6890/699
f 2943/6891/699 2944/6892/698 2930/6862/685 2929/6861/684
f 2929/6893/684 2931/6894/687 2933/6895/689 2935/6896/691 2937/6897/693 2939/6898/695 2941/6899/697 2943/6900/699
f 2945/6901/684 2946/6902/685 2948/6903/686 2947/6904/687
f 2947/6905/687 2948/6906/686 2950/6907/688 2949/6908/689
f 2949/6908/689 2950/6907/688 2952/6909/690 2951/6910/691
f 2951/6911/691 2952/6912/690 2954/6913/692 2953/6914/693
f 2953/6914/693 2954/6913/692 2956/6915/694 2955/6916/695
f 2955/6917/695 2956/6918/694 2958/6919/696 2957/6920/697
f 2948/6921/686 2946/6922/685 2960/6923/698 2958/6924/696 2956/6925/694 2954/6926/692 2952/6927/690 2950/6928/688
f 2957/6920/697 2958/6919/696 2960/6929/698 2959/6930/699
f 2959/6931/699 2960/6932/698 2946/6902/685 2945/6901/684
f 2945/6933/684 2947/6934/687 2949/6935/689 2951/6936/691 2953/6937/693 2955/6938/695 2957/6939/697 2959/6940/699
f 2961/6941/684 2962/6942/685 2964/6943/686 2963/6944/687
f 2963/6945/687 2964/6946/686 2966/6947/688 2965/6948/689
f 2965/6948/689 2966/6947/688 2968/6949/690 2967/6950/691
f 2967/6951/691 2968/6952/690 2970/6953/692 2969/6954/693
f 2969/6954/693 2970/6953/692 2972/6955/694 2971/6956/695
f 2971/6957/695 2972/6958/694 2974/6959/696 2973/6960/697
f 2964/6961/686 2962/6962/685 2976/6963/698 2974/6964/696 2972/6965/694 2970/6966/692 2968/6967/690 2966/6968/688
f 2973/6960/697 2974/6959/696 2976/6969/698 2975/6970/699
f 2975/6971/699 2976/6972/698 2962/6942/685 2961/6941/684
f 2961/6973/684 2963/6974/687 2965/6975/689 2967/6976/691 2969/6977/693 2971/6978/695 2973/6979/697 2975/6980/699
f 2977/6981/684 2978/6982/685 2980/6983/700 2979/6984/687
f 2979/6985/687 2980/6986/700 2982/6987/688 2981/6988/689
f 2981/6988/689 2982/6987/688 2984/6989/690 2983/6990/691
f 2983/6991/691 2984/6992/690 2986/6993/692 2985/6994/693
f 2985/6994/693 2986/6993/692 2988/6995/694 2987/6996/695
f 2987/6997/695 2988/6998/694 2990/6999/696 2989/7000/697
f 2980/7001/700 2978/7002/685 2992/7003/701 2990/7004/696 2988/7005/694 2986/7006/692 2984/7007/690 2982/7008/688
f 2989/7000/697 2990/6999/696 2992/7009/701 2991/7010/699
f 2991/7011/699 2992/7012/701 2978/6982/685 2977/6981/684
f 2977/7013/684 2979/7014/687 2981/7015/689 2983/7016/691 2985/7017/693 2987/7018/695 2989/7019/697 2991/7020/699
f 2993/7021/684 2994/7022/685 2996/7023/686 2995/7024/687
f 2995/7025/687 2996/7026/686 2998/7027/688 2997/7028/689
f 2997/7028/689 2998/7027/688 3000/7029/690 2999/7030/691
f 2999/7031/691 3000/7032/690 3002/7033/692 3001/7034/693
f 3001/7034/693 3002/7033/692 3004/7035/694 3003/7036/695
f 3003/7037/695 3004/7038/694 3006/7039/696 3005/7040/697
f 2996/7041/686 2994/7042/685 3008/7043/698 3006/7044/696 3004/7045/694 3002/7046/692 3000/7047/690 2998/7048/688
f 3005/7040/697 3006/7039/696 3008/7049/698 3007/7050/699
f 3007/7051/699 3008/7052/698 2994/7022/685 2993/7021/684
f 2993/7053/684 2995/7054/687 2997/7055/689 2999/7056/691 3001/7057/693 3003/7058/695 3005/7059/697 3007/7060/699
f 3009/7061/483 3012/7062/484 3014/7063/579 3013/7064/486
f 3012/7062/484 3016/7065/702 3017/7066/703 3014/7063/579
f 3010/7067/489 3015/7068/704 3017/7069/703 3016/7070/702
f 3015/7071/704 3019/7072/705 3020/7073/706 3017/7074/703
f 3011/7075/493 3018/7076/582 3020/7073/706 3019/7072/705
f 3018/7076/582 3013/7077/486 3014/7078/579 3020/7073/706
f 3014/7078/579 3017/7074/703 3020/7073/706
f 3021/7079/495 3024/7080/707 3026/7081/708 3025/7082/709
f 3024/7080/707 3028/7083/499 3029/7084/583 3026/7081/708
f 3022/7085/501 3027/7086/502 3029/7087/583 3028/7088/499
f 3027/7089/502 3031/7090/584 3032/7091/710 3029/7092/583
f 3023/7093/505 3030/7094/711 3032/7091/710 3031/7090/584
f 3030/7095/711 3025/7082/709 3026/7081/708 3032/7096/710
f 3026/7081/708 3029/7084/583 3032/7096/710
f 3033/7097/507 3036/7098/586 3038/7099/587 3037/7100/510
f 3036/7101/586 3040/7102/588 3041/7103/712 3038/7104/587
f 3034/7105/513 3039/7106/590 3041/7103/712 3040/7102/588
f 3039/7107/590 3043/7108/515 3044/7109/591 3041/7110/712
f 3035/7111/592 3042/7112/713 3044/7109/591 3043/7108/515
f 3042/7112/713 3037/7113/510 3038/7114/587 3044/7109/591
f 3038/7114/587 3041/7110/712 3044/7109/591
f 3045/7115/519 3048/7116/520 3050/7117/714 3049/7118/522
f 3048/7116/520 3052/7119/715 3053/7120/595 3050/7117/714
f 3046/7121/716 3051/7122/526 3053/7123/595 3052/7124/715
f 3051/7125/526 3055/7126/596 3056/7127/717 3053/7128/595
f 3047/7129/529 3054/7130/598 3056/7127/717 3055/7126/596
f 3054/7130/598 3049/7131/522 3050/7132/714 3056/7127/717
f 3050/7132/714 3053/7128/595 3056/7127/717
f 3057/7133/531 3060/7134/532 3062/7135/533 3061/7136/534
f 3060/7134/532 3064/7137/611 3065/7138/718 3062/7135/533
f 3058/7139/537 3063/7140/719 3065/7141/718 3064/7142/611
f 3063/7140/719 3067/7143/720 3068/7144/721 3065/7141/718
f 3059/7145/541 3066/7146/722 3068/7147/721 3067/7148/720
f 3066/7149/722 3061/7136/534 3062/7135/533 3068/7150/721
f 3062/7135/533 3065/7138/718 3068/7150/721
f 3069/7151/543 3072/7152/544 3074/7153/545 3073/7154/723
f 3072/7155/544 3076/7156/724 3077/7157/725 3074/7158/545
f 3070/7159/549 3075/7160/726 3077/7157/725 3076/7156/724
f 3075/7160/726 3079/7161/727 3080/7162/728 3077/7157/725
f 3071/7163/553 3078/7164/554 3080/7165/728 3079/7166/727
f 3078/7167/554 3073/7154/723 3074/7153/545 3080/7168/728
f 3074/7158/545 3077/7157/725 3080/7162/728
f 3081/7169/555 3084/7170/556 3086/7171/614 3085/7172/558
f 3084/7173/556 3088/7174/729 3089/7175/560 3086/7176/614
f 3082/7177/730 3087/7178/562 3089/7175/560 3088/7174/729
f 3087/7178/562 3091/7179/731 3092/7180/564 3089/7175/560
f 3083/7181/565 3090/7182/604 3092/7183/564 3091/7184/731
f 3090/7185/604 3085/7172/558 3086/7171/614 3092/7186/564
f 3086/7176/614 3089/7175/560 3092/7180/564
f 3093/7187/567 3096/7188/568 3098/7189/615 3097/7190/570
f 3096/7188/568 3100/7191/732 3101/7192/572 3098/7189/615
f 3094/7193/573 3099/7194/574 3101/7195/572 3100/7196/732
f 3099/7194/574 3103/7197/575 3104/7198/576 3101/7195/572
f 3095/7199/577 3102/7200/733 3104/7201/576 3103/7202/575
f 3102/7203/733 3097/7190/570 3098/7189/615 3104/7204/576
f 3098/7189/615 3101/7192/572 3104/7204/576
f 3033/7097/507 3009/7061/483 3013/7064/486 3036/7098/586
f 3036/7101/586 3013/7077/486 3018/7076/582 3040/7102/588
f 3040/7102/588 3018/7076/582 3011/7075/493 3034/7105/513
f 3010/7067/489 3021/7079/495 3025/7082/709 3015/7068/704
f 3015/7071/704 3025/7205/709 3030/7094/711 3019/7072/705
f 3019/7072/705 3030/7094/711 3023/7093/505 3011/7075/493
f 3022/7085/501 3045/7115/519 3049/7118/522 3027/7086/502
f 3027/7089/502 3049/7131/522 3054/7130/598 3031/7090/584
f 3031/7090/584 3054/7130/598 3047/7129/529 3023/7093/505
f 3046/7121/716 3035/7111/592 3043/7108/515 3051/7122/526
f 3051/7125/526 3043/7206/515 3039/7106/590 3055/7126/596
f 3055/7126/596 3039/7106/590 3034/7105/513 3047/7129/529
f 3081/7169/555 3033/7097/507 3037/7100/510 3084/7170/556
f 3084/7173/556 3037/7113/510 3042/7112/713 3088/7174/729
f 3088/7174/729 3042/7112/713 3035/7111/592 3082/7177/730
f 3045/7115/519 3093/7187/567 3097/7190/570 3048/7116/520
f 3048/7116/520 3097/7190/570 3102/7203/733 3052/7119/715
f 3052/7124/715 3102/7200/733 3095/7199/577 3046/7121/716
f 3094/7193/573 3083/7181/565 3091/7184/731 3099/7194/574
f 3099/7194/574 3091/7184/731 3087/7207/562 3103/7197/575
f 3103/7202/575 3087/7178/562 3082/7177/730 3095/7199/577
f 3057/7133/531 3081/7169/555 3085/7172/558 3060/7134/532
f 3060/7208/532 3085/7209/558 3090/7182/604 3064/7142/611
f 3064/7142/611 3090/7182/604 3083/7181/565 3058/7139/537
f 3093/7187/567 3069/7151/543 3073/7154/723 3096/7188/568
f 3096/7210/568 3073/7211/723 3078/7164/554 3100/7196/732
f 3100/7196/732 3078/7164/554 3071/7163/553 3094/7193/573
f 3070/7159/549 3059/7145/541 3067/7148/720 3075/7160/726
f 3075/7212/726 3067/7143/720 3063/7140/719 3079/7166/727
f 3079/7166/727 3063/7140/719 3058/7139/537 3071/7163/553
f 3009/7061/483 3057/7133/531 3061/7136/534 3012/7062/484
f 3012/7062/484 3061/7136/534 3066/7149/722 3016/7065/702
f 3016/7070/702 3066/7146/722 3059/7145/541 3010/7067/489
f 3069/7151/543 3022/7085/501 3028/7088/499 3072/7152/544
f 3072/7155/544 3028/7083/499 3024/7080/707 3076/7156/724
f 3076/7156/724 3024/7080/707 3021/7079/495 3070/7159/549
f 3033/7097/507 3081/7169/555 3057/7133/531 3009/7061/483
f 3011/7075/493 3023/7093/505 3047/7129/529 3034/7105/513
f 3059/7145/541 3070/7159/549 3021/7079/495 3010/7067/489
f 3093/7187/567 3045/7115/519 3022/7085/501 3069/7151/543
f 3035/7111/592 3046/7121/716 3095/7199/577 3082/7177/730
f 3083/7181/565 3094/7193/573 3071/7163/553 3058/7139/537
f 3105/7213/483 3108/7214/734 3110/7215/735 3109/7216/580
f 3108/7214/734 3112/7217/736 3113/7218/737 3110/7215/735
f 3106/7219/738 3111/7220/739 3113/7221/737 3112/7222/736
f 3111/7223/739 3115/7224/705 3116/7225/706 3113/7226/737
f 3107/7227/493 3114/7228/582 3116/7225/706 3115/7224/705
f 3114/7228/582 3109/7229/580 3110/7230/735 3116/7225/706
f 3110/7230/735 3113/7226/737 3116/7225/706
f 3117/7231/740 3120/7232/741 3122/7233/742 3121/7234/743
f 3120/7232/741 3124/7235/744 3125/7236/745 3122/7233/742
f 3118/7237/501 3123/7238/746 3125/7239/745 3124/7240/744
f 3123/7241/746 3127/7242/584 3128/7243/710 3125/7244/745
f 3119/7245/505 3126/7246/711 3128/7243/710 3127/7242/584
f 3126/7247/711 3121/7234/743 3122/7233/742 3128/7248/710
f 3122/7233/742 3125/7236/745 3128/7248/710
f 3129/7249/507 3132/7250/586 3134/7251/747 3133/7252/748
f 3132/7253/586 3136/7254/588 3137/7255/749 3134/7256/747
f 3130/7257/513 3135/7258/590 3137/7255/749 3136/7254/588
f 3135/7259/590 3139/7260/750 3140/7261/751 3137/7262/749
f 3131/7263/592 3138/7264/713 3140/7261/751 3139/7260/750
f 3138/7264/713 3133/7265/748 3134/7266/747 3140/7261/751
f 3134/7266/747 3137/7262/749 3140/7261/751
f 3141/7267/519 3144/7268/752 3146/7269/714 3145/7270/522
f 3144/7268/752 3148/7271/715 3149/7272/753 3146/7269/714
f 3142/7273/754 3147/7274/755 3149/7275/753 3148/7276/715
f 3147/7277/755 3151/7278/596 3152/7279/610 3149/7280/753
f 3143/7281/529 3150/7282/598 3152/7279/610 3151/7278/596
f 3150/7282/598 3145/7283/522 3146/7284/714 3152/7279/610
f 3146/7284/714 3149/7280/753 3152/7279/610
f 3153/7285/531 3156/7286/532 3158/7287/756 3157/7288/757
f 3156/7286/532 3160/7289/611 3161/7290/718 3158/7287/756
f 3154/7291/537 3159/7292/719 3161/7293/718 3160/7294/611
f 3159/7292/719 3163/7295/758 3164/7296/759 3161/7293/718
f 3155/7297/760 3162/7298/761 3164/7299/759 3163/7300/758
f 3162/7301/761 3157/7288/757 3158/7287/756 3164/7302/759
f 3158/7287/756 3161/7290/718 3164/7302/759
f 3165/7303/543 3168/7304/762 3170/7305/763 3169/7306/546
f 3168/7307/762 3172/7308/764 3173/7309/765 3170/7310/763
f 3166/7311/766 3171/7312/767 3173/7309/765 3172/7308/764
f 3171/7312/767 3175/7313/727 3176/7314/768 3173/7309/765
f 3167/7315/553 3174/7316/613 3176/7317/768 3175/7318/727
f 3174/7319/613 3169/7306/546 3170/7305/763 3176/7320/768
f 3170/7310/763 3173/7309/765 3176/7314/768
f 3177/7321/555 3180/7322/769 3182/7323/770 3181/7324/771
f 3180/7325/769 3184/7326/729 3185/7327/772 3182/7328/770
f 3178/7329/773 3183/7330/774 3185/7327/772 3184/7326/729
f 3183/7330/774 3187/7331/563 3188/7332/564 3185/7327/772
f 3179/7333/565 3186/7334/604 3188/7335/564 3187/7336/563
f 3186/7337/604 3181/7324/771 3182/7323/770 3188/7338/564
f 3182/7328/770 3185/7327/772 3188/7332/564
f 3189/7339/567 3192/7340/568 3194/7341/775 3193/7342/776
f 3192/7340/568 3196/7343/732 3197/7344/572 3194/7341/775
f 3190/7345/573 3195/7346/574 3197/7347/572 3196/7348/732
f 3195/7346/574 3199/7349/777 3200/7350/778 3197/7347/572
f 3191/7351/779 3198/7352/733 3200/7353/778 3199/7354/777
f 3198/7355/733 3193/7342/776 3194/7341/775 3200/7356/778
f 3194/7341/775 3197/7344/572 3200/7356/778
f 3129/7249/507 3105/7213/483 3109/7216/580 3132/7250/586
f 3132/7253/586 3109/7229/580 3114/7228/582 3136/7254/588
f 3136/7254/588 3114/7228/582 3107/7227/493 3130/7257/513
f 3106/7219/738 3117/7231/740 3121/7234/743 3111/7220/739
f 3111/7223/739 3121/7357/743 3126/7246/711 3115/7224/705
f 3115/7224/705 3126/7246/711 3119/7245/505 3107/7227/493
f 3118/7237/501 3141/7267/519 3145/7270/522 3123/7238/746
f 3123/7241/746 3145/7283/522 3150/7282/598 3127/7242/584
f 3127/7242/584 3150/7282/598 3143/7281/529 3119/7245/505
f 3142/7273/754 3131/7263/592 3139/7260/750 3147/7274/755
f 3147/7277/755 3139/7358/750 3135/7258/590 3151/7278/596
f 3151/7278/596 3135/7258/590 3130/7257/513 3143/7281/529
f 3177/7321/555 3129/7249/507 3133/7252/748 3180/7322/769
f 3180/7325/769 3133/7265/748 3138/7264/713 3184/7326/729
f 3184/7326/729 3138/7264/713 3131/7263/592 3178/7329/773
f 3141/7267/519 3189/7339/567 3193/7342/776 3144/7268/752
f 3144/7268/752 3193/7342/776 3198/7355/733 3148/7271/715
f 3148/7276/715 3198/7352/733 3191/7351/779 3142/7273/754
f 3190/7345/573 3179/7333/565 3187/7336/563 3195/7346/574
f 3195/7346/574 3187/7336/563 3183/7359/774 3199/7349/777
f 3199/7354/777 3183/7330/774 3178/7329/773 3191/7351/779
f 3153/7285/531 3177/7321/555 3181/7324/771 3156/7286/532
f 3156/7360/532 3181/7361/771 3186/7334/604 3160/7294/611
f 3160/7294/611 3186/7334/604 3179/7333/565 3154/7291/537
f 3189/7339/567 3165/7303/543 3169/7306/546 3192/7340/568
f 3192/7362/568 3169/7363/546 3174/7316/613 3196/7348/732
f 3196/7348/732 3174/7316/613 3167/7315/553 3190/7345/573
f 3166/7311/766 3155/7297/760 3163/7300/758 3171/7312/767
f 3171/7364/767 3163/7295/758 3159/7292/719 3175/7318/727
f 3175/7318/727 3159/7292/719 3154/7291/537 3167/7315/553
f 3105/7213/483 3153/7285/531 3157/7288/757 3108/7214/734
f 3108/7214/734 3157/7288/757 3162/7301/761 3112/7217/736
f 3112/7222/736 3162/7298/761 3155/7297/760 3106/7219/738
f 3165/7303/543 3118/7237/501 3124/7240/744 3168/7304/762
f 3168/7307/762 3124/7235/744 3120/7232/741 3172/7308/764
f 3172/7308/764 3120/7232/741 3117/7231/740 3166/7311/766
f 3129/7249/507 3177/7321/555 3153/7285/531 3105/7213/483
f 3107/7227/493 3119/7245/505 3143/7281/529 3130/7257/513
f 3155/7297/760 3166/7311/766 3117/7231/740 3106/7219/738
f 3189/7339/567 3141/7267/519 3118/7237/501 3165/7303/543
f 3131/7263/592 3142/7273/754 3191/7351/779 3178/7329/773
f 3179/7333/565 3190/7345/573 3167/7315/553 3154/7291/537
f 3201/7365/483 3204/7366/734 3206/7367/780 3205/7368/580
f 3204/7366/734 3208/7369/487 3209/7370/488 3206/7367/780
f 3202/7371/489 3207/7372/490 3209/7373/488 3208/7374/487
f 3207/7375/490 3211/7376/705 3212/7377/706 3209/7378/488
f 3203/7379/493 3210/7380/781 3212/7377/706 3211/7376/705
f 3210/7380/781 3205/7381/580 3206/7382/780 3212/7377/706
f 3206/7382/780 3209/7378/488 3212/7377/706
f 3213/7383/740 3216/7384/741 3218/7385/497 3217/7386/782
f 3216/7384/741 3220/7387/744 3221/7388/783 3218/7385/497
f 3214/7389/501 3219/7390/746 3221/7391/783 3220/7392/744
f 3219/7393/746 3223/7394/784 3224/7395/710 3221/7396/783
f 3215/7397/505 3222/7398/711 3224/7395/710 3223/7394/784
f 3222/7399/711 3217/7386/782 3218/7385/497 3224/7400/710
f 3218/7385/497 3221/7388/783 3224/7400/710
f 3225/7401/507 3228/7402/508 3230/7403/509 3229/7404/748
f 3228/7405/508 3232/7406/785 3233/7407/786 3230/7408/509
f 3226/7409/513 3231/7410/787 3233/7407/786 3232/7406/785
f 3231/7411/787 3235/7412/788 3236/7413/789 3233/7414/786
f 3227/7415/592 3234/7416/790 3236/7413/789 3235/7412/788
f 3234/7416/790 3229/7417/748 3230/7418/509 3236/7413/789
f 3230/7418/509 3233/7414/786 3236/7413/789
f 3237/7419/519 3240/7420/752 3242/7421/521 3241/7422/791
f 3240/7420/752 3244/7423/792 3245/7424/793 3242/7421/521
f 3238/7425/716 3243/7426/794 3245/7427/793 3244/7428/792
f 3243/7429/794 3247/7430/795 3248/7431/717 3245/7432/793
f 3239/7433/529 3246/7434/796 3248/7431/717 3247/7430/795
f 3246/7434/796 3241/7435/791 3242/7436/521 3248/7431/717
f 3242/7436/521 3245/7432/793 3248/7431/717
f 3249/7437/531 3252/7438/532 3254/7439/797 3253/7440/757
f 3252/7438/532 3256/7441/611 3257/7442/536 3254/7439/797
f 3250/7443/537 3255/7444/538 3257/7445/536 3256/7446/611
f 3255/7444/538 3259/7447/798 3260/7448/540 3257/7445/536
f 3251/7449/541 3258/7450/542 3260/7451/540 3259/7452/798
f 3258/7453/542 3253/7440/757 3254/7439/797 3260/7454/540
f 3254/7439/797 3257/7442/536 3260/7454/540
f 3261/7455/543 3264/7456/762 3266/7457/799 3265/7458/546
f 3264/7459/762 3268/7460/547 3269/7461/548 3266/7462/799
f 3262/7463/549 3267/7464/800 3269/7461/548 3268/7460/547
f 3267/7464/800 3271/7465/727 3272/7466/552 3269/7461/548
f 3263/7467/801 3270/7468/554 3272/7469/552 3271/7470/727
f 3270/7471/554 3265/7458/546 3266/7457/799 3272/7472/552
f 3266/7462/799 3269/7461/548 3272/7466/552
f 3273/7473/555 3276/7474/769 3278/7475/802 3277/7476/558
f 3276/7477/769 3280/7478/559 3281/7479/803 3278/7480/802
f 3274/7481/730 3279/7482/804 3281/7479/803 3280/7478/559
f 3279/7482/804 3283/7483/563 3284/7484/805 3281/7479/803
f 3275/7485/565 3282/7486/566 3284/7487/805 3283/7488/563
f 3282/7489/566 3277/7476/558 3278/7475/802 3284/7490/805
f 3278/7480/802 3281/7479/803 3284/7484/805
f 3285/7491/567 3288/7492/568 3290/7493/806 3289/7494/570
f 3288/7492/568 3292/7495/732 3293/7496/807 3290/7493/806
f 3286/7497/573 3291/7498/808 3293/7499/807 3292/7500/732
f 3291/7498/808 3295/7501/809 3296/7502/810 3293/7499/807
f 3287/7503/577 3294/7504/578 3296/7505/810 3295/7506/809
f 3294/7507/578 3289/7494/570 3290/7493/806 3296/7508/810
f 3290/7493/806 3293/7496/807 3296/7508/810
f 3225/7401/507 3201/7365/483 3205/7368/580 3228/7402/508
f 3228/7405/508 3205/7381/580 3210/7380/781 3232/7406/785
f 3232/7406/785 3210/7380/781 3203/7379/493 3226/7409/513
f 3202/7371/489 3213/7383/740 3217/7386/782 3207/7372/490
f 3207/7372/490 3217/7386/782 3222/7399/711 3211/7509/705
f 3211/7376/705 3222/7398/711 3215/7397/505 3203/7379/493
f 3214/7389/501 3237/7419/519 3241/7422/791 3219/7390/746
f 3219/7393/746 3241/7435/791 3246/7434/796 3223/7394/784
f 3223/7394/784 3246/7434/796 3239/7433/529 3215/7397/505
f 3238/7425/716 3227/7415/592 3235/7412/788 3243/7426/794
f 3243/7426/794 3235/7412/788 3231/7411/787 3247/7510/795
f 3247/7430/795 3231/7410/787 3226/7409/513 3239/7433/529
f 3273/7473/555 3225/7401/507 3229/7404/748 3276/7474/769
f 3276/7477/769 3229/7417/748 3234/7416/790 3280/7478/559
f 3280/7478/559 3234/7416/790 3227/7415/592 3274/7481/730
f 3237/7419/519 3285/7491/567 3289/7494/570 3240/7420/752
f 3240/7420/752 3289/7494/570 3294/7507/578 3244/7423/792
f 3244/7428/792 3294/7504/578 3287/7503/577 3238/7425/716
f 3286/7497/573 3275/7485/565 3283/7488/563 3291/7498/808
f 3291/7511/808 3283/7483/563 3279/7482/804 3295/7506/809
f 3295/7506/809 3279/7482/804 3274/7481/730 3287/7503/577
f 3249/7437/531 3273/7473/555 3277/7476/558 3252/7438/532
f 3252/7512/532 3277/7513/558 3282/7486/566 3256/7446/611
f 3256/7446/611 3282/7486/566 3275/7485/565 3250/7443/537
f 3285/7491/567 3261/7455/543 3265/7458/546 3288/7492/568
f 3288/7514/568 3265/7515/546 3270/7468/554 3292/7500/732
f 3292/7500/732 3270/7468/554 3263/7467/801 3286/7497/573
f 3262/7463/549 3251/7449/541 3259/7452/798 3267/7464/800
f 3267/7464/800 3259/7452/798 3255/7516/538 3271/7465/727
f 3271/7470/727 3255/7444/538 3250/7443/537 3263/7467/801
f 3201/7365/483 3249/7437/531 3253/7440/757 3204/7366/734
f 3204/7366/734 3253/7440/757 3258/7453/542 3208/7369/487
f 3208/7374/487 3258/7450/542 3251/7449/541 3202/7371/489
f 3261/7455/543 3214/7389/501 3220/7392/744 3264/7456/762
f 3264/7459/762 3220/7387/744 3216/7384/741 3268/7460/547
f 3268/7460/547 3216/7384/741 3213/7383/740 3262/7463/549
f 3225/7401/507 3273/7473/555 3249/7437/531 3201/7365/483
f 3203/7379/493 3215/7397/505 3239/7433/529 3226/7409/513
f 3251/7449/541 3262/7463/549 3213/7383/740 3202/7371/489
f 3285/7491/567 3237/7419/519 3214/7389/501 3261/7455/543
f 3227/7415/592 3238/7425/716 3287/7503/577 3274/7481/730
f 3275/7485/565 3286/7497/573 3263/7467/801 3250/7443/537
f 3297/7517/483 3300/7518/484 3302/7519/780 3301/7520/580
f 3300/7518/484 3304/7521/487 3305/7522/488 3302/7519/780
f 3298/7523/489 3303/7524/490 3305/7525/488 3304/7526/487
f 3303/7527/490 3307/7528/491 3308/7529/706 3305/7530/488
f 3299/7531/493 3306/7532/781 3308/7529/706 3307/7528/491
f 3306/7532/781 3301/7533/580 3302/7534/780 3308/7529/706
f 3302/7534/780 3305/7530/488 3308/7529/706
f 3309/7535/495 3312/7536/741 3314/7537/497 3313/7538/498
f 3312/7536/741 3316/7539/499 3317/7540/783 3314/7537/497
f 3310/7541/501 3315/7542/811 3317/7543/783 3316/7544/499
f 3315/7545/811 3319/7546/784 3320/7547/710 3317/7548/783
f 3311/7549/505 3318/7550/506 3320/7547/710 3319/7546/784
f 3318/7551/506 3313/7538/498 3314/7537/497 3320/7552/710
f 3314/7537/497 3317/7540/783 3320/7552/710
f 3321/7553/507 3324/7554/812 3326/7555/509 3325/7556/748
f 3324/7557/812 3328/7558/785 3329/7559/813 3326/7560/509
f 3322/7561/513 3327/7562/787 3329/7559/813 3328/7558/785
f 3327/7563/787 3331/7564/788 3332/7565/789 3329/7566/813
f 3323/7567/592 3330/7568/790 3332/7565/789 3331/7564/788
f 3330/7568/790 3325/7569/748 3326/7570/509 3332/7565/789
f 3326/7570/509 3329/7566/813 3332/7565/789
f 3333/7571/519 3336/7572/752 3338/7573/521 3337/7574/791
f 3336/7572/752 3340/7575/814 3341/7576/793 3338/7573/521
f 3334/7577/716 3339/7578/815 3341/7579/793 3340/7580/814
f 3339/7581/815 3343/7582/816 3344/7583/528 3341/7584/793
f 3335/7585/529 3342/7586/796 3344/7583/528 3343/7582/816
f 3342/7586/796 3337/7587/791 3338/7588/521 3344/7583/528
f 3338/7588/521 3341/7584/793 3344/7583/528
f 3345/7589/531 3348/7590/532 3350/7591/797 3349/7592/757
f 3348/7590/532 3352/7593/535 3353/7594/536 3350/7591/797
f 3346/7595/537 3351/7596/538 3353/7597/536 3352/7598/535
f 3351/7596/538 3355/7599/798 3356/7600/540 3353/7597/536
f 3347/7601/541 3354/7602/542 3356/7603/540 3355/7604/798
f 3354/7605/542 3349/7592/757 3350/7591/797 3356/7606/540
f 3350/7591/797 3353/7594/536 3356/7606/540
f 3357/7607/543 3360/7608/762 3362/7609/799 3361/7610/546
f 3360/7611/762 3364/7612/764 3365/7613/548 3362/7614/799
f 3358/7615/549 3363/7616/800 3365/7613/548 3364/7612/764
f 3363/7616/800 3367/7617/551 3368/7618/552 3365/7613/548
f 3359/7619/553 3366/7620/613 3368/7621/552 3367/7622/551
f 3366/7623/613 3361/7610/546 3362/7609/799 3368/7624/552
f 3362/7614/799 3365/7613/548 3368/7618/552
f 3369/7625/555 3372/7626/769 3374/7627/817 3373/7628/558
f 3372/7629/769 3376/7630/559 3377/7631/803 3374/7632/817
f 3370/7633/730 3375/7634/804 3377/7631/803 3376/7630/559
f 3375/7634/804 3379/7635/731 3380/7636/805 3377/7631/803
f 3371/7637/565 3378/7638/566 3380/7639/805 3379/7640/731
f 3378/7641/566 3373/7628/558 3374/7627/817 3380/7642/805
f 3374/7632/817 3377/7631/803 3380/7636/805
f 3381/7643/567 3384/7644/568 3386/7645/806 3385/7646/776
f 3384/7644/568 3388/7647/732 3389/7648/807 3386/7645/806
f 3382/7649/573 3387/7650/808 3389/7651/807 3388/7652/732
f 3387/7650/808 3391/7653/809 3392/7654/810 3389/7651/807
f 3383/7655/577 3390/7656/578 3392/7657/810 3391/7658/809
f 3390/7659/578 3385/7646/776 3386/7645/806 3392/7660/810
f 3386/7645/806 3389/7648/807 3392/7660/810
f 3321/7553/507 3297/7517/483 3301/7520/580 3324/7554/812
f 3324/7557/812 3301/7533/580 3306/7532/781 3328/7558/785
f 3328/7558/785 3306/7532/781 3299/7531/493 3322/7561/513
f 3298/7523/489 3309/7535/495 3313/7538/498 3303/7524/490
f 3303/7524/490 3313/7538/498 3318/7551/506 3307/7661/491
f 3307/7528/491 3318/7550/506 3311/7549/505 3299/7531/493
f 3310/7541/501 3333/7571/519 3337/7574/791 3315/7542/811
f 3315/7545/811 3337/7587/791 3342/7586/796 3319/7546/784
f 3319/7546/784 3342/7586/796 3335/7585/529 3311/7549/505
f 3334/7577/716 3323/7567/592 3331/7564/788 3339/7578/815
f 3339/7578/815 3331/7564/788 3327/7563/787 3343/7662/816
f 3343/7582/816 3327/7562/787 3322/7561/513 3335/7585/529
f 3369/7625/555 3321/7553/507 3325/7556/748 3372/7626/769
f 3372/7629/769 3325/7569/748 3330/7568/790 3376/7630/559
f 3376/7630/559 3330/7568/790 3323/7567/592 3370/7633/730
f 3333/7571/519 3381/7643/567 3385/7646/776 3336/7572/752
f 3336/7572/752 3385/7646/776 3390/7659/578 3340/7575/814
f 3340/7580/814 3390/7656/578 3383/7655/577 3334/7577/716
f 3382/7649/573 3371/7637/565 3379/7640/731 3387/7650/808
f 3387/7663/808 3379/7635/731 3375/7634/804 3391/7658/809
f 3391/7658/809 3375/7634/804 3370/7633/730 3383/7655/577
f 3345/7589/531 3369/7625/555 3373/7628/558 3348/7590/532
f 3348/7664/532 3373/7665/558 3378/7638/566 3352/7598/535
f 3352/7598/535 3378/7638/566 3371/7637/565 3346/7595/537
f 3381/7643/567 3357/7607/543 3361/7610/546 3384/7644/568
f 3384/7666/568 3361/7667/546 3366/7620/613 3388/7652/732
f 3388/7652/732 3366/7620/613 3359/7619/553 3382/7649/573
f 3358/7615/549 3347/7601/541 3355/7604/798 3363/7616/800
f 3363/7616/800 3355/7604/798 3351/7668/538 3367/7617/551
f 3367/7622/551 3351/7596/538 3346/7595/537 3359/7619/553
f 3297/7517/483 3345/7589/531 3349/7592/757 3300/7518/484
f 3300/7518/484 3349/7592/757 3354/7605/542 3304/7521/487
f 3304/7526/487 3354/7602/542 3347/7601/541 3298/7523/489
f 3357/7607/543 3310/7541/501 3316/7544/499 3360/7608/762
f 3360/7611/762 3316/7539/499 3312/7536/741 3364/7612/764
f 3364/7612/764 3312/7536/741 3309/7535/495 3358/7615/549
f 3321/7553/507 3369/7625/555 3345/7589/531 3297/7517/483
f 3299/7531/493 3311/7549/505 3335/7585/529 3322/7561/513
f 3347/7601/541 3358/7615/549 3309/7535/495 3298/7523/489
f 3381/7643/567 3333/7571/519 3310/7541/501 3357/7607/543
f 3323/7567/592 3334/7577/716 3383/7655/577 3370/7633/730
f 3371/7637/565 3382/7649/573 3359/7619/553 3346/7595/537
f 3393/7669/483 3396/7670/734 3398/7671/780 3397/7672/580
f 3396/7670/734 3400/7673/487 3401/7674/488 3398/7671/780
f 3394/7675/489 3399/7676/818 3401/7677/488 3400/7678/487
f 3399/7679/818 3403/7680/491 3404/7681/706 3401/7682/488
f 3395/7683/493 3402/7684/781 3404/7681/706 3403/7680/491
f 3402/7684/781 3397/7685/580 3398/7686/780 3404/7681/706
f 3398/7686/780 3401/7682/488 3404/7681/706
f 3405/7687/495 3408/7688/496 3410/7689/497 3409/7690/782
f 3408/7688/496 3412/7691/744 3413/7692/783 3410/7689/497
f 3406/7693/501 3411/7694/746 3413/7695/783 3412/7696/744
f 3411/7697/746 3415/7698/784 3416/7699/710 3413/7700/783
f 3407/7701/505 3414/7702/506 3416/7699/710 3415/7698/784
f 3414/7703/506 3409/7690/782 3410/7689/497 3416/7704/710
f 3410/7689/497 3413/7692/783 3416/7704/710
f 3417/7705/507 3420/7706/812 3422/7707/509 3421/7708/748
f 3420/7709/812 3424/7710/785 3425/7711/786 3422/7712/509
f 3418/7713/513 3423/7714/787 3425/7711/786 3424/7710/785
f 3423/7715/787 3427/7716/788 3428/7717/789 3425/7718/786
f 3419/7719/592 3426/7720/518 3428/7717/789 3427/7716/788
f 3426/7720/518 3421/7721/748 3422/7722/509 3428/7717/789
f 3422/7722/509 3425/7718/786 3428/7717/789
f 3429/7723/519 3432/7724/752 3434/7725/521 3433/7726/819
f 3432/7724/752 3436/7727/814 3437/7728/793 3434/7725/521
f 3430/7729/716 3435/7730/815 3437/7731/793 3436/7732/814
f 3435/7733/815 3439/7734/816 3440/7735/610 3437/7736/793
f 3431/7737/529 3438/7738/796 3440/7735/610 3439/7734/816
f 3438/7738/796 3433/7739/819 3434/7740/521 3440/7735/610
f 3434/7740/521 3437/7736/793 3440/7735/610
f 3441/7741/531 3444/7742/532 3446/7743/797 3445/7744/534
f 3444/7742/532 3448/7745/611 3449/7746/600 3446/7743/797
f 3442/7747/537 3447/7748/538 3449/7749/600 3448/7750/611
f 3447/7748/538 3451/7751/798 3452/7752/540 3449/7749/600
f 3443/7753/541 3450/7754/761 3452/7755/540 3451/7756/798
f 3450/7757/761 3445/7744/534 3446/7743/797 3452/7758/540
f 3446/7743/797 3449/7746/600 3452/7758/540
f 3453/7759/543 3456/7760/544 3458/7761/799 3457/7762/546
f 3456/7763/544 3460/7764/764 3461/7765/548 3458/7766/799
f 3454/7767/549 3459/7768/800 3461/7765/548 3460/7764/764
f 3459/7768/800 3463/7769/727 3464/7770/552 3461/7765/548
f 3455/7771/801 3462/7772/613 3464/7773/552 3463/7774/727
f 3462/7775/613 3457/7762/546 3458/7761/799 3464/7776/552
f 3458/7766/799 3461/7765/548 3464/7770/552
f 3465/7777/555 3468/7778/769 3470/7779/802 3469/7780/558
f 3468/7781/769 3472/7782/559 3473/7783/803 3470/7784/802
f 3466/7785/730 3471/7786/804 3473/7783/803 3472/7782/559
f 3471/7786/804 3475/7787/563 3476/7788/805 3473/7783/803
f 3467/7789/820 3474/7790/821 3476/7791/805 3475/7792/563
f 3474/7793/821 3469/7780/558 3470/7779/802 3476/7794/805
f 3470/7784/802 3473/7783/803 3476/7788/805
f 3477/7795/567 3480/7796/568 3482/7797/822 3481/7798/776
f 3480/7796/568 3484/7799/732 3485/7800/807 3482/7797/822
f 3478/7801/573 3483/7802/808 3485/7803/807 3484/7804/732
f 3483/7802/808 3487/7805/823 3488/7806/810 3485/7803/807
f 3479/7807/577 3486/7808/578 3488/7809/810 3487/7810/823
f 3486/7811/578 3481/7798/776 3482/7797/822 3488/7812/810
f 3482/7797/822 3485/7800/807 3488/7812/810
f 3417/7705/507 3393/7669/483 3397/7672/580 3420/7706/812
f 3420/7709/812 3397/7685/580 3402/7684/781 3424/7710/785
f 3424/7710/785 3402/7684/781 3395/7683/493 3418/7713/513
f 3394/7675/489 3405/7687/495 3409/7690/782 3399/7676/818
f 3399/7676/818 3409/7690/782 3414/7703/506 3403/7813/491
f 3403/7680/491 3414/7702/506 3407/7701/505 3395/7683/493
f 3406/7693/501 3429/7723/519 3433/7726/819 3411/7694/746
f 3411/7697/746 3433/7739/819 3438/7738/796 3415/7698/784
f 3415/7698/784 3438/7738/796 3431/7737/529 3407/7701/505
f 3430/7729/716 3419/7719/592 3427/7716/788 3435/7730/815
f 3435/7730/815 3427/7716/788 3423/7715/787 3439/7814/816
f 3439/7734/816 3423/7714/787 3418/7713/513 3431/7737/529
f 3465/7777/555 3417/7705/507 3421/7708/748 3468/7778/769
f 3468/7781/769 3421/7721/748 3426/7720/518 3472/7782/559
f 3472/7782/559 3426/7720/518 3419/7719/592 3466/7785/730
f 3429/7723/519 3477/7795/567 3481/7798/776 3432/7724/752
f 3432/7724/752 3481/7798/776 3486/7811/578 3436/7727/814
f 3436/7732/814 3486/7808/578 3479/7807/577 3430/7729/716
f 3478/7801/573 3467/7789/820 3475/7792/563 3483/7802/808
f 3483/7815/808 3475/7787/563 3471/7786/804 3487/7810/823
f 3487/7810/823 3471/7786/804 3466/7785/730 3479/7807/577
f 3441/7741/531 3465/7777/555 3469/7780/558 3444/7742/532
f 3444/7816/532 3469/7817/558 3474/7790/821 3448/7750/611
f 3448/7750/611 3474/7790/821 3467/7789/820 3442/7747/537
f 3477/7795/567 3453/7759/543 3457/7762/546 3480/7796/568
f 3480/7818/568 3457/7819/546 3462/7772/613 3484/7804/732
f 3484/7804/732 3462/7772/613 3455/7771/801 3478/7801/573
f 3454/7767/549 3443/7753/541 3451/7756/798 3459/7768/800
f 3459/7768/800 3451/7756/798 3447/7820/538 3463/7769/727
f 3463/7774/727 3447/7748/538 3442/7747/537 3455/7771/801
f 3393/7669/483 3441/7741/531 3445/7744/534 3396/7670/734
f 3396/7670/734 3445/7744/534 3450/7757/761 3400/7673/487
f 3400/7678/487 3450/7754/761 3443/7753/541 3394/7675/489
f 3453/7759/543 3406/7693/501 3412/7696/744 3456/7760/544
f 3456/7763/544 3412/7691/744 3408/7688/496 3460/7764/764
f 3460/7764/764 3408/7688/496 3405/7687/495 3454/7767/549
f 3417/7705/507 3465/7777/555 3441/7741/531 3393/7669/483
f 3395/7683/493 3407/7701/505 3431/7737/529 3418/7713/513
f 3443/7753/541 3454/7767/549 3405/7687/495 3394/7675/489
f 3477/7795/567 3429/7723/519 3406/7693/501 3453/7759/543
f 3419/7719/592 3430/7729/716 3479/7807/577 3466/7785/730
f 3467/7789/820 3478/7801/573 3455/7771/801 3442/7747/537
s 0
f 3489/7821/1 3490/7822/1 3492/7823/1 3491/7824/1
f 3491/7825/2 3492/7826/2 3496/7827/2 3495/7828/2
f 3495/7829/3 3496/7830/3 3494/7831/3 3493/7832/3
f 3493/7833/4 3494/7834/4 3490/7835/4 3489/7836/4
f 3491/7837/5 3495/7838/5 3493/7839/5 3489/7840/5
f 3496/7841/6 3492/7842/6 3490/7843/6 3494/7844/6
f 3497/7845/1 3498/7846/1 3500/7847/1 3499/7848/1
f 3499/7849/2 3500/7850/2 3504/7851/2 3503/7852/2
f 3503/7853/3 3504/7854/3 3502/7855/3 3501/7856/3
f 3501/7857/4 3502/7858/4 3498/7859/4 3497/7860/4
f 3499/7861/5 3503/7862/5 3501/7863/5 3497/7864/5
f 3504/7865/6 3500/7866/6 3498/7867/6 3502/7868/6
s 1
f 3505/7869/483 3508/7870/484 3510/7871/579 3509/7872/486
f 3508/7870/484 3512/7873/487 3513/7874/737 3510/7871/579
f 3506/7875/489 3511/7876/490 3513/7877/737 3512/7878/487
f 3511/7879/490 3515/7880/491 3516/7881/824 3513/7882/737
f 3507/7883/493 3514/7884/494 3516/7881/824 3515/7880/491
f 3514/7884/494 3509/7885/486 3510/7886/579 3516/7881/824
f 3510/7886/579 3513/7882/737 3516/7881/824
f 3517/7887/495 3520/7888/496 3522/7889/742 3521/7890/498
f 3520/7888/496 3524/7891/499 3525/7892/583 3522/7889/742
f 3518/7893/501 3523/7894/746 3525/7895/583 3524/7896/499
f 3523/7897/746 3527/7898/503 3528/7899/825 3525/7900/583
f 3519/7901/505 3526/7902/711 3528/7899/825 3527/7898/503
f 3526/7903/711 3521/7890/498 3522/7889/742 3528/7904/825
f 3522/7889/742 3525/7892/583 3528/7904/825
f 3529/7905/507 3532/7906/586 3534/7907/587 3533/7908/748
f 3532/7909/586 3536/7910/511 3537/7911/813 3534/7912/587
f 3530/7913/513 3535/7914/514 3537/7911/813 3536/7910/511
f 3535/7915/514 3539/7916/826 3540/7917/751 3537/7918/813
f 3531/7919/592 3538/7920/518 3540/7917/751 3539/7916/826
f 3538/7920/518 3533/7921/748 3534/7922/587 3540/7917/751
f 3534/7922/587 3537/7918/813 3540/7917/751
f 3541/7923/519 3544/7924/752 3546/7925/827 3545/7926/594
f 3544/7924/752 3548/7927/523 3549/7928/753 3546/7925/827
f 3542/7929/716 3547/7930/828 3549/7931/753 3548/7932/523
f 3547/7933/828 3551/7934/527 3552/7935/610 3549/7936/753
f 3543/7937/529 3550/7938/530 3552/7935/610 3551/7934/527
f 3550/7938/530 3545/7939/594 3546/7940/827 3552/7935/610
f 3546/7940/827 3549/7936/753 3552/7935/610
f 3553/7941/531 3556/7942/829 3558/7943/533 3557/7944/534
f 3556/7942/829 3560/7945/611 3561/7946/536 3558/7943/533
f 3554/7947/537 3559/7948/719 3561/7949/536 3560/7950/611
f 3559/7948/719 3563/7951/539 3564/7952/830 3561/7949/536
f 3555/7953/541 3562/7954/542 3564/7955/830 3563/7956/539
f 3562/7957/542 3557/7944/534 3558/7943/533 3564/7958/830
f 3558/7959/533 3561/7949/536 3564/7952/830
f 3565/7960/543 3568/7961/544 3570/7962/545 3569/7963/723
f 3568/7964/544 3572/7965/547 3573/7966/612 3570/7967/545
f 3566/7968/549 3571/7969/550 3573/7966/612 3572/7965/547
f 3571/7969/550 3575/7970/551 3576/7971/601 3573/7966/612
f 3567/7972/553 3574/7973/602 3576/7974/601 3575/7975/551
f 3574/7976/602 3569/7963/723 3570/7962/545 3576/7977/601
f 3570/7967/545 3573/7966/612 3576/7971/601
f 3577/7978/555 3580/7979/769 3582/7980/770 3581/7981/771
f 3580/7982/769 3584/7983/729 3585/7984/831 3582/7985/770
f 3578/7986/730 3583/7987/832 3585/7984/831 3584/7983/729
f 3583/7987/832 3587/7988/563 3588/7989/805 3585/7984/831
f 3579/7990/565 3586/7991/566 3588/7992/805 3587/7993/563
f 3586/7994/566 3581/7981/771 3582/7980/770 3588/7995/805
f 3582/7985/770 3585/7984/831 3588/7989/805
f 3589/7996/567 3592/7997/568 3594/7998/775 3593/7999/776
f 3592/7997/568 3596/8000/571 3597/8001/833 3594/7998/775
f 3590/8002/573 3595/8003/574 3597/8004/833 3596/8005/571
f 3595/8003/574 3599/8006/834 3600/8007/835 3597/8004/833
f 3591/8008/577 3598/8009/733 3600/8010/835 3599/8011/834
f 3598/8012/733 3593/7999/776 3594/7998/775 3600/8013/835
f 3594/8014/775 3597/8004/833 3600/8007/835
f 3529/7905/507 3505/7869/483 3509/7872/486 3532/7906/586
f 3532/7909/586 3509/7885/486 3514/7884/494 3536/7910/511
f 3536/7910/511 3514/7884/494 3507/7883/493 3530/7913/513
f 3506/7875/489 3517/7887/495 3521/7890/498 3511/7876/490
f 3511/7879/490 3521/8015/498 3526/7902/711 3515/7880/491
f 3515/7880/491 3526/7902/711 3519/7901/505 3507/7883/493
f 3518/7893/501 3541/7923/519 3545/7926/594 3523/7894/746
f 3523/7897/746 3545/7939/594 3550/7938/530 3527/7898/503
f 3527/7898/503 3550/7938/530 3543/7937/529 3519/7901/505
f 3542/7929/716 3531/7919/592 3539/7916/826 3547/7930/828
f 3547/7933/828 3539/8016/826 3535/7914/514 3551/7934/527
f 3551/7934/527 3535/7914/514 3530/7913/513 3543/7937/529
f 3577/7978/555 3529/7905/507 3533/7908/748 3580/7979/769
f 3580/7982/769 3533/7921/748 3538/7920/518 3584/7983/729
f 3584/7983/729 3538/7920/518 3531/7919/592 3578/7986/730
f 3541/7923/519 3589/7996/567 3593/7999/776 3544/7924/752
f 3544/7924/752 3593/7999/776 3598/8012/733 3548/7927/523
f 3548/7932/523 3598/8009/733 3591/8008/577 3542/7929/716
f 3590/8002/573 3579/7990/565 3587/7993/563 3595/8003/574
f 3595/8017/574 3587/7988/563 3583/7987/832 3599/8011/834
f 3599/8011/834 3583/7987/832 3578/7986/730 3591/8008/577
f 3553/7941/531 3577/7978/555 3581/7981/771 3556/7942/829
f 3556/7942/829 3581/7981/771 3586/7994/566 3560/7945/611
f 3560/7950/611 3586/7991/566 3579/7990/565 3554/7947/537
f 3589/7996/567 3565/7960/543 3569/7963/723 3592/7997/568
f 3592/7997/568 3569/7963/723 3574/7976/602 3596/8000/571
f 3596/8005/571 3574/7973/602 3567/7972/553 3590/8002/573
f 3566/7968/549 3555/7953/541 3563/7956/539 3571/7969/550
f 3571/7969/550 3563/7956/539 3559/8018/719 3575/7970/551
f 3575/7975/551 3559/7948/719 3554/7947/537 3567/7972/553
f 3505/7869/483 3553/7941/531 3557/7944/534 3508/7870/484
f 3508/7870/484 3557/7944/534 3562/7957/542 3512/7873/487
f 3512/7878/487 3562/7954/542 3555/7953/541 3506/7875/489
f 3565/7960/543 3518/7893/501 3524/7896/499 3568/7961/544
f 3568/7964/544 3524/7891/499 3520/7888/496 3572/7965/547
f 3572/7965/547 3520/7888/496 3517/7887/495 3566/7968/549
f 3529/7905/507 3577/7978/555 3553/7941/531 3505/7869/483
f 3507/7883/493 3519/7901/505 3543/7937/529 3530/7913/513
f 3555/7953/541 3566/7968/549 3517/7887/495 3506/7875/489
f 3589/7996/567 3541/7923/519 3518/7893/501 3565/7960/543
f 3531/7919/592 3542/7929/716 3591/8008/577 3578/7986/730
f 3579/7990/565 3590/8002/573 3567/7972/553 3554/7947/537
s 0
f 3601/8019/1 3602/8020/1 3604/8021/1 3603/8022/1
f 3603/8023/2 3604/8024/2 3608/8025/2 3607/8026/2
f 3607/8027/3 3608/8028/3 3606/8029/3 3605/8030/3
f 3605/8031/4 3606/8032/4 3602/8033/4 3601/8034/4
f 3603/8035/5 3607/8036/5 3605/8037/5 3601/8038/5
f 3608/8039/6 3604/8040/6 3602/8041/6 3606/8042/6
f 3609/8043/1 3610/8044/1 3612/8045/1 3611/8046/1
f 3611/8047/2 3612/8048/2 3616/8049/2 3615/8050/2
f 3615/8051/3 3616/8052/3 3614/8053/3 3613/8054/3
f 3613/8055/4 3614/8056/4 3610/8057/4 3609/8058/4
f 3611/8059/5 3615/8060/5 3613/8061/5 3609/8062/5
f 3616/8063/6 3612/8064/6 3610/8065/6 3614/8066/6
